event_id,user_id,session_id,ts,event_name,device,channel
e_000001,u_000001,s_e_000001,2026-06-29 19:02:53 UTC,signup_completed,web,organic
e_000002,u_000002,s_e_000002,2026-06-29 16:13:08 UTC,signup_completed,ios,organic
e_000003,u_000003,s_e_000003,2026-06-29 03:38:55 UTC,signup_completed,ios,organic
e_000004,u_000004,s_e_000004,2026-06-29 04:02:36 UTC,signup_completed,ios,organic
e_000005,u_000005,s_e_000005,2026-06-29 20:34:49 UTC,signup_completed,ios,organic
e_000006,u_000006,s_e_000006,2026-06-29 19:52:17 UTC,signup_completed,ios,organic
e_000007,u_000007,s_e_000007,2026-06-29 23:45:37 UTC,signup_completed,ios,organic
e_000008,u_000008,s_e_000008,2026-06-29 17:18:07 UTC,signup_completed,ios,organic
e_000009,u_000009,s_e_000009,2026-06-29 09:22:58 UTC,signup_completed,ios,organic
e_000010,u_000010,s_e_000010,2026-06-29 05:50:16 UTC,signup_completed,android,organic
e_000011,u_000011,s_e_000011,2026-06-29 07:28:53 UTC,signup_completed,web,organic
e_000012,u_000012,s_e_000012,2026-06-29 03:46:25 UTC,signup_completed,android,organic
e_000013,u_000013,s_e_000013,2026-06-29 20:08:23 UTC,signup_completed,ios,organic
e_000014,u_000014,s_e_000014,2026-06-29 22:48:30 UTC,signup_completed,web,organic
e_000015,u_000015,s_e_000015,2026-06-29 15:19:39 UTC,signup_completed,web,organic
e_000016,u_000016,s_e_000016,2026-06-29 07:45:29 UTC,signup_completed,web,organic
e_000017,u_000017,s_e_000017,2026-06-29 18:52:19 UTC,signup_completed,web,organic
e_000018,u_000018,s_e_000018,2026-06-29 20:53:50 UTC,signup_completed,android,organic
e_000019,u_000019,s_e_000019,2026-06-29 03:32:11 UTC,signup_completed,android,organic
e_000020,u_000020,s_e_000020,2026-06-29 21:58:03 UTC,signup_completed,android,organic
e_000021,u_000021,s_e_000021,2026-06-29 17:42:18 UTC,signup_completed,android,organic
e_000022,u_000022,s_e_000022,2026-06-29 22:35:47 UTC,signup_completed,android,organic
e_000023,u_000023,s_e_000023,2026-06-29 18:32:22 UTC,signup_completed,ios,organic
e_000024,u_000024,s_e_000024,2026-06-29 23:43:22 UTC,signup_completed,ios,organic
e_000025,u_000025,s_e_000025,2026-06-29 00:43:56 UTC,signup_completed,android,organic
e_000026,u_000026,s_e_000026,2026-06-29 07:15:34 UTC,signup_completed,android,organic
e_000027,u_000027,s_e_000027,2026-06-29 22:19:44 UTC,signup_completed,ios,organic
e_000028,u_000028,s_e_000028,2026-06-29 03:57:28 UTC,signup_completed,android,organic
e_000029,u_000029,s_e_000029,2026-06-29 04:32:11 UTC,signup_completed,android,organic
e_000030,u_000030,s_e_000030,2026-06-29 00:27:17 UTC,signup_completed,web,organic
e_000031,u_000031,s_e_000031,2026-06-29 06:20:31 UTC,signup_completed,android,organic
e_000032,u_000032,s_e_000032,2026-06-29 17:05:47 UTC,signup_completed,web,organic
e_000033,u_000033,s_e_000033,2026-06-29 03:58:54 UTC,signup_completed,android,organic
e_000034,u_000034,s_e_000034,2026-06-29 15:07:20 UTC,signup_completed,web,organic
e_000035,u_000035,s_e_000035,2026-06-29 11:04:17 UTC,signup_completed,ios,organic
e_000036,u_000036,s_e_000036,2026-06-29 23:09:03 UTC,signup_completed,ios,organic
e_000037,u_000037,s_e_000037,2026-06-29 21:24:55 UTC,signup_completed,android,organic
e_000038,u_000038,s_e_000038,2026-06-29 02:10:04 UTC,signup_completed,web,organic
e_000039,u_000039,s_e_000039,2026-06-29 07:33:10 UTC,signup_completed,ios,organic
e_000040,u_000040,s_e_000040,2026-06-29 00:56:06 UTC,signup_completed,web,organic
e_000041,u_000041,s_e_000041,2026-06-29 03:04:31 UTC,signup_completed,web,organic
e_000042,u_000042,s_e_000042,2026-06-29 02:45:18 UTC,signup_completed,ios,organic
e_000043,u_000043,s_e_000043,2026-06-29 05:34:09 UTC,signup_completed,web,paid_search
e_000044,u_000044,s_e_000044,2026-06-29 18:46:04 UTC,signup_completed,ios,paid_search
e_000045,u_000045,s_e_000045,2026-06-29 17:53:12 UTC,signup_completed,android,paid_search
e_000046,u_000046,s_e_000046,2026-06-29 01:40:50 UTC,signup_completed,ios,paid_search
e_000047,u_000047,s_e_000047,2026-06-29 03:32:08 UTC,signup_completed,ios,paid_search
e_000048,u_000048,s_e_000048,2026-06-29 16:19:52 UTC,signup_completed,ios,paid_search
e_000049,u_000049,s_e_000049,2026-06-29 02:32:50 UTC,signup_completed,ios,paid_search
e_000050,u_000050,s_e_000050,2026-06-29 03:27:03 UTC,signup_completed,android,paid_search
e_000051,u_000051,s_e_000051,2026-06-29 14:40:17 UTC,signup_completed,android,paid_search
e_000052,u_000052,s_e_000052,2026-06-29 09:08:51 UTC,signup_completed,web,paid_search
e_000053,u_000053,s_e_000053,2026-06-29 14:04:21 UTC,signup_completed,web,paid_search
e_000054,u_000054,s_e_000054,2026-06-29 15:36:28 UTC,signup_completed,web,paid_search
e_000055,u_000055,s_e_000055,2026-06-29 14:47:38 UTC,signup_completed,web,paid_search
e_000056,u_000056,s_e_000056,2026-06-29 20:25:56 UTC,signup_completed,android,paid_search
e_000057,u_000057,s_e_000057,2026-06-29 04:59:36 UTC,signup_completed,android,paid_search
e_000058,u_000058,s_e_000058,2026-06-29 13:52:42 UTC,signup_completed,ios,paid_search
e_000059,u_000059,s_e_000059,2026-06-29 08:39:29 UTC,signup_completed,web,paid_search
e_000060,u_000060,s_e_000060,2026-06-29 10:58:04 UTC,signup_completed,android,paid_search
e_000061,u_000061,s_e_000061,2026-06-29 22:45:07 UTC,signup_completed,android,paid_search
e_000062,u_000062,s_e_000062,2026-06-29 20:00:28 UTC,signup_completed,web,paid_search
e_000063,u_000063,s_e_000063,2026-06-29 08:07:37 UTC,signup_completed,web,paid_search
e_000064,u_000064,s_e_000064,2026-06-29 21:32:00 UTC,signup_completed,web,paid_search
e_000065,u_000065,s_e_000065,2026-06-29 12:28:55 UTC,signup_completed,ios,paid_search
e_000066,u_000066,s_e_000066,2026-06-29 18:25:21 UTC,signup_completed,android,paid_search
e_000067,u_000067,s_e_000067,2026-06-29 17:27:01 UTC,signup_completed,android,paid_search
e_000068,u_000068,s_e_000068,2026-06-29 23:29:31 UTC,signup_completed,android,paid_search
e_000069,u_000069,s_e_000069,2026-06-29 19:33:53 UTC,signup_completed,ios,paid_search
e_000070,u_000070,s_e_000070,2026-06-29 12:57:42 UTC,signup_completed,android,paid_search
e_000071,u_000071,s_e_000071,2026-06-29 16:08:43 UTC,signup_completed,web,push
e_000072,u_000072,s_e_000072,2026-06-29 04:43:44 UTC,signup_completed,web,push
e_000073,u_000073,s_e_000073,2026-06-29 16:42:55 UTC,signup_completed,android,push
e_000074,u_000074,s_e_000074,2026-06-29 03:21:35 UTC,signup_completed,ios,push
e_000075,u_000075,s_e_000075,2026-06-29 15:36:06 UTC,signup_completed,android,push
e_000076,u_000076,s_e_000076,2026-06-29 13:30:57 UTC,signup_completed,android,push
e_000077,u_000077,s_e_000077,2026-06-29 12:33:11 UTC,signup_completed,web,push
e_000078,u_000078,s_e_000078,2026-06-29 00:03:42 UTC,signup_completed,web,push
e_000079,u_000079,s_e_000079,2026-06-29 15:35:13 UTC,signup_completed,web,push
e_000080,u_000080,s_e_000080,2026-06-29 23:43:34 UTC,signup_completed,ios,push
e_000081,u_000081,s_e_000081,2026-06-29 19:11:52 UTC,signup_completed,android,push
e_000082,u_000082,s_e_000082,2026-06-29 10:44:46 UTC,signup_completed,android,push
e_000083,u_000083,s_e_000083,2026-06-29 13:29:34 UTC,signup_completed,web,push
e_000084,u_000084,s_e_000084,2026-06-29 22:09:05 UTC,signup_completed,android,push
e_000085,u_000085,s_e_000085,2026-06-29 00:34:56 UTC,signup_completed,web,push
e_000086,u_000086,s_e_000086,2026-06-29 19:03:00 UTC,signup_completed,android,push
e_000087,u_000087,s_e_000087,2026-06-29 06:14:59 UTC,signup_completed,android,push
e_000088,u_000088,s_e_000088,2026-06-29 17:49:19 UTC,signup_completed,ios,push
e_000089,u_000089,s_e_000089,2026-06-29 18:07:52 UTC,signup_completed,web,push
e_000090,u_000090,s_e_000090,2026-06-29 01:49:08 UTC,signup_completed,web,push
e_000091,u_000091,s_e_000091,2026-06-29 15:00:47 UTC,signup_completed,ios,push
e_000092,u_000092,s_e_000092,2026-06-29 17:44:36 UTC,signup_completed,android,push
e_000093,u_000093,s_e_000093,2026-06-29 17:10:48 UTC,signup_completed,ios,push
e_000094,u_000094,s_e_000094,2026-06-29 23:32:39 UTC,signup_completed,ios,push
e_000095,u_000095,s_e_000095,2026-06-29 07:10:50 UTC,signup_completed,ios,push
e_000096,u_000096,s_e_000096,2026-06-29 07:05:32 UTC,signup_completed,android,push
e_000097,u_000097,s_e_000097,2026-06-29 21:04:35 UTC,signup_completed,ios,push
e_000098,u_000098,s_e_000098,2026-06-29 15:47:39 UTC,signup_completed,android,push
e_000099,u_000099,s_e_000099,2026-06-29 04:01:00 UTC,signup_completed,android,email
e_000100,u_000100,s_e_000100,2026-06-29 19:30:39 UTC,signup_completed,ios,email
e_000101,u_000101,s_e_000101,2026-06-29 19:45:05 UTC,signup_completed,ios,email
e_000102,u_000102,s_e_000102,2026-06-29 04:23:51 UTC,signup_completed,ios,email
e_000103,u_000103,s_e_000103,2026-06-29 15:25:20 UTC,signup_completed,ios,email
e_000104,u_000104,s_e_000104,2026-06-29 19:00:38 UTC,signup_completed,android,email
e_000105,u_000105,s_e_000105,2026-06-29 18:14:44 UTC,signup_completed,android,email
e_000106,u_000106,s_e_000106,2026-06-29 00:31:08 UTC,signup_completed,ios,email
e_000107,u_000107,s_e_000107,2026-06-29 14:58:55 UTC,signup_completed,ios,email
e_000108,u_000108,s_e_000108,2026-06-29 01:09:00 UTC,signup_completed,web,email
e_000109,u_000109,s_e_000109,2026-06-29 05:57:33 UTC,signup_completed,ios,email
e_000110,u_000110,s_e_000110,2026-06-29 05:24:52 UTC,signup_completed,ios,email
e_000111,u_000111,s_e_000111,2026-06-29 07:29:48 UTC,signup_completed,android,email
e_000112,u_000112,s_e_000112,2026-06-29 05:19:28 UTC,signup_completed,ios,email
e_000113,u_000113,s_e_000113,2026-06-29 23:51:44 UTC,signup_completed,android,email
e_000114,u_000114,s_e_000114,2026-06-29 04:49:33 UTC,signup_completed,web,email
e_000115,u_000115,s_e_000115,2026-06-29 23:02:24 UTC,signup_completed,android,email
e_000116,u_000116,s_e_000116,2026-06-29 17:05:40 UTC,signup_completed,ios,email
e_000117,u_000117,s_e_000117,2026-06-29 22:04:55 UTC,signup_completed,web,email
e_000118,u_000118,s_e_000118,2026-06-29 01:54:37 UTC,signup_completed,web,email
e_000119,u_000119,s_e_000119,2026-06-29 20:16:04 UTC,signup_completed,ios,email
e_000120,u_000120,s_e_000120,2026-06-29 22:42:13 UTC,signup_completed,ios,referral
e_000121,u_000121,s_e_000121,2026-06-29 23:04:12 UTC,signup_completed,ios,referral
e_000122,u_000122,s_e_000122,2026-06-29 05:42:43 UTC,signup_completed,web,referral
e_000123,u_000123,s_e_000123,2026-06-29 01:03:36 UTC,signup_completed,web,referral
e_000124,u_000124,s_e_000124,2026-06-29 09:13:27 UTC,signup_completed,web,referral
e_000125,u_000125,s_e_000125,2026-06-29 14:32:32 UTC,signup_completed,ios,referral
e_000126,u_000126,s_e_000126,2026-06-29 03:22:53 UTC,signup_completed,android,referral
e_000127,u_000127,s_e_000127,2026-06-29 20:04:25 UTC,signup_completed,ios,referral
e_000128,u_000128,s_e_000128,2026-06-29 02:33:12 UTC,signup_completed,web,referral
e_000129,u_000129,s_e_000129,2026-06-29 05:04:01 UTC,signup_completed,android,referral
e_000130,u_000130,s_e_000130,2026-06-29 15:36:51 UTC,signup_completed,web,referral
e_000131,u_000131,s_e_000131,2026-06-29 03:06:32 UTC,signup_completed,ios,referral
e_000132,u_000132,s_e_000132,2026-06-29 22:53:13 UTC,signup_completed,ios,referral
e_000133,u_000133,s_e_000133,2026-06-29 04:07:32 UTC,signup_completed,android,referral
e_000134,u_000134,s_e_000134,2026-06-29 02:43:56 UTC,signup_completed,web,referral
e_000135,u_000135,s_e_000135,2026-06-29 23:34:16 UTC,signup_completed,ios,referral
e_000136,u_000136,s_e_000136,2026-06-29 23:17:45 UTC,signup_completed,ios,referral
e_000137,u_000137,s_e_000137,2026-06-29 09:20:42 UTC,signup_completed,ios,referral
e_000138,u_000138,s_e_000138,2026-06-29 19:55:32 UTC,signup_completed,android,referral
e_000139,u_000139,s_e_000139,2026-06-29 13:45:09 UTC,signup_completed,web,referral
e_000140,u_000140,s_e_000140,2026-06-29 16:26:10 UTC,signup_completed,ios,referral
e_000141,u_000141,s_e_000141,2026-06-30 10:52:05 UTC,signup_completed,web,organic
e_000142,u_000142,s_e_000142,2026-06-30 06:02:45 UTC,signup_completed,android,organic
e_000143,u_000143,s_e_000143,2026-06-30 10:03:20 UTC,signup_completed,ios,organic
e_000144,u_000144,s_e_000144,2026-06-30 09:02:13 UTC,signup_completed,web,organic
e_000145,u_000145,s_e_000145,2026-06-30 19:05:05 UTC,signup_completed,android,organic
e_000146,u_000146,s_e_000146,2026-06-30 15:05:36 UTC,signup_completed,web,organic
e_000147,u_000147,s_e_000147,2026-06-30 02:53:06 UTC,signup_completed,web,organic
e_000148,u_000148,s_e_000148,2026-06-30 20:44:45 UTC,signup_completed,web,organic
e_000149,u_000149,s_e_000149,2026-06-30 13:36:21 UTC,signup_completed,web,organic
e_000150,u_000150,s_e_000150,2026-06-30 07:15:37 UTC,signup_completed,web,organic
e_000151,u_000151,s_e_000151,2026-06-30 15:12:53 UTC,signup_completed,android,organic
e_000152,u_000152,s_e_000152,2026-06-30 00:53:00 UTC,signup_completed,android,organic
e_000153,u_000153,s_e_000153,2026-06-30 08:39:54 UTC,signup_completed,android,organic
e_000154,u_000154,s_e_000154,2026-06-30 21:51:48 UTC,signup_completed,ios,organic
e_000155,u_000155,s_e_000155,2026-06-30 20:35:12 UTC,signup_completed,android,organic
e_000156,u_000156,s_e_000156,2026-06-30 18:56:13 UTC,signup_completed,web,organic
e_000157,u_000157,s_e_000157,2026-06-30 23:08:37 UTC,signup_completed,web,organic
e_000158,u_000158,s_e_000158,2026-06-30 19:10:01 UTC,signup_completed,ios,organic
e_000159,u_000159,s_e_000159,2026-06-30 02:10:40 UTC,signup_completed,android,organic
e_000160,u_000160,s_e_000160,2026-06-30 11:26:13 UTC,signup_completed,web,organic
e_000161,u_000161,s_e_000161,2026-06-30 14:30:50 UTC,signup_completed,web,organic
e_000162,u_000162,s_e_000162,2026-06-30 12:12:37 UTC,signup_completed,android,organic
e_000163,u_000163,s_e_000163,2026-06-30 14:55:36 UTC,signup_completed,web,organic
e_000164,u_000164,s_e_000164,2026-06-30 13:54:41 UTC,signup_completed,web,organic
e_000165,u_000165,s_e_000165,2026-06-30 18:58:34 UTC,signup_completed,ios,organic
e_000166,u_000166,s_e_000166,2026-06-30 02:27:14 UTC,signup_completed,ios,organic
e_000167,u_000167,s_e_000167,2026-06-30 08:08:21 UTC,signup_completed,ios,organic
e_000168,u_000168,s_e_000168,2026-06-30 15:03:36 UTC,signup_completed,web,organic
e_000169,u_000169,s_e_000169,2026-06-30 08:04:44 UTC,signup_completed,web,organic
e_000170,u_000170,s_e_000170,2026-06-30 08:30:07 UTC,signup_completed,web,organic
e_000171,u_000171,s_e_000171,2026-06-30 17:01:01 UTC,signup_completed,android,organic
e_000172,u_000172,s_e_000172,2026-06-30 17:20:58 UTC,signup_completed,ios,organic
e_000173,u_000173,s_e_000173,2026-06-30 20:46:00 UTC,signup_completed,web,organic
e_000174,u_000174,s_e_000174,2026-06-30 15:30:36 UTC,signup_completed,android,organic
e_000175,u_000175,s_e_000175,2026-06-30 19:15:21 UTC,signup_completed,web,organic
e_000176,u_000176,s_e_000176,2026-06-30 23:16:11 UTC,signup_completed,ios,organic
e_000177,u_000177,s_e_000177,2026-06-30 04:33:47 UTC,signup_completed,android,organic
e_000178,u_000178,s_e_000178,2026-06-30 15:08:26 UTC,signup_completed,ios,organic
e_000179,u_000179,s_e_000179,2026-06-30 19:04:54 UTC,signup_completed,web,organic
e_000180,u_000180,s_e_000180,2026-06-30 18:25:46 UTC,signup_completed,android,organic
e_000181,u_000181,s_e_000181,2026-06-30 09:38:05 UTC,signup_completed,web,paid_search
e_000182,u_000182,s_e_000182,2026-06-30 17:24:46 UTC,signup_completed,web,paid_search
e_000183,u_000183,s_e_000183,2026-06-30 10:57:07 UTC,signup_completed,ios,paid_search
e_000184,u_000184,s_e_000184,2026-06-30 19:13:37 UTC,signup_completed,ios,paid_search
e_000185,u_000185,s_e_000185,2026-06-30 14:55:06 UTC,signup_completed,android,paid_search
e_000186,u_000186,s_e_000186,2026-06-30 08:56:01 UTC,signup_completed,web,paid_search
e_000187,u_000187,s_e_000187,2026-06-30 05:54:00 UTC,signup_completed,ios,paid_search
e_000188,u_000188,s_e_000188,2026-06-30 22:52:23 UTC,signup_completed,ios,paid_search
e_000189,u_000189,s_e_000189,2026-06-30 09:11:37 UTC,signup_completed,android,paid_search
e_000190,u_000190,s_e_000190,2026-06-30 05:33:39 UTC,signup_completed,web,paid_search
e_000191,u_000191,s_e_000191,2026-06-30 22:43:54 UTC,signup_completed,android,paid_search
e_000192,u_000192,s_e_000192,2026-06-30 14:15:13 UTC,signup_completed,web,paid_search
e_000193,u_000193,s_e_000193,2026-06-30 01:07:00 UTC,signup_completed,web,paid_search
e_000194,u_000194,s_e_000194,2026-06-30 23:55:55 UTC,signup_completed,web,paid_search
e_000195,u_000195,s_e_000195,2026-06-30 18:50:25 UTC,signup_completed,web,paid_search
e_000196,u_000196,s_e_000196,2026-06-30 05:24:08 UTC,signup_completed,android,paid_search
e_000197,u_000197,s_e_000197,2026-06-30 07:09:57 UTC,signup_completed,web,paid_search
e_000198,u_000198,s_e_000198,2026-06-30 08:32:10 UTC,signup_completed,ios,paid_search
e_000199,u_000199,s_e_000199,2026-06-30 12:59:41 UTC,signup_completed,ios,paid_search
e_000200,u_000200,s_e_000200,2026-06-30 11:03:54 UTC,signup_completed,web,paid_search
e_000201,u_000201,s_e_000201,2026-06-30 11:54:57 UTC,signup_completed,android,paid_search
e_000202,u_000202,s_e_000202,2026-06-30 12:08:51 UTC,signup_completed,ios,paid_search
e_000203,u_000203,s_e_000203,2026-06-30 11:13:14 UTC,signup_completed,web,paid_search
e_000204,u_000204,s_e_000204,2026-06-30 18:46:34 UTC,signup_completed,ios,paid_search
e_000205,u_000205,s_e_000205,2026-06-30 05:54:45 UTC,signup_completed,ios,paid_search
e_000206,u_000206,s_e_000206,2026-06-30 10:17:17 UTC,signup_completed,web,paid_search
e_000207,u_000207,s_e_000207,2026-06-30 09:11:28 UTC,signup_completed,web,paid_search
e_000208,u_000208,s_e_000208,2026-06-30 07:49:51 UTC,signup_completed,android,push
e_000209,u_000209,s_e_000209,2026-06-30 02:17:23 UTC,signup_completed,android,push
e_000210,u_000210,s_e_000210,2026-06-30 12:50:37 UTC,signup_completed,ios,push
e_000211,u_000211,s_e_000211,2026-06-30 21:24:57 UTC,signup_completed,web,push
e_000212,u_000212,s_e_000212,2026-06-30 16:35:53 UTC,signup_completed,android,push
e_000213,u_000213,s_e_000213,2026-06-30 14:54:19 UTC,signup_completed,web,push
e_000214,u_000214,s_e_000214,2026-06-30 04:57:44 UTC,signup_completed,web,push
e_000215,u_000215,s_e_000215,2026-06-30 00:15:02 UTC,signup_completed,web,push
e_000216,u_000216,s_e_000216,2026-06-30 05:08:22 UTC,signup_completed,ios,email
e_000217,u_000217,s_e_000217,2026-06-30 02:37:24 UTC,signup_completed,android,email
e_000218,u_000218,s_e_000218,2026-06-30 23:10:41 UTC,signup_completed,web,email
e_000219,u_000219,s_e_000219,2026-06-30 17:35:54 UTC,signup_completed,web,email
e_000220,u_000220,s_e_000220,2026-06-30 13:07:20 UTC,signup_completed,android,email
e_000221,u_000221,s_e_000221,2026-06-30 19:23:36 UTC,signup_completed,android,email
e_000222,u_000222,s_e_000222,2026-06-30 10:51:39 UTC,signup_completed,android,email
e_000223,u_000223,s_e_000223,2026-06-30 19:36:22 UTC,signup_completed,android,referral
e_000224,u_000224,s_e_000224,2026-06-30 07:45:42 UTC,signup_completed,ios,referral
e_000225,u_000225,s_e_000225,2026-06-30 14:09:37 UTC,signup_completed,ios,referral
e_000226,u_000226,s_e_000226,2026-06-30 06:07:05 UTC,signup_completed,web,referral
e_000227,u_000227,s_e_000227,2026-06-30 14:44:50 UTC,signup_completed,android,referral
e_000228,u_000228,s_e_000228,2026-06-30 19:45:36 UTC,signup_completed,android,referral
e_000229,u_000229,s_e_000229,2026-06-30 20:23:43 UTC,signup_completed,web,referral
e_000230,u_000230,s_e_000230,2026-06-30 12:45:44 UTC,signup_completed,android,referral
e_000231,u_000231,s_e_000231,2026-06-30 11:24:14 UTC,signup_completed,web,referral
e_000232,u_000232,s_e_000232,2026-06-30 04:41:14 UTC,signup_completed,android,referral
e_000233,u_000233,s_e_000233,2026-06-30 18:50:52 UTC,signup_completed,ios,referral
e_000234,u_000234,s_e_000234,2026-06-30 15:37:10 UTC,signup_completed,web,referral
e_000235,u_000235,s_e_000235,2026-06-30 16:02:42 UTC,signup_completed,web,referral
e_000236,u_000236,s_e_000236,2026-06-30 18:43:49 UTC,signup_completed,android,referral
e_000237,u_000237,s_e_000237,2026-06-30 05:54:02 UTC,signup_completed,ios,referral
e_000238,u_000238,s_e_000238,2026-06-30 01:58:43 UTC,signup_completed,android,referral
e_000239,u_000239,s_e_000239,2026-06-30 06:38:53 UTC,signup_completed,ios,referral
e_000240,u_000240,s_e_000240,2026-06-30 06:20:46 UTC,signup_completed,android,referral
e_000241,u_000241,s_e_000241,2026-06-30 05:47:39 UTC,signup_completed,ios,referral
e_000242,u_000242,s_e_000242,2026-06-30 21:18:44 UTC,signup_completed,ios,referral
e_000243,u_000243,s_e_000243,2026-07-01 08:44:11 UTC,signup_completed,web,organic
e_000244,u_000244,s_e_000244,2026-07-01 00:37:46 UTC,signup_completed,android,organic
e_000245,u_000245,s_e_000245,2026-07-01 05:27:35 UTC,signup_completed,android,organic
e_000246,u_000246,s_e_000246,2026-07-01 03:31:13 UTC,signup_completed,android,organic
e_000247,u_000247,s_e_000247,2026-07-01 03:57:19 UTC,signup_completed,android,organic
e_000248,u_000248,s_e_000248,2026-07-01 10:05:33 UTC,signup_completed,android,organic
e_000249,u_000249,s_e_000249,2026-07-01 00:25:17 UTC,signup_completed,web,organic
e_000250,u_000250,s_e_000250,2026-07-01 03:39:25 UTC,signup_completed,android,organic
e_000251,u_000251,s_e_000251,2026-07-01 15:02:59 UTC,signup_completed,android,organic
e_000252,u_000252,s_e_000252,2026-07-01 04:13:45 UTC,signup_completed,web,organic
e_000253,u_000253,s_e_000253,2026-07-01 10:02:54 UTC,signup_completed,android,organic
e_000254,u_000254,s_e_000254,2026-07-01 01:26:03 UTC,signup_completed,ios,organic
e_000255,u_000255,s_e_000255,2026-07-01 08:46:28 UTC,signup_completed,web,organic
e_000256,u_000256,s_e_000256,2026-07-01 00:22:18 UTC,signup_completed,web,organic
e_000257,u_000257,s_e_000257,2026-07-01 15:18:45 UTC,signup_completed,web,organic
e_000258,u_000258,s_e_000258,2026-07-01 13:03:12 UTC,signup_completed,android,organic
e_000259,u_000259,s_e_000259,2026-07-01 03:19:01 UTC,signup_completed,web,organic
e_000260,u_000260,s_e_000260,2026-07-01 07:53:54 UTC,signup_completed,ios,organic
e_000261,u_000261,s_e_000261,2026-07-01 11:23:42 UTC,signup_completed,web,organic
e_000262,u_000262,s_e_000262,2026-07-01 21:11:08 UTC,signup_completed,android,organic
e_000263,u_000263,s_e_000263,2026-07-01 17:40:04 UTC,signup_completed,web,organic
e_000264,u_000264,s_e_000264,2026-07-01 20:32:16 UTC,signup_completed,ios,organic
e_000265,u_000265,s_e_000265,2026-07-01 02:51:37 UTC,signup_completed,android,organic
e_000266,u_000266,s_e_000266,2026-07-01 22:04:22 UTC,signup_completed,android,organic
e_000267,u_000267,s_e_000267,2026-07-01 01:22:25 UTC,signup_completed,android,organic
e_000268,u_000268,s_e_000268,2026-07-01 14:24:37 UTC,signup_completed,web,organic
e_000269,u_000269,s_e_000269,2026-07-01 09:12:32 UTC,signup_completed,ios,organic
e_000270,u_000270,s_e_000270,2026-07-01 12:48:34 UTC,signup_completed,web,organic
e_000271,u_000271,s_e_000271,2026-07-01 04:45:07 UTC,signup_completed,android,organic
e_000272,u_000272,s_e_000272,2026-07-01 20:26:13 UTC,signup_completed,android,organic
e_000273,u_000273,s_e_000273,2026-07-01 12:03:28 UTC,signup_completed,web,organic
e_000274,u_000274,s_e_000274,2026-07-01 05:34:12 UTC,signup_completed,android,organic
e_000275,u_000275,s_e_000275,2026-07-01 10:40:31 UTC,signup_completed,android,organic
e_000276,u_000276,s_e_000276,2026-07-01 08:23:04 UTC,signup_completed,web,organic
e_000277,u_000277,s_e_000277,2026-07-01 15:56:41 UTC,signup_completed,web,organic
e_000278,u_000278,s_e_000278,2026-07-01 12:29:39 UTC,signup_completed,android,organic
e_000279,u_000279,s_e_000279,2026-07-01 04:41:57 UTC,signup_completed,android,organic
e_000280,u_000280,s_e_000280,2026-07-01 03:53:03 UTC,signup_completed,web,organic
e_000281,u_000281,s_e_000281,2026-07-01 23:54:51 UTC,signup_completed,web,organic
e_000282,u_000282,s_e_000282,2026-07-01 21:49:56 UTC,signup_completed,ios,organic
e_000283,u_000283,s_e_000283,2026-07-01 10:34:38 UTC,signup_completed,web,organic
e_000284,u_000284,s_e_000284,2026-07-01 08:49:54 UTC,signup_completed,web,organic
e_000285,u_000285,s_e_000285,2026-07-01 19:29:32 UTC,signup_completed,ios,paid_search
e_000286,u_000286,s_e_000286,2026-07-01 18:33:10 UTC,signup_completed,ios,paid_search
e_000287,u_000287,s_e_000287,2026-07-01 10:30:03 UTC,signup_completed,ios,paid_search
e_000288,u_000288,s_e_000288,2026-07-01 17:43:58 UTC,signup_completed,ios,paid_search
e_000289,u_000289,s_e_000289,2026-07-01 01:22:17 UTC,signup_completed,ios,paid_search
e_000290,u_000290,s_e_000290,2026-07-01 22:57:52 UTC,signup_completed,web,paid_search
e_000291,u_000291,s_e_000291,2026-07-01 02:45:04 UTC,signup_completed,ios,paid_search
e_000292,u_000292,s_e_000292,2026-07-01 01:48:48 UTC,signup_completed,android,paid_search
e_000293,u_000293,s_e_000293,2026-07-01 18:38:01 UTC,signup_completed,ios,paid_search
e_000294,u_000294,s_e_000294,2026-07-01 07:50:50 UTC,signup_completed,android,paid_search
e_000295,u_000295,s_e_000295,2026-07-01 19:10:44 UTC,signup_completed,android,paid_search
e_000296,u_000296,s_e_000296,2026-07-01 04:11:06 UTC,signup_completed,web,paid_search
e_000297,u_000297,s_e_000297,2026-07-01 19:02:11 UTC,signup_completed,ios,paid_search
e_000298,u_000298,s_e_000298,2026-07-01 13:45:28 UTC,signup_completed,ios,paid_search
e_000299,u_000299,s_e_000299,2026-07-01 06:45:11 UTC,signup_completed,ios,paid_search
e_000300,u_000300,s_e_000300,2026-07-01 04:10:24 UTC,signup_completed,ios,paid_search
e_000301,u_000301,s_e_000301,2026-07-01 20:05:08 UTC,signup_completed,android,paid_search
e_000302,u_000302,s_e_000302,2026-07-01 15:14:12 UTC,signup_completed,android,paid_search
e_000303,u_000303,s_e_000303,2026-07-01 00:37:00 UTC,signup_completed,android,paid_search
e_000304,u_000304,s_e_000304,2026-07-01 09:36:51 UTC,signup_completed,ios,paid_search
e_000305,u_000305,s_e_000305,2026-07-01 19:46:49 UTC,signup_completed,android,paid_search
e_000306,u_000306,s_e_000306,2026-07-01 13:38:13 UTC,signup_completed,web,paid_search
e_000307,u_000307,s_e_000307,2026-07-01 15:11:42 UTC,signup_completed,android,paid_search
e_000308,u_000308,s_e_000308,2026-07-01 08:30:09 UTC,signup_completed,android,paid_search
e_000309,u_000309,s_e_000309,2026-07-01 23:24:02 UTC,signup_completed,web,paid_search
e_000310,u_000310,s_e_000310,2026-07-01 16:53:10 UTC,signup_completed,web,paid_search
e_000311,u_000311,s_e_000311,2026-07-01 01:10:49 UTC,signup_completed,android,paid_search
e_000312,u_000312,s_e_000312,2026-07-01 18:40:59 UTC,signup_completed,web,paid_search
e_000313,u_000313,s_e_000313,2026-07-01 19:34:38 UTC,signup_completed,android,push
e_000314,u_000314,s_e_000314,2026-07-01 12:57:50 UTC,signup_completed,android,push
e_000315,u_000315,s_e_000315,2026-07-01 20:28:14 UTC,signup_completed,android,push
e_000316,u_000316,s_e_000316,2026-07-01 04:09:12 UTC,signup_completed,android,push
e_000317,u_000317,s_e_000317,2026-07-01 09:22:54 UTC,signup_completed,web,push
e_000318,u_000318,s_e_000318,2026-07-01 13:18:58 UTC,signup_completed,ios,push
e_000319,u_000319,s_e_000319,2026-07-01 23:20:47 UTC,signup_completed,web,push
e_000320,u_000320,s_e_000320,2026-07-01 17:02:24 UTC,signup_completed,android,push
e_000321,u_000321,s_e_000321,2026-07-01 00:18:14 UTC,signup_completed,web,push
e_000322,u_000322,s_e_000322,2026-07-01 16:17:41 UTC,signup_completed,web,push
e_000323,u_000323,s_e_000323,2026-07-01 04:24:39 UTC,signup_completed,android,push
e_000324,u_000324,s_e_000324,2026-07-01 18:57:57 UTC,signup_completed,web,push
e_000325,u_000325,s_e_000325,2026-07-01 20:34:36 UTC,signup_completed,web,push
e_000326,u_000326,s_e_000326,2026-07-01 11:10:55 UTC,signup_completed,web,push
e_000327,u_000327,s_e_000327,2026-07-01 08:40:13 UTC,signup_completed,android,push
e_000328,u_000328,s_e_000328,2026-07-01 21:58:20 UTC,signup_completed,ios,push
e_000329,u_000329,s_e_000329,2026-07-01 07:40:12 UTC,signup_completed,android,push
e_000330,u_000330,s_e_000330,2026-07-01 12:02:33 UTC,signup_completed,android,push
e_000331,u_000331,s_e_000331,2026-07-01 21:02:45 UTC,signup_completed,web,push
e_000332,u_000332,s_e_000332,2026-07-01 17:58:16 UTC,signup_completed,android,push
e_000333,u_000333,s_e_000333,2026-07-01 21:16:08 UTC,signup_completed,ios,push
e_000334,u_000334,s_e_000334,2026-07-01 17:56:12 UTC,signup_completed,web,push
e_000335,u_000335,s_e_000335,2026-07-01 07:20:30 UTC,signup_completed,web,push
e_000336,u_000336,s_e_000336,2026-07-01 22:59:21 UTC,signup_completed,web,push
e_000337,u_000337,s_e_000337,2026-07-01 15:47:09 UTC,signup_completed,ios,push
e_000338,u_000338,s_e_000338,2026-07-01 08:14:09 UTC,signup_completed,ios,push
e_000339,u_000339,s_e_000339,2026-07-01 20:31:03 UTC,signup_completed,android,push
e_000340,u_000340,s_e_000340,2026-07-01 12:21:01 UTC,signup_completed,web,push
e_000341,u_000341,s_e_000341,2026-07-01 05:29:32 UTC,signup_completed,ios,email
e_000342,u_000342,s_e_000342,2026-07-01 02:07:49 UTC,signup_completed,android,email
e_000343,u_000343,s_e_000343,2026-07-01 04:00:46 UTC,signup_completed,web,email
e_000344,u_000344,s_e_000344,2026-07-01 21:23:46 UTC,signup_completed,ios,email
e_000345,u_000345,s_e_000345,2026-07-01 15:38:44 UTC,signup_completed,ios,email
e_000346,u_000346,s_e_000346,2026-07-01 03:46:30 UTC,signup_completed,android,email
e_000347,u_000347,s_e_000347,2026-07-01 10:47:53 UTC,signup_completed,ios,email
e_000348,u_000348,s_e_000348,2026-07-01 10:29:12 UTC,signup_completed,android,email
e_000349,u_000349,s_e_000349,2026-07-01 19:09:29 UTC,signup_completed,ios,email
e_000350,u_000350,s_e_000350,2026-07-01 04:57:19 UTC,signup_completed,ios,email
e_000351,u_000351,s_e_000351,2026-07-01 03:49:01 UTC,signup_completed,ios,email
e_000352,u_000352,s_e_000352,2026-07-01 16:25:22 UTC,signup_completed,web,email
e_000353,u_000353,s_e_000353,2026-07-01 22:58:00 UTC,signup_completed,ios,email
e_000354,u_000354,s_e_000354,2026-07-01 13:30:33 UTC,signup_completed,ios,email
e_000355,u_000355,s_e_000355,2026-07-01 12:43:07 UTC,signup_completed,ios,email
e_000356,u_000356,s_e_000356,2026-07-01 10:54:24 UTC,signup_completed,ios,email
e_000357,u_000357,s_e_000357,2026-07-01 02:24:22 UTC,signup_completed,ios,email
e_000358,u_000358,s_e_000358,2026-07-01 04:13:07 UTC,signup_completed,ios,email
e_000359,u_000359,s_e_000359,2026-07-01 13:18:24 UTC,signup_completed,web,email
e_000360,u_000360,s_e_000360,2026-07-01 16:41:40 UTC,signup_completed,web,email
e_000361,u_000361,s_e_000361,2026-07-01 07:37:50 UTC,signup_completed,ios,email
e_000362,u_000362,s_e_000362,2026-07-01 23:00:51 UTC,signup_completed,ios,referral
e_000363,u_000363,s_e_000363,2026-07-01 19:22:06 UTC,signup_completed,android,referral
e_000364,u_000364,s_e_000364,2026-07-01 11:32:38 UTC,signup_completed,ios,referral
e_000365,u_000365,s_e_000365,2026-07-01 05:21:04 UTC,signup_completed,android,referral
e_000366,u_000366,s_e_000366,2026-07-01 21:10:05 UTC,signup_completed,web,referral
e_000367,u_000367,s_e_000367,2026-07-01 04:20:41 UTC,signup_completed,web,referral
e_000368,u_000368,s_e_000368,2026-07-01 23:31:38 UTC,signup_completed,web,referral
e_000369,u_000369,s_e_000369,2026-07-01 06:04:52 UTC,signup_completed,android,referral
e_000370,u_000370,s_e_000370,2026-07-01 13:27:00 UTC,signup_completed,ios,referral
e_000371,u_000371,s_e_000371,2026-07-01 17:50:45 UTC,signup_completed,android,referral
e_000372,u_000372,s_e_000372,2026-07-01 22:27:34 UTC,signup_completed,web,referral
e_000373,u_000373,s_e_000373,2026-07-01 04:26:22 UTC,signup_completed,web,referral
e_000374,u_000374,s_e_000374,2026-07-01 14:55:32 UTC,signup_completed,ios,referral
e_000375,u_000375,s_e_000375,2026-07-01 03:14:15 UTC,signup_completed,android,referral
e_000376,u_000376,s_e_000376,2026-07-01 16:53:22 UTC,signup_completed,android,referral
e_000377,u_000377,s_e_000377,2026-07-01 04:20:20 UTC,signup_completed,android,referral
e_000378,u_000378,s_e_000378,2026-07-01 03:04:07 UTC,signup_completed,android,referral
e_000379,u_000379,s_e_000379,2026-07-01 09:22:51 UTC,signup_completed,ios,referral
e_000380,u_000380,s_e_000380,2026-07-01 13:06:36 UTC,signup_completed,ios,referral
e_000381,u_000381,s_e_000381,2026-07-01 05:14:15 UTC,signup_completed,android,referral
e_000382,u_000382,s_e_000382,2026-07-01 00:48:49 UTC,signup_completed,web,referral
e_000383,u_000383,s_e_000383,2026-07-02 00:13:44 UTC,signup_completed,web,organic
e_000384,u_000384,s_e_000384,2026-07-02 01:52:39 UTC,signup_completed,android,organic
e_000385,u_000385,s_e_000385,2026-07-02 05:06:59 UTC,signup_completed,android,organic
e_000386,u_000386,s_e_000386,2026-07-02 11:32:31 UTC,signup_completed,ios,organic
e_000387,u_000387,s_e_000387,2026-07-02 23:07:26 UTC,signup_completed,android,organic
e_000388,u_000388,s_e_000388,2026-07-02 21:58:19 UTC,signup_completed,android,organic
e_000389,u_000389,s_e_000389,2026-07-02 18:30:54 UTC,signup_completed,web,organic
e_000390,u_000390,s_e_000390,2026-07-02 03:46:31 UTC,signup_completed,web,organic
e_000391,u_000391,s_e_000391,2026-07-02 22:43:04 UTC,signup_completed,android,organic
e_000392,u_000392,s_e_000392,2026-07-02 07:44:30 UTC,signup_completed,web,organic
e_000393,u_000393,s_e_000393,2026-07-02 08:21:48 UTC,signup_completed,ios,organic
e_000394,u_000394,s_e_000394,2026-07-02 05:40:36 UTC,signup_completed,ios,organic
e_000395,u_000395,s_e_000395,2026-07-02 01:54:33 UTC,signup_completed,android,organic
e_000396,u_000396,s_e_000396,2026-07-02 15:39:02 UTC,signup_completed,ios,organic
e_000397,u_000397,s_e_000397,2026-07-02 10:24:16 UTC,signup_completed,android,organic
e_000398,u_000398,s_e_000398,2026-07-02 12:34:54 UTC,signup_completed,android,organic
e_000399,u_000399,s_e_000399,2026-07-02 09:12:48 UTC,signup_completed,ios,organic
e_000400,u_000400,s_e_000400,2026-07-02 17:35:21 UTC,signup_completed,ios,organic
e_000401,u_000401,s_e_000401,2026-07-02 02:26:33 UTC,signup_completed,ios,organic
e_000402,u_000402,s_e_000402,2026-07-02 10:40:41 UTC,signup_completed,android,organic
e_000403,u_000403,s_e_000403,2026-07-02 15:58:00 UTC,signup_completed,web,organic
e_000404,u_000404,s_e_000404,2026-07-02 08:29:28 UTC,signup_completed,ios,organic
e_000405,u_000405,s_e_000405,2026-07-02 11:11:06 UTC,signup_completed,web,organic
e_000406,u_000406,s_e_000406,2026-07-02 11:11:29 UTC,signup_completed,web,organic
e_000407,u_000407,s_e_000407,2026-07-02 22:59:11 UTC,signup_completed,web,organic
e_000408,u_000408,s_e_000408,2026-07-02 17:43:25 UTC,signup_completed,android,organic
e_000409,u_000409,s_e_000409,2026-07-02 03:28:28 UTC,signup_completed,android,organic
e_000410,u_000410,s_e_000410,2026-07-02 18:26:25 UTC,signup_completed,web,organic
e_000411,u_000411,s_e_000411,2026-07-02 17:35:20 UTC,signup_completed,android,organic
e_000412,u_000412,s_e_000412,2026-07-02 00:43:45 UTC,signup_completed,web,organic
e_000413,u_000413,s_e_000413,2026-07-02 19:43:41 UTC,signup_completed,ios,organic
e_000414,u_000414,s_e_000414,2026-07-02 19:24:17 UTC,signup_completed,ios,organic
e_000415,u_000415,s_e_000415,2026-07-02 10:14:41 UTC,signup_completed,web,organic
e_000416,u_000416,s_e_000416,2026-07-02 11:24:22 UTC,signup_completed,web,organic
e_000417,u_000417,s_e_000417,2026-07-02 01:02:30 UTC,signup_completed,ios,organic
e_000418,u_000418,s_e_000418,2026-07-02 17:04:37 UTC,signup_completed,web,organic
e_000419,u_000419,s_e_000419,2026-07-02 14:02:27 UTC,signup_completed,android,organic
e_000420,u_000420,s_e_000420,2026-07-02 04:04:56 UTC,signup_completed,ios,organic
e_000421,u_000421,s_e_000421,2026-07-02 10:09:45 UTC,signup_completed,web,organic
e_000422,u_000422,s_e_000422,2026-07-02 08:52:31 UTC,signup_completed,ios,organic
e_000423,u_000423,s_e_000423,2026-07-02 07:42:00 UTC,signup_completed,android,organic
e_000424,u_000424,s_e_000424,2026-07-02 07:52:04 UTC,signup_completed,web,organic
e_000425,u_000425,s_e_000425,2026-07-02 03:13:25 UTC,signup_completed,ios,organic
e_000426,u_000426,s_e_000426,2026-07-02 22:27:58 UTC,signup_completed,android,paid_search
e_000427,u_000427,s_e_000427,2026-07-02 05:19:48 UTC,signup_completed,android,paid_search
e_000428,u_000428,s_e_000428,2026-07-02 00:58:40 UTC,signup_completed,web,paid_search
e_000429,u_000429,s_e_000429,2026-07-02 19:32:49 UTC,signup_completed,ios,paid_search
e_000430,u_000430,s_e_000430,2026-07-02 19:40:41 UTC,signup_completed,android,paid_search
e_000431,u_000431,s_e_000431,2026-07-02 17:58:52 UTC,signup_completed,web,paid_search
e_000432,u_000432,s_e_000432,2026-07-02 04:47:53 UTC,signup_completed,web,paid_search
e_000433,u_000433,s_e_000433,2026-07-02 05:39:14 UTC,signup_completed,ios,paid_search
e_000434,u_000434,s_e_000434,2026-07-02 07:21:02 UTC,signup_completed,web,paid_search
e_000435,u_000435,s_e_000435,2026-07-02 02:55:23 UTC,signup_completed,ios,paid_search
e_000436,u_000436,s_e_000436,2026-07-02 14:33:44 UTC,signup_completed,ios,paid_search
e_000437,u_000437,s_e_000437,2026-07-02 08:40:07 UTC,signup_completed,web,paid_search
e_000438,u_000438,s_e_000438,2026-07-02 14:02:51 UTC,signup_completed,web,paid_search
e_000439,u_000439,s_e_000439,2026-07-02 10:40:46 UTC,signup_completed,web,paid_search
e_000440,u_000440,s_e_000440,2026-07-02 06:16:11 UTC,signup_completed,ios,paid_search
e_000441,u_000441,s_e_000441,2026-07-02 17:33:06 UTC,signup_completed,ios,paid_search
e_000442,u_000442,s_e_000442,2026-07-02 14:39:47 UTC,signup_completed,ios,paid_search
e_000443,u_000443,s_e_000443,2026-07-02 07:46:45 UTC,signup_completed,ios,paid_search
e_000444,u_000444,s_e_000444,2026-07-02 01:24:52 UTC,signup_completed,web,paid_search
e_000445,u_000445,s_e_000445,2026-07-02 10:58:34 UTC,signup_completed,android,paid_search
e_000446,u_000446,s_e_000446,2026-07-02 03:11:33 UTC,signup_completed,android,paid_search
e_000447,u_000447,s_e_000447,2026-07-02 23:50:14 UTC,signup_completed,android,paid_search
e_000448,u_000448,s_e_000448,2026-07-02 03:52:20 UTC,signup_completed,android,paid_search
e_000449,u_000449,s_e_000449,2026-07-02 18:19:03 UTC,signup_completed,android,paid_search
e_000450,u_000450,s_e_000450,2026-07-02 04:23:47 UTC,signup_completed,ios,paid_search
e_000451,u_000451,s_e_000451,2026-07-02 14:10:44 UTC,signup_completed,android,paid_search
e_000452,u_000452,s_e_000452,2026-07-02 15:35:19 UTC,signup_completed,ios,paid_search
e_000453,u_000453,s_e_000453,2026-07-02 05:52:56 UTC,signup_completed,web,paid_search
e_000454,u_000454,s_e_000454,2026-07-02 16:43:09 UTC,signup_completed,ios,paid_search
e_000455,u_000455,s_e_000455,2026-07-02 05:54:25 UTC,signup_completed,web,push
e_000456,u_000456,s_e_000456,2026-07-02 19:53:43 UTC,signup_completed,android,push
e_000457,u_000457,s_e_000457,2026-07-02 12:38:24 UTC,signup_completed,web,push
e_000458,u_000458,s_e_000458,2026-07-02 09:26:10 UTC,signup_completed,web,push
e_000459,u_000459,s_e_000459,2026-07-02 11:47:40 UTC,signup_completed,android,push
e_000460,u_000460,s_e_000460,2026-07-02 12:31:55 UTC,signup_completed,ios,push
e_000461,u_000461,s_e_000461,2026-07-02 00:28:02 UTC,signup_completed,ios,push
e_000462,u_000462,s_e_000462,2026-07-02 03:52:05 UTC,signup_completed,ios,push
e_000463,u_000463,s_e_000463,2026-07-02 22:54:37 UTC,signup_completed,android,push
e_000464,u_000464,s_e_000464,2026-07-02 15:34:58 UTC,signup_completed,android,push
e_000465,u_000465,s_e_000465,2026-07-02 05:29:31 UTC,signup_completed,ios,push
e_000466,u_000466,s_e_000466,2026-07-02 04:06:17 UTC,signup_completed,android,push
e_000467,u_000467,s_e_000467,2026-07-02 10:00:18 UTC,signup_completed,web,push
e_000468,u_000468,s_e_000468,2026-07-02 04:11:48 UTC,signup_completed,web,push
e_000469,u_000469,s_e_000469,2026-07-02 16:06:01 UTC,signup_completed,ios,push
e_000470,u_000470,s_e_000470,2026-07-02 11:03:33 UTC,signup_completed,ios,push
e_000471,u_000471,s_e_000471,2026-07-02 12:33:17 UTC,signup_completed,web,push
e_000472,u_000472,s_e_000472,2026-07-02 04:51:17 UTC,signup_completed,ios,push
e_000473,u_000473,s_e_000473,2026-07-02 12:23:07 UTC,signup_completed,android,push
e_000474,u_000474,s_e_000474,2026-07-02 15:28:58 UTC,signup_completed,ios,push
e_000475,u_000475,s_e_000475,2026-07-02 10:51:57 UTC,signup_completed,web,push
e_000476,u_000476,s_e_000476,2026-07-02 04:33:11 UTC,signup_completed,android,push
e_000477,u_000477,s_e_000477,2026-07-02 09:12:52 UTC,signup_completed,web,push
e_000478,u_000478,s_e_000478,2026-07-02 02:47:30 UTC,signup_completed,android,push
e_000479,u_000479,s_e_000479,2026-07-02 06:14:23 UTC,signup_completed,android,push
e_000480,u_000480,s_e_000480,2026-07-02 02:47:40 UTC,signup_completed,android,push
e_000481,u_000481,s_e_000481,2026-07-02 09:12:23 UTC,signup_completed,android,push
e_000482,u_000482,s_e_000482,2026-07-02 15:02:28 UTC,signup_completed,android,push
e_000483,u_000483,s_e_000483,2026-07-02 10:14:16 UTC,signup_completed,android,push
e_000484,u_000484,s_e_000484,2026-07-02 05:27:23 UTC,signup_completed,web,email
e_000485,u_000485,s_e_000485,2026-07-02 08:27:14 UTC,signup_completed,web,email
e_000486,u_000486,s_e_000486,2026-07-02 09:44:49 UTC,signup_completed,web,email
e_000487,u_000487,s_e_000487,2026-07-02 08:34:51 UTC,signup_completed,android,email
e_000488,u_000488,s_e_000488,2026-07-02 11:48:01 UTC,signup_completed,ios,email
e_000489,u_000489,s_e_000489,2026-07-02 05:28:45 UTC,signup_completed,web,email
e_000490,u_000490,s_e_000490,2026-07-02 18:13:05 UTC,signup_completed,android,email
e_000491,u_000491,s_e_000491,2026-07-02 01:00:38 UTC,signup_completed,web,email
e_000492,u_000492,s_e_000492,2026-07-02 23:39:33 UTC,signup_completed,android,email
e_000493,u_000493,s_e_000493,2026-07-02 00:19:12 UTC,signup_completed,web,email
e_000494,u_000494,s_e_000494,2026-07-02 08:01:33 UTC,signup_completed,android,email
e_000495,u_000495,s_e_000495,2026-07-02 12:20:25 UTC,signup_completed,android,email
e_000496,u_000496,s_e_000496,2026-07-02 00:43:06 UTC,signup_completed,ios,email
e_000497,u_000497,s_e_000497,2026-07-02 15:51:20 UTC,signup_completed,ios,email
e_000498,u_000498,s_e_000498,2026-07-02 21:56:45 UTC,signup_completed,android,email
e_000499,u_000499,s_e_000499,2026-07-02 04:35:42 UTC,signup_completed,ios,email
e_000500,u_000500,s_e_000500,2026-07-02 05:36:58 UTC,signup_completed,ios,email
e_000501,u_000501,s_e_000501,2026-07-02 15:52:30 UTC,signup_completed,web,email
e_000502,u_000502,s_e_000502,2026-07-02 16:50:40 UTC,signup_completed,ios,email
e_000503,u_000503,s_e_000503,2026-07-02 16:13:04 UTC,signup_completed,android,email
e_000504,u_000504,s_e_000504,2026-07-02 14:12:24 UTC,signup_completed,web,email
e_000505,u_000505,s_e_000505,2026-07-02 02:21:42 UTC,signup_completed,android,referral
e_000506,u_000506,s_e_000506,2026-07-02 03:34:11 UTC,signup_completed,web,referral
e_000507,u_000507,s_e_000507,2026-07-02 07:38:31 UTC,signup_completed,android,referral
e_000508,u_000508,s_e_000508,2026-07-02 23:57:16 UTC,signup_completed,web,referral
e_000509,u_000509,s_e_000509,2026-07-02 10:01:00 UTC,signup_completed,android,referral
e_000510,u_000510,s_e_000510,2026-07-02 16:07:41 UTC,signup_completed,web,referral
e_000511,u_000511,s_e_000511,2026-07-02 10:52:44 UTC,signup_completed,ios,referral
e_000512,u_000512,s_e_000512,2026-07-02 20:26:47 UTC,signup_completed,android,referral
e_000513,u_000513,s_e_000513,2026-07-02 20:56:48 UTC,signup_completed,web,referral
e_000514,u_000514,s_e_000514,2026-07-02 10:39:48 UTC,signup_completed,ios,referral
e_000515,u_000515,s_e_000515,2026-07-02 09:59:46 UTC,signup_completed,web,referral
e_000516,u_000516,s_e_000516,2026-07-02 01:30:04 UTC,signup_completed,android,referral
e_000517,u_000517,s_e_000517,2026-07-02 10:43:04 UTC,signup_completed,ios,referral
e_000518,u_000518,s_e_000518,2026-07-02 09:11:06 UTC,signup_completed,android,referral
e_000519,u_000519,s_e_000519,2026-07-02 03:07:49 UTC,signup_completed,android,referral
e_000520,u_000520,s_e_000520,2026-07-02 12:54:21 UTC,signup_completed,android,referral
e_000521,u_000521,s_e_000521,2026-07-02 20:00:18 UTC,signup_completed,android,referral
e_000522,u_000522,s_e_000522,2026-07-02 01:10:23 UTC,signup_completed,ios,referral
e_000523,u_000523,s_e_000523,2026-07-02 23:16:13 UTC,signup_completed,ios,referral
e_000524,u_000524,s_e_000524,2026-07-02 22:54:35 UTC,signup_completed,android,referral
e_000525,u_000525,s_e_000525,2026-07-02 21:27:18 UTC,signup_completed,web,referral
e_000526,u_000526,s_e_000526,2026-07-03 18:50:28 UTC,signup_completed,android,organic
e_000527,u_000527,s_e_000527,2026-07-03 07:49:58 UTC,signup_completed,android,organic
e_000528,u_000528,s_e_000528,2026-07-03 12:58:26 UTC,signup_completed,ios,organic
e_000529,u_000529,s_e_000529,2026-07-03 02:57:26 UTC,signup_completed,android,organic
e_000530,u_000530,s_e_000530,2026-07-03 20:13:04 UTC,signup_completed,web,organic
e_000531,u_000531,s_e_000531,2026-07-03 16:37:29 UTC,signup_completed,android,organic
e_000532,u_000532,s_e_000532,2026-07-03 02:55:45 UTC,signup_completed,web,organic
e_000533,u_000533,s_e_000533,2026-07-03 16:47:08 UTC,signup_completed,web,organic
e_000534,u_000534,s_e_000534,2026-07-03 23:04:49 UTC,signup_completed,android,organic
e_000535,u_000535,s_e_000535,2026-07-03 05:30:21 UTC,signup_completed,android,organic
e_000536,u_000536,s_e_000536,2026-07-03 21:08:12 UTC,signup_completed,android,organic
e_000537,u_000537,s_e_000537,2026-07-03 00:00:38 UTC,signup_completed,web,organic
e_000538,u_000538,s_e_000538,2026-07-03 06:02:05 UTC,signup_completed,ios,organic
e_000539,u_000539,s_e_000539,2026-07-03 23:32:25 UTC,signup_completed,web,organic
e_000540,u_000540,s_e_000540,2026-07-03 13:30:56 UTC,signup_completed,ios,organic
e_000541,u_000541,s_e_000541,2026-07-03 19:58:17 UTC,signup_completed,android,organic
e_000542,u_000542,s_e_000542,2026-07-03 03:43:44 UTC,signup_completed,ios,organic
e_000543,u_000543,s_e_000543,2026-07-03 03:50:20 UTC,signup_completed,ios,organic
e_000544,u_000544,s_e_000544,2026-07-03 11:43:14 UTC,signup_completed,android,organic
e_000545,u_000545,s_e_000545,2026-07-03 14:42:36 UTC,signup_completed,web,organic
e_000546,u_000546,s_e_000546,2026-07-03 11:25:51 UTC,signup_completed,android,organic
e_000547,u_000547,s_e_000547,2026-07-03 09:07:10 UTC,signup_completed,web,organic
e_000548,u_000548,s_e_000548,2026-07-03 03:03:06 UTC,signup_completed,web,organic
e_000549,u_000549,s_e_000549,2026-07-03 07:40:21 UTC,signup_completed,ios,organic
e_000550,u_000550,s_e_000550,2026-07-03 11:43:15 UTC,signup_completed,ios,organic
e_000551,u_000551,s_e_000551,2026-07-03 02:26:33 UTC,signup_completed,ios,organic
e_000552,u_000552,s_e_000552,2026-07-03 13:38:52 UTC,signup_completed,android,organic
e_000553,u_000553,s_e_000553,2026-07-03 03:25:52 UTC,signup_completed,web,organic
e_000554,u_000554,s_e_000554,2026-07-03 13:35:48 UTC,signup_completed,android,organic
e_000555,u_000555,s_e_000555,2026-07-03 03:04:47 UTC,signup_completed,android,organic
e_000556,u_000556,s_e_000556,2026-07-03 23:38:02 UTC,signup_completed,android,organic
e_000557,u_000557,s_e_000557,2026-07-03 11:10:43 UTC,signup_completed,android,organic
e_000558,u_000558,s_e_000558,2026-07-03 04:32:31 UTC,signup_completed,ios,organic
e_000559,u_000559,s_e_000559,2026-07-03 12:36:24 UTC,signup_completed,web,organic
e_000560,u_000560,s_e_000560,2026-07-03 03:13:55 UTC,signup_completed,android,organic
e_000561,u_000561,s_e_000561,2026-07-03 21:33:13 UTC,signup_completed,android,organic
e_000562,u_000562,s_e_000562,2026-07-03 04:48:44 UTC,signup_completed,web,organic
e_000563,u_000563,s_e_000563,2026-07-03 02:49:56 UTC,signup_completed,android,organic
e_000564,u_000564,s_e_000564,2026-07-03 00:47:59 UTC,signup_completed,android,organic
e_000565,u_000565,s_e_000565,2026-07-03 01:52:18 UTC,signup_completed,ios,organic
e_000566,u_000566,s_e_000566,2026-07-03 10:07:55 UTC,signup_completed,ios,organic
e_000567,u_000567,s_e_000567,2026-07-03 02:20:06 UTC,signup_completed,web,paid_search
e_000568,u_000568,s_e_000568,2026-07-03 22:47:23 UTC,signup_completed,web,paid_search
e_000569,u_000569,s_e_000569,2026-07-03 09:35:17 UTC,signup_completed,web,paid_search
e_000570,u_000570,s_e_000570,2026-07-03 15:15:34 UTC,signup_completed,web,paid_search
e_000571,u_000571,s_e_000571,2026-07-03 08:22:32 UTC,signup_completed,android,paid_search
e_000572,u_000572,s_e_000572,2026-07-03 12:20:04 UTC,signup_completed,android,paid_search
e_000573,u_000573,s_e_000573,2026-07-03 16:21:59 UTC,signup_completed,web,paid_search
e_000574,u_000574,s_e_000574,2026-07-03 01:16:13 UTC,signup_completed,ios,paid_search
e_000575,u_000575,s_e_000575,2026-07-03 10:05:11 UTC,signup_completed,web,paid_search
e_000576,u_000576,s_e_000576,2026-07-03 07:38:21 UTC,signup_completed,web,paid_search
e_000577,u_000577,s_e_000577,2026-07-03 06:45:27 UTC,signup_completed,ios,paid_search
e_000578,u_000578,s_e_000578,2026-07-03 19:32:33 UTC,signup_completed,web,paid_search
e_000579,u_000579,s_e_000579,2026-07-03 08:44:54 UTC,signup_completed,android,paid_search
e_000580,u_000580,s_e_000580,2026-07-03 23:11:10 UTC,signup_completed,ios,paid_search
e_000581,u_000581,s_e_000581,2026-07-03 03:35:52 UTC,signup_completed,android,paid_search
e_000582,u_000582,s_e_000582,2026-07-03 11:17:17 UTC,signup_completed,ios,paid_search
e_000583,u_000583,s_e_000583,2026-07-03 06:35:47 UTC,signup_completed,web,paid_search
e_000584,u_000584,s_e_000584,2026-07-03 21:48:11 UTC,signup_completed,web,paid_search
e_000585,u_000585,s_e_000585,2026-07-03 20:43:59 UTC,signup_completed,ios,paid_search
e_000586,u_000586,s_e_000586,2026-07-03 08:31:27 UTC,signup_completed,ios,paid_search
e_000587,u_000587,s_e_000587,2026-07-03 10:20:12 UTC,signup_completed,ios,paid_search
e_000588,u_000588,s_e_000588,2026-07-03 19:17:56 UTC,signup_completed,web,paid_search
e_000589,u_000589,s_e_000589,2026-07-03 20:45:25 UTC,signup_completed,web,paid_search
e_000590,u_000590,s_e_000590,2026-07-03 08:16:26 UTC,signup_completed,android,paid_search
e_000591,u_000591,s_e_000591,2026-07-03 15:30:39 UTC,signup_completed,web,paid_search
e_000592,u_000592,s_e_000592,2026-07-03 20:22:00 UTC,signup_completed,ios,paid_search
e_000593,u_000593,s_e_000593,2026-07-03 14:04:30 UTC,signup_completed,web,paid_search
e_000594,u_000594,s_e_000594,2026-07-03 07:15:32 UTC,signup_completed,android,push
e_000595,u_000595,s_e_000595,2026-07-03 01:49:05 UTC,signup_completed,web,push
e_000596,u_000596,s_e_000596,2026-07-03 20:31:52 UTC,signup_completed,android,push
e_000597,u_000597,s_e_000597,2026-07-03 22:54:24 UTC,signup_completed,web,push
e_000598,u_000598,s_e_000598,2026-07-03 01:20:48 UTC,signup_completed,ios,push
e_000599,u_000599,s_e_000599,2026-07-03 18:08:05 UTC,signup_completed,web,push
e_000600,u_000600,s_e_000600,2026-07-03 11:20:47 UTC,signup_completed,android,push
e_000601,u_000601,s_e_000601,2026-07-03 10:27:09 UTC,signup_completed,ios,push
e_000602,u_000602,s_e_000602,2026-07-03 23:15:41 UTC,signup_completed,android,push
e_000603,u_000603,s_e_000603,2026-07-03 01:09:35 UTC,signup_completed,android,push
e_000604,u_000604,s_e_000604,2026-07-03 21:11:03 UTC,signup_completed,web,push
e_000605,u_000605,s_e_000605,2026-07-03 15:06:11 UTC,signup_completed,ios,push
e_000606,u_000606,s_e_000606,2026-07-03 19:48:57 UTC,signup_completed,web,push
e_000607,u_000607,s_e_000607,2026-07-03 19:00:20 UTC,signup_completed,android,push
e_000608,u_000608,s_e_000608,2026-07-03 14:43:39 UTC,signup_completed,android,push
e_000609,u_000609,s_e_000609,2026-07-03 10:11:45 UTC,signup_completed,android,push
e_000610,u_000610,s_e_000610,2026-07-03 21:22:08 UTC,signup_completed,web,push
e_000611,u_000611,s_e_000611,2026-07-03 09:11:00 UTC,signup_completed,android,push
e_000612,u_000612,s_e_000612,2026-07-03 16:51:11 UTC,signup_completed,ios,push
e_000613,u_000613,s_e_000613,2026-07-03 04:48:27 UTC,signup_completed,ios,push
e_000614,u_000614,s_e_000614,2026-07-03 01:01:22 UTC,signup_completed,ios,push
e_000615,u_000615,s_e_000615,2026-07-03 23:20:39 UTC,signup_completed,web,push
e_000616,u_000616,s_e_000616,2026-07-03 16:33:12 UTC,signup_completed,ios,push
e_000617,u_000617,s_e_000617,2026-07-03 16:32:14 UTC,signup_completed,android,push
e_000618,u_000618,s_e_000618,2026-07-03 06:08:45 UTC,signup_completed,ios,push
e_000619,u_000619,s_e_000619,2026-07-03 21:03:01 UTC,signup_completed,web,push
e_000620,u_000620,s_e_000620,2026-07-03 23:39:51 UTC,signup_completed,web,push
e_000621,u_000621,s_e_000621,2026-07-03 02:39:14 UTC,signup_completed,android,email
e_000622,u_000622,s_e_000622,2026-07-03 06:23:09 UTC,signup_completed,web,email
e_000623,u_000623,s_e_000623,2026-07-03 21:47:04 UTC,signup_completed,ios,email
e_000624,u_000624,s_e_000624,2026-07-03 23:55:28 UTC,signup_completed,web,email
e_000625,u_000625,s_e_000625,2026-07-03 23:55:23 UTC,signup_completed,android,email
e_000626,u_000626,s_e_000626,2026-07-03 06:14:06 UTC,signup_completed,web,email
e_000627,u_000627,s_e_000627,2026-07-03 08:33:00 UTC,signup_completed,web,email
e_000628,u_000628,s_e_000628,2026-07-03 11:09:28 UTC,signup_completed,ios,email
e_000629,u_000629,s_e_000629,2026-07-03 14:34:55 UTC,signup_completed,android,email
e_000630,u_000630,s_e_000630,2026-07-03 05:29:04 UTC,signup_completed,android,email
e_000631,u_000631,s_e_000631,2026-07-03 18:38:45 UTC,signup_completed,web,email
e_000632,u_000632,s_e_000632,2026-07-03 11:54:54 UTC,signup_completed,web,email
e_000633,u_000633,s_e_000633,2026-07-03 02:21:12 UTC,signup_completed,web,email
e_000634,u_000634,s_e_000634,2026-07-03 09:50:18 UTC,signup_completed,android,email
e_000635,u_000635,s_e_000635,2026-07-03 14:40:42 UTC,signup_completed,android,email
e_000636,u_000636,s_e_000636,2026-07-03 01:43:32 UTC,signup_completed,ios,email
e_000637,u_000637,s_e_000637,2026-07-03 17:02:22 UTC,signup_completed,android,email
e_000638,u_000638,s_e_000638,2026-07-03 11:11:02 UTC,signup_completed,android,email
e_000639,u_000639,s_e_000639,2026-07-03 03:17:41 UTC,signup_completed,web,email
e_000640,u_000640,s_e_000640,2026-07-03 08:38:20 UTC,signup_completed,android,email
e_000641,u_000641,s_e_000641,2026-07-03 00:26:41 UTC,signup_completed,ios,email
e_000642,u_000642,s_e_000642,2026-07-03 15:21:29 UTC,signup_completed,android,referral
e_000643,u_000643,s_e_000643,2026-07-03 06:46:32 UTC,signup_completed,ios,referral
e_000644,u_000644,s_e_000644,2026-07-03 21:05:16 UTC,signup_completed,ios,referral
e_000645,u_000645,s_e_000645,2026-07-03 02:04:49 UTC,signup_completed,ios,referral
e_000646,u_000646,s_e_000646,2026-07-03 10:45:09 UTC,signup_completed,ios,referral
e_000647,u_000647,s_e_000647,2026-07-03 21:29:22 UTC,signup_completed,android,referral
e_000648,u_000648,s_e_000648,2026-07-03 02:12:39 UTC,signup_completed,android,referral
e_000649,u_000649,s_e_000649,2026-07-03 05:07:43 UTC,signup_completed,android,referral
e_000650,u_000650,s_e_000650,2026-07-03 06:00:47 UTC,signup_completed,web,referral
e_000651,u_000651,s_e_000651,2026-07-03 04:38:56 UTC,signup_completed,ios,referral
e_000652,u_000652,s_e_000652,2026-07-03 06:38:35 UTC,signup_completed,ios,referral
e_000653,u_000653,s_e_000653,2026-07-03 01:14:07 UTC,signup_completed,android,referral
e_000654,u_000654,s_e_000654,2026-07-03 03:05:15 UTC,signup_completed,web,referral
e_000655,u_000655,s_e_000655,2026-07-03 22:29:00 UTC,signup_completed,android,referral
e_000656,u_000656,s_e_000656,2026-07-03 01:09:22 UTC,signup_completed,web,referral
e_000657,u_000657,s_e_000657,2026-07-03 23:59:05 UTC,signup_completed,ios,referral
e_000658,u_000658,s_e_000658,2026-07-03 04:41:04 UTC,signup_completed,ios,referral
e_000659,u_000659,s_e_000659,2026-07-03 06:41:25 UTC,signup_completed,android,referral
e_000660,u_000660,s_e_000660,2026-07-03 03:59:01 UTC,signup_completed,android,referral
e_000661,u_000661,s_e_000661,2026-07-03 12:10:21 UTC,signup_completed,web,referral
e_000662,u_000662,s_e_000662,2026-07-03 19:15:06 UTC,signup_completed,android,referral
e_000663,u_000663,s_e_000663,2026-07-04 17:52:22 UTC,signup_completed,web,organic
e_000664,u_000664,s_e_000664,2026-07-04 03:32:12 UTC,signup_completed,web,organic
e_000665,u_000665,s_e_000665,2026-07-04 04:00:27 UTC,signup_completed,android,organic
e_000666,u_000666,s_e_000666,2026-07-04 12:48:04 UTC,signup_completed,android,organic
e_000667,u_000667,s_e_000667,2026-07-04 13:10:13 UTC,signup_completed,ios,organic
e_000668,u_000668,s_e_000668,2026-07-04 20:31:28 UTC,signup_completed,web,organic
e_000669,u_000669,s_e_000669,2026-07-04 14:27:56 UTC,signup_completed,ios,organic
e_000670,u_000670,s_e_000670,2026-07-04 04:53:21 UTC,signup_completed,web,organic
e_000671,u_000671,s_e_000671,2026-07-04 10:29:56 UTC,signup_completed,android,organic
e_000672,u_000672,s_e_000672,2026-07-04 15:28:20 UTC,signup_completed,ios,organic
e_000673,u_000673,s_e_000673,2026-07-04 07:17:44 UTC,signup_completed,web,organic
e_000674,u_000674,s_e_000674,2026-07-04 18:02:54 UTC,signup_completed,ios,organic
e_000675,u_000675,s_e_000675,2026-07-04 23:26:11 UTC,signup_completed,android,organic
e_000676,u_000676,s_e_000676,2026-07-04 13:31:47 UTC,signup_completed,android,organic
e_000677,u_000677,s_e_000677,2026-07-04 16:22:50 UTC,signup_completed,web,organic
e_000678,u_000678,s_e_000678,2026-07-04 05:06:48 UTC,signup_completed,ios,organic
e_000679,u_000679,s_e_000679,2026-07-04 00:52:50 UTC,signup_completed,web,organic
e_000680,u_000680,s_e_000680,2026-07-04 21:21:57 UTC,signup_completed,web,organic
e_000681,u_000681,s_e_000681,2026-07-04 23:12:33 UTC,signup_completed,android,organic
e_000682,u_000682,s_e_000682,2026-07-04 08:57:51 UTC,signup_completed,ios,organic
e_000683,u_000683,s_e_000683,2026-07-04 01:23:27 UTC,signup_completed,web,organic
e_000684,u_000684,s_e_000684,2026-07-04 03:14:14 UTC,signup_completed,web,organic
e_000685,u_000685,s_e_000685,2026-07-04 17:57:23 UTC,signup_completed,ios,organic
e_000686,u_000686,s_e_000686,2026-07-04 21:50:21 UTC,signup_completed,android,organic
e_000687,u_000687,s_e_000687,2026-07-04 21:59:30 UTC,signup_completed,android,organic
e_000688,u_000688,s_e_000688,2026-07-04 11:44:55 UTC,signup_completed,web,organic
e_000689,u_000689,s_e_000689,2026-07-04 20:39:16 UTC,signup_completed,ios,organic
e_000690,u_000690,s_e_000690,2026-07-04 08:02:39 UTC,signup_completed,web,organic
e_000691,u_000691,s_e_000691,2026-07-04 09:17:27 UTC,signup_completed,android,organic
e_000692,u_000692,s_e_000692,2026-07-04 18:56:30 UTC,signup_completed,android,organic
e_000693,u_000693,s_e_000693,2026-07-04 08:24:42 UTC,signup_completed,web,organic
e_000694,u_000694,s_e_000694,2026-07-04 19:37:56 UTC,signup_completed,android,organic
e_000695,u_000695,s_e_000695,2026-07-04 15:20:37 UTC,signup_completed,web,paid_search
e_000696,u_000696,s_e_000696,2026-07-04 10:27:39 UTC,signup_completed,android,paid_search
e_000697,u_000697,s_e_000697,2026-07-04 09:32:37 UTC,signup_completed,ios,paid_search
e_000698,u_000698,s_e_000698,2026-07-04 03:22:08 UTC,signup_completed,web,paid_search
e_000699,u_000699,s_e_000699,2026-07-04 07:36:58 UTC,signup_completed,android,paid_search
e_000700,u_000700,s_e_000700,2026-07-04 21:23:32 UTC,signup_completed,ios,paid_search
e_000701,u_000701,s_e_000701,2026-07-04 08:39:03 UTC,signup_completed,android,paid_search
e_000702,u_000702,s_e_000702,2026-07-04 18:37:52 UTC,signup_completed,ios,paid_search
e_000703,u_000703,s_e_000703,2026-07-04 17:28:08 UTC,signup_completed,web,paid_search
e_000704,u_000704,s_e_000704,2026-07-04 17:08:26 UTC,signup_completed,ios,paid_search
e_000705,u_000705,s_e_000705,2026-07-04 07:36:55 UTC,signup_completed,android,paid_search
e_000706,u_000706,s_e_000706,2026-07-04 14:56:25 UTC,signup_completed,android,paid_search
e_000707,u_000707,s_e_000707,2026-07-04 13:56:44 UTC,signup_completed,web,paid_search
e_000708,u_000708,s_e_000708,2026-07-04 14:03:49 UTC,signup_completed,ios,paid_search
e_000709,u_000709,s_e_000709,2026-07-04 04:48:53 UTC,signup_completed,ios,paid_search
e_000710,u_000710,s_e_000710,2026-07-04 00:55:49 UTC,signup_completed,android,paid_search
e_000711,u_000711,s_e_000711,2026-07-04 07:27:44 UTC,signup_completed,ios,paid_search
e_000712,u_000712,s_e_000712,2026-07-04 23:20:40 UTC,signup_completed,ios,paid_search
e_000713,u_000713,s_e_000713,2026-07-04 00:56:10 UTC,signup_completed,ios,paid_search
e_000714,u_000714,s_e_000714,2026-07-04 11:18:58 UTC,signup_completed,web,paid_search
e_000715,u_000715,s_e_000715,2026-07-04 16:49:40 UTC,signup_completed,ios,paid_search
e_000716,u_000716,s_e_000716,2026-07-04 11:46:32 UTC,signup_completed,web,push
e_000717,u_000717,s_e_000717,2026-07-04 22:56:21 UTC,signup_completed,android,push
e_000718,u_000718,s_e_000718,2026-07-04 23:15:57 UTC,signup_completed,android,push
e_000719,u_000719,s_e_000719,2026-07-04 05:17:30 UTC,signup_completed,web,push
e_000720,u_000720,s_e_000720,2026-07-04 11:27:39 UTC,signup_completed,ios,push
e_000721,u_000721,s_e_000721,2026-07-04 12:13:51 UTC,signup_completed,web,push
e_000722,u_000722,s_e_000722,2026-07-04 12:55:28 UTC,signup_completed,web,push
e_000723,u_000723,s_e_000723,2026-07-04 10:37:29 UTC,signup_completed,ios,push
e_000724,u_000724,s_e_000724,2026-07-04 06:27:39 UTC,signup_completed,android,push
e_000725,u_000725,s_e_000725,2026-07-04 17:52:50 UTC,signup_completed,android,push
e_000726,u_000726,s_e_000726,2026-07-04 05:17:33 UTC,signup_completed,ios,push
e_000727,u_000727,s_e_000727,2026-07-04 22:33:53 UTC,signup_completed,web,push
e_000728,u_000728,s_e_000728,2026-07-04 22:59:22 UTC,signup_completed,android,push
e_000729,u_000729,s_e_000729,2026-07-04 16:30:43 UTC,signup_completed,ios,push
e_000730,u_000730,s_e_000730,2026-07-04 15:38:45 UTC,signup_completed,android,push
e_000731,u_000731,s_e_000731,2026-07-04 01:32:38 UTC,signup_completed,ios,push
e_000732,u_000732,s_e_000732,2026-07-04 15:02:56 UTC,signup_completed,web,push
e_000733,u_000733,s_e_000733,2026-07-04 01:59:50 UTC,signup_completed,android,push
e_000734,u_000734,s_e_000734,2026-07-04 11:41:52 UTC,signup_completed,android,push
e_000735,u_000735,s_e_000735,2026-07-04 04:32:43 UTC,signup_completed,web,push
e_000736,u_000736,s_e_000736,2026-07-04 21:25:17 UTC,signup_completed,android,push
e_000737,u_000737,s_e_000737,2026-07-04 08:48:54 UTC,signup_completed,android,email
e_000738,u_000738,s_e_000738,2026-07-04 05:13:01 UTC,signup_completed,ios,email
e_000739,u_000739,s_e_000739,2026-07-04 15:55:58 UTC,signup_completed,android,email
e_000740,u_000740,s_e_000740,2026-07-04 17:18:06 UTC,signup_completed,web,email
e_000741,u_000741,s_e_000741,2026-07-04 09:30:57 UTC,signup_completed,web,email
e_000742,u_000742,s_e_000742,2026-07-04 05:19:01 UTC,signup_completed,ios,email
e_000743,u_000743,s_e_000743,2026-07-04 12:34:03 UTC,signup_completed,ios,email
e_000744,u_000744,s_e_000744,2026-07-04 23:57:50 UTC,signup_completed,web,email
e_000745,u_000745,s_e_000745,2026-07-04 03:56:22 UTC,signup_completed,ios,email
e_000746,u_000746,s_e_000746,2026-07-04 16:38:13 UTC,signup_completed,ios,email
e_000747,u_000747,s_e_000747,2026-07-04 02:50:30 UTC,signup_completed,android,email
e_000748,u_000748,s_e_000748,2026-07-04 02:13:41 UTC,signup_completed,web,email
e_000749,u_000749,s_e_000749,2026-07-04 11:37:06 UTC,signup_completed,web,email
e_000750,u_000750,s_e_000750,2026-07-04 11:34:30 UTC,signup_completed,web,email
e_000751,u_000751,s_e_000751,2026-07-04 06:54:00 UTC,signup_completed,android,email
e_000752,u_000752,s_e_000752,2026-07-04 17:04:58 UTC,signup_completed,ios,email
e_000753,u_000753,s_e_000753,2026-07-04 03:21:30 UTC,signup_completed,android,referral
e_000754,u_000754,s_e_000754,2026-07-04 21:09:06 UTC,signup_completed,ios,referral
e_000755,u_000755,s_e_000755,2026-07-04 18:52:30 UTC,signup_completed,ios,referral
e_000756,u_000756,s_e_000756,2026-07-04 18:59:36 UTC,signup_completed,ios,referral
e_000757,u_000757,s_e_000757,2026-07-04 20:56:03 UTC,signup_completed,ios,referral
e_000758,u_000758,s_e_000758,2026-07-04 14:51:27 UTC,signup_completed,android,referral
e_000759,u_000759,s_e_000759,2026-07-04 14:47:29 UTC,signup_completed,android,referral
e_000760,u_000760,s_e_000760,2026-07-04 18:36:49 UTC,signup_completed,android,referral
e_000761,u_000761,s_e_000761,2026-07-04 16:22:15 UTC,signup_completed,ios,referral
e_000762,u_000762,s_e_000762,2026-07-04 03:53:36 UTC,signup_completed,web,referral
e_000763,u_000763,s_e_000763,2026-07-04 07:30:18 UTC,signup_completed,android,referral
e_000764,u_000764,s_e_000764,2026-07-04 22:57:37 UTC,signup_completed,android,referral
e_000765,u_000765,s_e_000765,2026-07-04 15:39:48 UTC,signup_completed,android,referral
e_000766,u_000766,s_e_000766,2026-07-04 12:51:43 UTC,signup_completed,web,referral
e_000767,u_000767,s_e_000767,2026-07-04 21:35:22 UTC,signup_completed,web,referral
e_000768,u_000768,s_e_000768,2026-07-04 09:04:18 UTC,signup_completed,android,referral
e_000769,u_000769,s_e_000769,2026-07-05 06:00:45 UTC,signup_completed,ios,organic
e_000770,u_000770,s_e_000770,2026-07-05 17:25:30 UTC,signup_completed,android,organic
e_000771,u_000771,s_e_000771,2026-07-05 04:31:06 UTC,signup_completed,web,organic
e_000772,u_000772,s_e_000772,2026-07-05 23:24:42 UTC,signup_completed,web,organic
e_000773,u_000773,s_e_000773,2026-07-05 11:41:16 UTC,signup_completed,web,organic
e_000774,u_000774,s_e_000774,2026-07-05 21:13:13 UTC,signup_completed,web,organic
e_000775,u_000775,s_e_000775,2026-07-05 22:38:26 UTC,signup_completed,ios,organic
e_000776,u_000776,s_e_000776,2026-07-05 11:44:58 UTC,signup_completed,web,organic
e_000777,u_000777,s_e_000777,2026-07-05 20:18:21 UTC,signup_completed,android,organic
e_000778,u_000778,s_e_000778,2026-07-05 19:40:44 UTC,signup_completed,web,organic
e_000779,u_000779,s_e_000779,2026-07-05 01:31:28 UTC,signup_completed,android,organic
e_000780,u_000780,s_e_000780,2026-07-05 08:28:47 UTC,signup_completed,ios,organic
e_000781,u_000781,s_e_000781,2026-07-05 08:28:56 UTC,signup_completed,android,organic
e_000782,u_000782,s_e_000782,2026-07-05 04:08:58 UTC,signup_completed,ios,organic
e_000783,u_000783,s_e_000783,2026-07-05 00:34:31 UTC,signup_completed,web,organic
e_000784,u_000784,s_e_000784,2026-07-05 06:29:11 UTC,signup_completed,ios,organic
e_000785,u_000785,s_e_000785,2026-07-05 14:12:53 UTC,signup_completed,ios,organic
e_000786,u_000786,s_e_000786,2026-07-05 05:08:52 UTC,signup_completed,web,organic
e_000787,u_000787,s_e_000787,2026-07-05 03:43:24 UTC,signup_completed,ios,organic
e_000788,u_000788,s_e_000788,2026-07-05 08:18:39 UTC,signup_completed,web,organic
e_000789,u_000789,s_e_000789,2026-07-05 18:50:13 UTC,signup_completed,web,organic
e_000790,u_000790,s_e_000790,2026-07-05 14:28:48 UTC,signup_completed,web,organic
e_000791,u_000791,s_e_000791,2026-07-05 00:48:14 UTC,signup_completed,ios,organic
e_000792,u_000792,s_e_000792,2026-07-05 11:27:07 UTC,signup_completed,web,organic
e_000793,u_000793,s_e_000793,2026-07-05 18:46:16 UTC,signup_completed,web,organic
e_000794,u_000794,s_e_000794,2026-07-05 02:17:01 UTC,signup_completed,ios,organic
e_000795,u_000795,s_e_000795,2026-07-05 14:06:47 UTC,signup_completed,android,organic
e_000796,u_000796,s_e_000796,2026-07-05 17:20:24 UTC,signup_completed,web,organic
e_000797,u_000797,s_e_000797,2026-07-05 00:48:38 UTC,signup_completed,web,organic
e_000798,u_000798,s_e_000798,2026-07-05 15:40:50 UTC,signup_completed,android,organic
e_000799,u_000799,s_e_000799,2026-07-05 10:52:25 UTC,signup_completed,ios,organic
e_000800,u_000800,s_e_000800,2026-07-05 15:41:07 UTC,signup_completed,web,paid_search
e_000801,u_000801,s_e_000801,2026-07-05 11:50:05 UTC,signup_completed,web,paid_search
e_000802,u_000802,s_e_000802,2026-07-05 14:37:30 UTC,signup_completed,android,paid_search
e_000803,u_000803,s_e_000803,2026-07-05 03:18:34 UTC,signup_completed,web,paid_search
e_000804,u_000804,s_e_000804,2026-07-05 02:59:54 UTC,signup_completed,android,paid_search
e_000805,u_000805,s_e_000805,2026-07-05 22:19:26 UTC,signup_completed,web,paid_search
e_000806,u_000806,s_e_000806,2026-07-05 13:56:15 UTC,signup_completed,android,paid_search
e_000807,u_000807,s_e_000807,2026-07-05 22:34:52 UTC,signup_completed,ios,paid_search
e_000808,u_000808,s_e_000808,2026-07-05 02:04:44 UTC,signup_completed,web,paid_search
e_000809,u_000809,s_e_000809,2026-07-05 21:53:11 UTC,signup_completed,ios,paid_search
e_000810,u_000810,s_e_000810,2026-07-05 21:20:45 UTC,signup_completed,android,paid_search
e_000811,u_000811,s_e_000811,2026-07-05 20:36:13 UTC,signup_completed,ios,paid_search
e_000812,u_000812,s_e_000812,2026-07-05 12:39:11 UTC,signup_completed,web,paid_search
e_000813,u_000813,s_e_000813,2026-07-05 16:48:26 UTC,signup_completed,web,paid_search
e_000814,u_000814,s_e_000814,2026-07-05 17:05:12 UTC,signup_completed,web,paid_search
e_000815,u_000815,s_e_000815,2026-07-05 23:52:41 UTC,signup_completed,android,paid_search
e_000816,u_000816,s_e_000816,2026-07-05 04:24:53 UTC,signup_completed,ios,paid_search
e_000817,u_000817,s_e_000817,2026-07-05 07:14:59 UTC,signup_completed,android,paid_search
e_000818,u_000818,s_e_000818,2026-07-05 14:23:27 UTC,signup_completed,android,paid_search
e_000819,u_000819,s_e_000819,2026-07-05 19:56:46 UTC,signup_completed,web,paid_search
e_000820,u_000820,s_e_000820,2026-07-05 06:42:20 UTC,signup_completed,android,paid_search
e_000821,u_000821,s_e_000821,2026-07-05 17:27:51 UTC,signup_completed,ios,push
e_000822,u_000822,s_e_000822,2026-07-05 19:51:12 UTC,signup_completed,web,push
e_000823,u_000823,s_e_000823,2026-07-05 00:56:23 UTC,signup_completed,android,push
e_000824,u_000824,s_e_000824,2026-07-05 07:28:10 UTC,signup_completed,android,push
e_000825,u_000825,s_e_000825,2026-07-05 00:19:58 UTC,signup_completed,web,push
e_000826,u_000826,s_e_000826,2026-07-05 01:25:57 UTC,signup_completed,web,push
e_000827,u_000827,s_e_000827,2026-07-05 18:28:21 UTC,signup_completed,android,push
e_000828,u_000828,s_e_000828,2026-07-05 05:14:41 UTC,signup_completed,web,push
e_000829,u_000829,s_e_000829,2026-07-05 15:56:10 UTC,signup_completed,ios,push
e_000830,u_000830,s_e_000830,2026-07-05 17:34:20 UTC,signup_completed,ios,push
e_000831,u_000831,s_e_000831,2026-07-05 13:56:52 UTC,signup_completed,ios,push
e_000832,u_000832,s_e_000832,2026-07-05 13:18:14 UTC,signup_completed,web,push
e_000833,u_000833,s_e_000833,2026-07-05 12:15:18 UTC,signup_completed,android,push
e_000834,u_000834,s_e_000834,2026-07-05 04:29:59 UTC,signup_completed,android,push
e_000835,u_000835,s_e_000835,2026-07-05 06:01:39 UTC,signup_completed,web,push
e_000836,u_000836,s_e_000836,2026-07-05 04:30:52 UTC,signup_completed,ios,push
e_000837,u_000837,s_e_000837,2026-07-05 00:06:08 UTC,signup_completed,web,push
e_000838,u_000838,s_e_000838,2026-07-05 21:51:24 UTC,signup_completed,android,push
e_000839,u_000839,s_e_000839,2026-07-05 11:01:24 UTC,signup_completed,android,push
e_000840,u_000840,s_e_000840,2026-07-05 11:16:04 UTC,signup_completed,android,push
e_000841,u_000841,s_e_000841,2026-07-05 17:01:08 UTC,signup_completed,android,push
e_000842,u_000842,s_e_000842,2026-07-05 08:38:57 UTC,signup_completed,web,email
e_000843,u_000843,s_e_000843,2026-07-05 16:18:42 UTC,signup_completed,web,email
e_000844,u_000844,s_e_000844,2026-07-05 03:01:54 UTC,signup_completed,ios,email
e_000845,u_000845,s_e_000845,2026-07-05 08:56:00 UTC,signup_completed,web,email
e_000846,u_000846,s_e_000846,2026-07-05 23:12:08 UTC,signup_completed,ios,email
e_000847,u_000847,s_e_000847,2026-07-05 15:14:47 UTC,signup_completed,android,email
e_000848,u_000848,s_e_000848,2026-07-05 22:22:08 UTC,signup_completed,web,email
e_000849,u_000849,s_e_000849,2026-07-05 05:11:38 UTC,signup_completed,android,email
e_000850,u_000850,s_e_000850,2026-07-05 14:51:47 UTC,signup_completed,android,email
e_000851,u_000851,s_e_000851,2026-07-05 15:37:44 UTC,signup_completed,android,email
e_000852,u_000852,s_e_000852,2026-07-05 03:09:52 UTC,signup_completed,web,email
e_000853,u_000853,s_e_000853,2026-07-05 20:56:02 UTC,signup_completed,web,email
e_000854,u_000854,s_e_000854,2026-07-05 07:44:42 UTC,signup_completed,ios,email
e_000855,u_000855,s_e_000855,2026-07-05 09:17:49 UTC,signup_completed,android,email
e_000856,u_000856,s_e_000856,2026-07-05 01:00:20 UTC,signup_completed,ios,email
e_000857,u_000857,s_e_000857,2026-07-05 14:40:54 UTC,signup_completed,web,email
e_000858,u_000858,s_e_000858,2026-07-05 09:49:37 UTC,signup_completed,ios,referral
e_000859,u_000859,s_e_000859,2026-07-05 23:25:04 UTC,signup_completed,web,referral
e_000860,u_000860,s_e_000860,2026-07-05 00:36:14 UTC,signup_completed,android,referral
e_000861,u_000861,s_e_000861,2026-07-05 04:42:35 UTC,signup_completed,android,referral
e_000862,u_000862,s_e_000862,2026-07-05 23:25:20 UTC,signup_completed,android,referral
e_000863,u_000863,s_e_000863,2026-07-05 00:40:54 UTC,signup_completed,ios,referral
e_000864,u_000864,s_e_000864,2026-07-05 19:35:23 UTC,signup_completed,ios,referral
e_000865,u_000865,s_e_000865,2026-07-05 17:13:58 UTC,signup_completed,ios,referral
e_000866,u_000866,s_e_000866,2026-07-05 07:08:33 UTC,signup_completed,android,referral
e_000867,u_000867,s_e_000867,2026-07-05 14:26:18 UTC,signup_completed,web,referral
e_000868,u_000868,s_e_000868,2026-07-05 22:50:09 UTC,signup_completed,ios,referral
e_000869,u_000869,s_e_000869,2026-07-05 10:48:03 UTC,signup_completed,web,referral
e_000870,u_000870,s_e_000870,2026-07-05 09:19:55 UTC,signup_completed,ios,referral
e_000871,u_000871,s_e_000871,2026-07-05 16:37:50 UTC,signup_completed,web,referral
e_000872,u_000872,s_e_000872,2026-07-05 18:11:14 UTC,signup_completed,web,referral
e_000873,u_000873,s_e_000873,2026-07-05 04:51:49 UTC,signup_completed,android,referral
e_000874,u_000874,s_e_000874,2026-07-06 12:55:39 UTC,signup_completed,web,organic
e_000875,u_000875,s_e_000875,2026-07-06 04:51:17 UTC,signup_completed,ios,organic
e_000876,u_000876,s_e_000876,2026-07-06 22:51:18 UTC,signup_completed,web,organic
e_000877,u_000877,s_e_000877,2026-07-06 07:48:37 UTC,signup_completed,ios,organic
e_000878,u_000878,s_e_000878,2026-07-06 22:02:41 UTC,signup_completed,web,organic
e_000879,u_000879,s_e_000879,2026-07-06 05:18:05 UTC,signup_completed,ios,organic
e_000880,u_000880,s_e_000880,2026-07-06 09:57:59 UTC,signup_completed,web,organic
e_000881,u_000881,s_e_000881,2026-07-06 09:39:29 UTC,signup_completed,web,organic
e_000882,u_000882,s_e_000882,2026-07-06 22:46:21 UTC,signup_completed,android,organic
e_000883,u_000883,s_e_000883,2026-07-06 14:33:37 UTC,signup_completed,android,organic
e_000884,u_000884,s_e_000884,2026-07-06 07:29:49 UTC,signup_completed,ios,organic
e_000885,u_000885,s_e_000885,2026-07-06 17:01:10 UTC,signup_completed,web,organic
e_000886,u_000886,s_e_000886,2026-07-06 05:04:55 UTC,signup_completed,ios,organic
e_000887,u_000887,s_e_000887,2026-07-06 19:19:44 UTC,signup_completed,web,organic
e_000888,u_000888,s_e_000888,2026-07-06 10:30:12 UTC,signup_completed,web,organic
e_000889,u_000889,s_e_000889,2026-07-06 12:11:51 UTC,signup_completed,ios,organic
e_000890,u_000890,s_e_000890,2026-07-06 13:32:36 UTC,signup_completed,web,organic
e_000891,u_000891,s_e_000891,2026-07-06 12:23:59 UTC,signup_completed,android,organic
e_000892,u_000892,s_e_000892,2026-07-06 04:34:11 UTC,signup_completed,android,organic
e_000893,u_000893,s_e_000893,2026-07-06 19:55:54 UTC,signup_completed,ios,organic
e_000894,u_000894,s_e_000894,2026-07-06 08:23:42 UTC,signup_completed,ios,organic
e_000895,u_000895,s_e_000895,2026-07-06 21:24:05 UTC,signup_completed,android,organic
e_000896,u_000896,s_e_000896,2026-07-06 03:53:18 UTC,signup_completed,web,organic
e_000897,u_000897,s_e_000897,2026-07-06 12:02:08 UTC,signup_completed,android,organic
e_000898,u_000898,s_e_000898,2026-07-06 05:13:17 UTC,signup_completed,android,organic
e_000899,u_000899,s_e_000899,2026-07-06 19:33:35 UTC,signup_completed,android,organic
e_000900,u_000900,s_e_000900,2026-07-06 01:14:58 UTC,signup_completed,ios,organic
e_000901,u_000901,s_e_000901,2026-07-06 23:04:40 UTC,signup_completed,web,organic
e_000902,u_000902,s_e_000902,2026-07-06 07:16:28 UTC,signup_completed,web,organic
e_000903,u_000903,s_e_000903,2026-07-06 06:18:44 UTC,signup_completed,ios,organic
e_000904,u_000904,s_e_000904,2026-07-06 23:04:18 UTC,signup_completed,android,organic
e_000905,u_000905,s_e_000905,2026-07-06 23:33:29 UTC,signup_completed,android,organic
e_000906,u_000906,s_e_000906,2026-07-06 14:36:31 UTC,signup_completed,ios,organic
e_000907,u_000907,s_e_000907,2026-07-06 10:51:57 UTC,signup_completed,web,organic
e_000908,u_000908,s_e_000908,2026-07-06 00:35:27 UTC,signup_completed,android,organic
e_000909,u_000909,s_e_000909,2026-07-06 16:07:41 UTC,signup_completed,web,organic
e_000910,u_000910,s_e_000910,2026-07-06 09:23:31 UTC,signup_completed,ios,organic
e_000911,u_000911,s_e_000911,2026-07-06 08:09:07 UTC,signup_completed,web,organic
e_000912,u_000912,s_e_000912,2026-07-06 07:22:24 UTC,signup_completed,ios,organic
e_000913,u_000913,s_e_000913,2026-07-06 01:53:34 UTC,signup_completed,web,organic
e_000914,u_000914,s_e_000914,2026-07-06 08:41:17 UTC,signup_completed,ios,organic
e_000915,u_000915,s_e_000915,2026-07-06 17:11:56 UTC,signup_completed,ios,organic
e_000916,u_000916,s_e_000916,2026-07-06 15:54:14 UTC,signup_completed,android,paid_search
e_000917,u_000917,s_e_000917,2026-07-06 07:27:36 UTC,signup_completed,android,paid_search
e_000918,u_000918,s_e_000918,2026-07-06 08:05:07 UTC,signup_completed,android,paid_search
e_000919,u_000919,s_e_000919,2026-07-06 18:09:48 UTC,signup_completed,android,paid_search
e_000920,u_000920,s_e_000920,2026-07-06 22:14:24 UTC,signup_completed,web,paid_search
e_000921,u_000921,s_e_000921,2026-07-06 03:13:22 UTC,signup_completed,ios,paid_search
e_000922,u_000922,s_e_000922,2026-07-06 06:00:11 UTC,signup_completed,android,paid_search
e_000923,u_000923,s_e_000923,2026-07-06 17:44:27 UTC,signup_completed,android,paid_search
e_000924,u_000924,s_e_000924,2026-07-06 19:56:50 UTC,signup_completed,android,paid_search
e_000925,u_000925,s_e_000925,2026-07-06 14:11:17 UTC,signup_completed,ios,paid_search
e_000926,u_000926,s_e_000926,2026-07-06 16:47:23 UTC,signup_completed,android,paid_search
e_000927,u_000927,s_e_000927,2026-07-06 16:28:25 UTC,signup_completed,ios,paid_search
e_000928,u_000928,s_e_000928,2026-07-06 17:59:04 UTC,signup_completed,ios,paid_search
e_000929,u_000929,s_e_000929,2026-07-06 23:16:48 UTC,signup_completed,web,paid_search
e_000930,u_000930,s_e_000930,2026-07-06 13:17:55 UTC,signup_completed,android,paid_search
e_000931,u_000931,s_e_000931,2026-07-06 13:28:15 UTC,signup_completed,ios,paid_search
e_000932,u_000932,s_e_000932,2026-07-06 05:04:15 UTC,signup_completed,ios,paid_search
e_000933,u_000933,s_e_000933,2026-07-06 09:06:41 UTC,signup_completed,ios,paid_search
e_000934,u_000934,s_e_000934,2026-07-06 18:26:11 UTC,signup_completed,web,paid_search
e_000935,u_000935,s_e_000935,2026-07-06 07:18:25 UTC,signup_completed,ios,paid_search
e_000936,u_000936,s_e_000936,2026-07-06 14:08:51 UTC,signup_completed,android,paid_search
e_000937,u_000937,s_e_000937,2026-07-06 18:08:03 UTC,signup_completed,web,paid_search
e_000938,u_000938,s_e_000938,2026-07-06 09:50:56 UTC,signup_completed,android,paid_search
e_000939,u_000939,s_e_000939,2026-07-06 21:18:05 UTC,signup_completed,ios,paid_search
e_000940,u_000940,s_e_000940,2026-07-06 14:16:14 UTC,signup_completed,web,paid_search
e_000941,u_000941,s_e_000941,2026-07-06 17:46:14 UTC,signup_completed,web,paid_search
e_000942,u_000942,s_e_000942,2026-07-06 05:06:26 UTC,signup_completed,web,paid_search
e_000943,u_000943,s_e_000943,2026-07-06 11:45:37 UTC,signup_completed,android,paid_search
e_000944,u_000944,s_e_000944,2026-07-06 19:22:09 UTC,signup_completed,ios,push
e_000945,u_000945,s_e_000945,2026-07-06 17:28:32 UTC,signup_completed,ios,push
e_000946,u_000946,s_e_000946,2026-07-06 13:56:20 UTC,signup_completed,android,push
e_000947,u_000947,s_e_000947,2026-07-06 20:20:25 UTC,signup_completed,web,push
e_000948,u_000948,s_e_000948,2026-07-06 16:28:44 UTC,signup_completed,web,push
e_000949,u_000949,s_e_000949,2026-07-06 04:46:30 UTC,signup_completed,web,push
e_000950,u_000950,s_e_000950,2026-07-06 12:28:00 UTC,signup_completed,ios,push
e_000951,u_000951,s_e_000951,2026-07-06 07:57:58 UTC,signup_completed,ios,push
e_000952,u_000952,s_e_000952,2026-07-06 13:57:24 UTC,signup_completed,ios,push
e_000953,u_000953,s_e_000953,2026-07-06 00:13:59 UTC,signup_completed,android,push
e_000954,u_000954,s_e_000954,2026-07-06 01:40:28 UTC,signup_completed,android,push
e_000955,u_000955,s_e_000955,2026-07-06 04:09:06 UTC,signup_completed,android,push
e_000956,u_000956,s_e_000956,2026-07-06 04:45:31 UTC,signup_completed,android,push
e_000957,u_000957,s_e_000957,2026-07-06 19:51:16 UTC,signup_completed,android,push
e_000958,u_000958,s_e_000958,2026-07-06 19:21:58 UTC,signup_completed,ios,push
e_000959,u_000959,s_e_000959,2026-07-06 00:20:54 UTC,signup_completed,android,push
e_000960,u_000960,s_e_000960,2026-07-06 06:44:52 UTC,signup_completed,ios,push
e_000961,u_000961,s_e_000961,2026-07-06 10:56:30 UTC,signup_completed,android,push
e_000962,u_000962,s_e_000962,2026-07-06 08:32:47 UTC,signup_completed,web,push
e_000963,u_000963,s_e_000963,2026-07-06 17:50:10 UTC,signup_completed,android,push
e_000964,u_000964,s_e_000964,2026-07-06 19:25:37 UTC,signup_completed,web,push
e_000965,u_000965,s_e_000965,2026-07-06 09:57:18 UTC,signup_completed,android,push
e_000966,u_000966,s_e_000966,2026-07-06 14:44:14 UTC,signup_completed,android,push
e_000967,u_000967,s_e_000967,2026-07-06 10:36:14 UTC,signup_completed,web,push
e_000968,u_000968,s_e_000968,2026-07-06 12:47:11 UTC,signup_completed,android,push
e_000969,u_000969,s_e_000969,2026-07-06 04:29:19 UTC,signup_completed,ios,push
e_000970,u_000970,s_e_000970,2026-07-06 02:33:43 UTC,signup_completed,ios,push
e_000971,u_000971,s_e_000971,2026-07-06 22:14:51 UTC,signup_completed,android,push
e_000972,u_000972,s_e_000972,2026-07-06 12:58:04 UTC,signup_completed,web,email
e_000973,u_000973,s_e_000973,2026-07-06 11:31:31 UTC,signup_completed,web,email
e_000974,u_000974,s_e_000974,2026-07-06 05:20:35 UTC,signup_completed,android,email
e_000975,u_000975,s_e_000975,2026-07-06 12:58:40 UTC,signup_completed,ios,email
e_000976,u_000976,s_e_000976,2026-07-06 15:25:58 UTC,signup_completed,ios,email
e_000977,u_000977,s_e_000977,2026-07-06 20:39:11 UTC,signup_completed,android,email
e_000978,u_000978,s_e_000978,2026-07-06 20:55:35 UTC,signup_completed,web,email
e_000979,u_000979,s_e_000979,2026-07-06 08:27:40 UTC,signup_completed,ios,email
e_000980,u_000980,s_e_000980,2026-07-06 20:32:58 UTC,signup_completed,ios,email
e_000981,u_000981,s_e_000981,2026-07-06 13:08:03 UTC,signup_completed,android,email
e_000982,u_000982,s_e_000982,2026-07-06 17:17:59 UTC,signup_completed,android,email
e_000983,u_000983,s_e_000983,2026-07-06 13:26:19 UTC,signup_completed,web,email
e_000984,u_000984,s_e_000984,2026-07-06 20:17:43 UTC,signup_completed,android,email
e_000985,u_000985,s_e_000985,2026-07-06 23:11:46 UTC,signup_completed,android,email
e_000986,u_000986,s_e_000986,2026-07-06 15:49:22 UTC,signup_completed,web,email
e_000987,u_000987,s_e_000987,2026-07-06 01:23:16 UTC,signup_completed,web,email
e_000988,u_000988,s_e_000988,2026-07-06 19:29:00 UTC,signup_completed,ios,email
e_000989,u_000989,s_e_000989,2026-07-06 02:30:44 UTC,signup_completed,ios,email
e_000990,u_000990,s_e_000990,2026-07-06 10:06:10 UTC,signup_completed,web,email
e_000991,u_000991,s_e_000991,2026-07-06 19:19:45 UTC,signup_completed,web,email
e_000992,u_000992,s_e_000992,2026-07-06 22:19:06 UTC,signup_completed,android,email
e_000993,u_000993,s_e_000993,2026-07-06 13:56:50 UTC,signup_completed,ios,referral
e_000994,u_000994,s_e_000994,2026-07-06 05:02:24 UTC,signup_completed,android,referral
e_000995,u_000995,s_e_000995,2026-07-06 17:53:27 UTC,signup_completed,ios,referral
e_000996,u_000996,s_e_000996,2026-07-06 06:43:07 UTC,signup_completed,android,referral
e_000997,u_000997,s_e_000997,2026-07-06 05:16:06 UTC,signup_completed,ios,referral
e_000998,u_000998,s_e_000998,2026-07-06 12:04:07 UTC,signup_completed,android,referral
e_000999,u_000999,s_e_000999,2026-07-06 13:31:08 UTC,signup_completed,ios,referral
e_001000,u_001000,s_e_001000,2026-07-06 04:36:56 UTC,signup_completed,android,referral
e_001001,u_001001,s_e_001001,2026-07-06 01:11:31 UTC,signup_completed,android,referral
e_001002,u_001002,s_e_001002,2026-07-06 16:07:13 UTC,signup_completed,web,referral
e_001003,u_001003,s_e_001003,2026-07-06 00:30:49 UTC,signup_completed,android,referral
e_001004,u_001004,s_e_001004,2026-07-06 08:53:08 UTC,signup_completed,android,referral
e_001005,u_001005,s_e_001005,2026-07-06 19:31:32 UTC,signup_completed,ios,referral
e_001006,u_001006,s_e_001006,2026-07-06 18:04:49 UTC,signup_completed,ios,referral
e_001007,u_001007,s_e_001007,2026-07-06 00:39:27 UTC,signup_completed,web,referral
e_001008,u_001008,s_e_001008,2026-07-06 20:26:41 UTC,signup_completed,android,referral
e_001009,u_001009,s_e_001009,2026-07-06 02:08:11 UTC,signup_completed,ios,referral
e_001010,u_001010,s_e_001010,2026-07-06 09:45:07 UTC,signup_completed,web,referral
e_001011,u_001011,s_e_001011,2026-07-06 17:10:13 UTC,signup_completed,ios,referral
e_001012,u_001012,s_e_001012,2026-07-06 00:33:54 UTC,signup_completed,ios,referral
e_001013,u_001013,s_e_001013,2026-07-06 06:31:23 UTC,signup_completed,android,referral
e_001014,u_001014,s_e_001014,2026-07-07 08:32:48 UTC,signup_completed,ios,organic
e_001015,u_001015,s_e_001015,2026-07-07 13:37:37 UTC,signup_completed,ios,organic
e_001016,u_001016,s_e_001016,2026-07-07 02:35:02 UTC,signup_completed,web,organic
e_001017,u_001017,s_e_001017,2026-07-07 09:54:58 UTC,signup_completed,ios,organic
e_001018,u_001018,s_e_001018,2026-07-07 03:47:58 UTC,signup_completed,web,organic
e_001019,u_001019,s_e_001019,2026-07-07 05:55:02 UTC,signup_completed,android,organic
e_001020,u_001020,s_e_001020,2026-07-07 05:49:41 UTC,signup_completed,web,organic
e_001021,u_001021,s_e_001021,2026-07-07 08:47:52 UTC,signup_completed,ios,organic
e_001022,u_001022,s_e_001022,2026-07-07 16:09:39 UTC,signup_completed,web,organic
e_001023,u_001023,s_e_001023,2026-07-07 08:44:42 UTC,signup_completed,ios,organic
e_001024,u_001024,s_e_001024,2026-07-07 23:25:41 UTC,signup_completed,android,organic
e_001025,u_001025,s_e_001025,2026-07-07 21:34:39 UTC,signup_completed,web,organic
e_001026,u_001026,s_e_001026,2026-07-07 20:28:34 UTC,signup_completed,web,organic
e_001027,u_001027,s_e_001027,2026-07-07 09:34:30 UTC,signup_completed,ios,organic
e_001028,u_001028,s_e_001028,2026-07-07 11:11:21 UTC,signup_completed,ios,organic
e_001029,u_001029,s_e_001029,2026-07-07 13:46:00 UTC,signup_completed,web,organic
e_001030,u_001030,s_e_001030,2026-07-07 16:33:49 UTC,signup_completed,ios,organic
e_001031,u_001031,s_e_001031,2026-07-07 17:12:28 UTC,signup_completed,ios,organic
e_001032,u_001032,s_e_001032,2026-07-07 17:25:15 UTC,signup_completed,web,organic
e_001033,u_001033,s_e_001033,2026-07-07 22:35:44 UTC,signup_completed,android,organic
e_001034,u_001034,s_e_001034,2026-07-07 14:25:35 UTC,signup_completed,ios,organic
e_001035,u_001035,s_e_001035,2026-07-07 00:11:08 UTC,signup_completed,android,organic
e_001036,u_001036,s_e_001036,2026-07-07 09:42:49 UTC,signup_completed,ios,organic
e_001037,u_001037,s_e_001037,2026-07-07 09:42:57 UTC,signup_completed,android,organic
e_001038,u_001038,s_e_001038,2026-07-07 17:07:47 UTC,signup_completed,web,organic
e_001039,u_001039,s_e_001039,2026-07-07 07:36:39 UTC,signup_completed,android,organic
e_001040,u_001040,s_e_001040,2026-07-07 20:17:01 UTC,signup_completed,android,organic
e_001041,u_001041,s_e_001041,2026-07-07 09:53:29 UTC,signup_completed,ios,organic
e_001042,u_001042,s_e_001042,2026-07-07 14:03:26 UTC,signup_completed,ios,organic
e_001043,u_001043,s_e_001043,2026-07-07 11:41:46 UTC,signup_completed,android,organic
e_001044,u_001044,s_e_001044,2026-07-07 08:04:03 UTC,signup_completed,web,organic
e_001045,u_001045,s_e_001045,2026-07-07 16:04:36 UTC,signup_completed,android,organic
e_001046,u_001046,s_e_001046,2026-07-07 12:05:29 UTC,signup_completed,web,organic
e_001047,u_001047,s_e_001047,2026-07-07 12:40:07 UTC,signup_completed,android,organic
e_001048,u_001048,s_e_001048,2026-07-07 01:31:06 UTC,signup_completed,ios,organic
e_001049,u_001049,s_e_001049,2026-07-07 00:28:28 UTC,signup_completed,ios,organic
e_001050,u_001050,s_e_001050,2026-07-07 19:36:49 UTC,signup_completed,ios,organic
e_001051,u_001051,s_e_001051,2026-07-07 03:02:13 UTC,signup_completed,android,organic
e_001052,u_001052,s_e_001052,2026-07-07 06:11:14 UTC,signup_completed,ios,organic
e_001053,u_001053,s_e_001053,2026-07-07 21:04:20 UTC,signup_completed,web,organic
e_001054,u_001054,s_e_001054,2026-07-07 10:01:51 UTC,signup_completed,ios,paid_search
e_001055,u_001055,s_e_001055,2026-07-07 11:52:57 UTC,signup_completed,android,paid_search
e_001056,u_001056,s_e_001056,2026-07-07 15:45:27 UTC,signup_completed,android,paid_search
e_001057,u_001057,s_e_001057,2026-07-07 02:32:46 UTC,signup_completed,android,paid_search
e_001058,u_001058,s_e_001058,2026-07-07 11:42:44 UTC,signup_completed,android,paid_search
e_001059,u_001059,s_e_001059,2026-07-07 04:58:07 UTC,signup_completed,web,paid_search
e_001060,u_001060,s_e_001060,2026-07-07 19:40:22 UTC,signup_completed,web,paid_search
e_001061,u_001061,s_e_001061,2026-07-07 07:24:17 UTC,signup_completed,web,paid_search
e_001062,u_001062,s_e_001062,2026-07-07 08:18:45 UTC,signup_completed,ios,paid_search
e_001063,u_001063,s_e_001063,2026-07-07 21:15:30 UTC,signup_completed,android,paid_search
e_001064,u_001064,s_e_001064,2026-07-07 20:34:28 UTC,signup_completed,android,paid_search
e_001065,u_001065,s_e_001065,2026-07-07 02:29:07 UTC,signup_completed,ios,paid_search
e_001066,u_001066,s_e_001066,2026-07-07 21:20:50 UTC,signup_completed,ios,paid_search
e_001067,u_001067,s_e_001067,2026-07-07 04:01:15 UTC,signup_completed,web,paid_search
e_001068,u_001068,s_e_001068,2026-07-07 06:43:46 UTC,signup_completed,ios,paid_search
e_001069,u_001069,s_e_001069,2026-07-07 02:31:37 UTC,signup_completed,ios,paid_search
e_001070,u_001070,s_e_001070,2026-07-07 16:38:23 UTC,signup_completed,ios,paid_search
e_001071,u_001071,s_e_001071,2026-07-07 05:35:41 UTC,signup_completed,ios,paid_search
e_001072,u_001072,s_e_001072,2026-07-07 21:17:42 UTC,signup_completed,ios,paid_search
e_001073,u_001073,s_e_001073,2026-07-07 23:43:23 UTC,signup_completed,android,paid_search
e_001074,u_001074,s_e_001074,2026-07-07 10:18:46 UTC,signup_completed,web,paid_search
e_001075,u_001075,s_e_001075,2026-07-07 19:19:49 UTC,signup_completed,ios,paid_search
e_001076,u_001076,s_e_001076,2026-07-07 12:27:26 UTC,signup_completed,web,paid_search
e_001077,u_001077,s_e_001077,2026-07-07 03:31:18 UTC,signup_completed,android,paid_search
e_001078,u_001078,s_e_001078,2026-07-07 15:56:29 UTC,signup_completed,web,paid_search
e_001079,u_001079,s_e_001079,2026-07-07 09:07:04 UTC,signup_completed,web,paid_search
e_001080,u_001080,s_e_001080,2026-07-07 23:44:07 UTC,signup_completed,ios,paid_search
e_001081,u_001081,s_e_001081,2026-07-07 03:42:16 UTC,signup_completed,android,push
e_001082,u_001082,s_e_001082,2026-07-07 18:51:27 UTC,signup_completed,android,push
e_001083,u_001083,s_e_001083,2026-07-07 00:20:00 UTC,signup_completed,ios,push
e_001084,u_001084,s_e_001084,2026-07-07 10:24:36 UTC,signup_completed,android,push
e_001085,u_001085,s_e_001085,2026-07-07 20:06:47 UTC,signup_completed,ios,push
e_001086,u_001086,s_e_001086,2026-07-07 15:50:02 UTC,signup_completed,android,push
e_001087,u_001087,s_e_001087,2026-07-07 11:12:42 UTC,signup_completed,web,push
e_001088,u_001088,s_e_001088,2026-07-07 05:58:33 UTC,signup_completed,web,push
e_001089,u_001089,s_e_001089,2026-07-07 21:20:24 UTC,signup_completed,ios,email
e_001090,u_001090,s_e_001090,2026-07-07 23:31:41 UTC,signup_completed,android,email
e_001091,u_001091,s_e_001091,2026-07-07 09:14:25 UTC,signup_completed,ios,email
e_001092,u_001092,s_e_001092,2026-07-07 14:48:32 UTC,signup_completed,android,email
e_001093,u_001093,s_e_001093,2026-07-07 23:08:25 UTC,signup_completed,web,email
e_001094,u_001094,s_e_001094,2026-07-07 03:11:48 UTC,signup_completed,android,email
e_001095,u_001095,s_e_001095,2026-07-07 18:03:20 UTC,signup_completed,web,email
e_001096,u_001096,s_e_001096,2026-07-07 05:01:32 UTC,signup_completed,android,referral
e_001097,u_001097,s_e_001097,2026-07-07 23:40:49 UTC,signup_completed,android,referral
e_001098,u_001098,s_e_001098,2026-07-07 21:45:38 UTC,signup_completed,web,referral
e_001099,u_001099,s_e_001099,2026-07-07 21:16:21 UTC,signup_completed,web,referral
e_001100,u_001100,s_e_001100,2026-07-07 07:15:41 UTC,signup_completed,android,referral
e_001101,u_001101,s_e_001101,2026-07-07 16:19:28 UTC,signup_completed,ios,referral
e_001102,u_001102,s_e_001102,2026-07-07 03:17:58 UTC,signup_completed,ios,referral
e_001103,u_001103,s_e_001103,2026-07-07 06:08:54 UTC,signup_completed,web,referral
e_001104,u_001104,s_e_001104,2026-07-07 10:24:48 UTC,signup_completed,ios,referral
e_001105,u_001105,s_e_001105,2026-07-07 00:01:11 UTC,signup_completed,ios,referral
e_001106,u_001106,s_e_001106,2026-07-07 05:43:30 UTC,signup_completed,android,referral
e_001107,u_001107,s_e_001107,2026-07-07 16:24:38 UTC,signup_completed,ios,referral
e_001108,u_001108,s_e_001108,2026-07-07 04:25:11 UTC,signup_completed,ios,referral
e_001109,u_001109,s_e_001109,2026-07-07 08:07:12 UTC,signup_completed,web,referral
e_001110,u_001110,s_e_001110,2026-07-07 14:58:21 UTC,signup_completed,ios,referral
e_001111,u_001111,s_e_001111,2026-07-07 01:18:41 UTC,signup_completed,web,referral
e_001112,u_001112,s_e_001112,2026-07-07 14:26:16 UTC,signup_completed,android,referral
e_001113,u_001113,s_e_001113,2026-07-07 14:24:09 UTC,signup_completed,android,referral
e_001114,u_001114,s_e_001114,2026-07-07 11:07:14 UTC,signup_completed,web,referral
e_001115,u_001115,s_e_001115,2026-07-07 02:17:59 UTC,signup_completed,web,referral
e_001116,u_001116,s_e_001116,2026-07-08 12:06:04 UTC,signup_completed,ios,organic
e_001117,u_001117,s_e_001117,2026-07-08 09:59:46 UTC,signup_completed,android,organic
e_001118,u_001118,s_e_001118,2026-07-08 13:54:23 UTC,signup_completed,ios,organic
e_001119,u_001119,s_e_001119,2026-07-08 18:29:56 UTC,signup_completed,web,organic
e_001120,u_001120,s_e_001120,2026-07-08 07:02:56 UTC,signup_completed,android,organic
e_001121,u_001121,s_e_001121,2026-07-08 09:48:47 UTC,signup_completed,ios,organic
e_001122,u_001122,s_e_001122,2026-07-08 07:22:31 UTC,signup_completed,ios,organic
e_001123,u_001123,s_e_001123,2026-07-08 20:24:08 UTC,signup_completed,web,organic
e_001124,u_001124,s_e_001124,2026-07-08 06:31:09 UTC,signup_completed,ios,organic
e_001125,u_001125,s_e_001125,2026-07-08 03:43:33 UTC,signup_completed,web,organic
e_001126,u_001126,s_e_001126,2026-07-08 06:00:58 UTC,signup_completed,web,organic
e_001127,u_001127,s_e_001127,2026-07-08 22:27:32 UTC,signup_completed,ios,organic
e_001128,u_001128,s_e_001128,2026-07-08 14:06:32 UTC,signup_completed,web,organic
e_001129,u_001129,s_e_001129,2026-07-08 18:22:38 UTC,signup_completed,web,organic
e_001130,u_001130,s_e_001130,2026-07-08 01:25:33 UTC,signup_completed,ios,organic
e_001131,u_001131,s_e_001131,2026-07-08 08:33:15 UTC,signup_completed,ios,organic
e_001132,u_001132,s_e_001132,2026-07-08 09:38:31 UTC,signup_completed,ios,organic
e_001133,u_001133,s_e_001133,2026-07-08 19:16:37 UTC,signup_completed,web,organic
e_001134,u_001134,s_e_001134,2026-07-08 04:48:37 UTC,signup_completed,android,organic
e_001135,u_001135,s_e_001135,2026-07-08 07:17:53 UTC,signup_completed,web,organic
e_001136,u_001136,s_e_001136,2026-07-08 08:43:53 UTC,signup_completed,android,organic
e_001137,u_001137,s_e_001137,2026-07-08 12:58:26 UTC,signup_completed,web,organic
e_001138,u_001138,s_e_001138,2026-07-08 16:09:00 UTC,signup_completed,android,organic
e_001139,u_001139,s_e_001139,2026-07-08 16:08:41 UTC,signup_completed,web,organic
e_001140,u_001140,s_e_001140,2026-07-08 03:03:50 UTC,signup_completed,ios,organic
e_001141,u_001141,s_e_001141,2026-07-08 12:54:17 UTC,signup_completed,web,organic
e_001142,u_001142,s_e_001142,2026-07-08 11:49:44 UTC,signup_completed,web,organic
e_001143,u_001143,s_e_001143,2026-07-08 06:49:49 UTC,signup_completed,ios,organic
e_001144,u_001144,s_e_001144,2026-07-08 19:43:33 UTC,signup_completed,ios,organic
e_001145,u_001145,s_e_001145,2026-07-08 15:25:01 UTC,signup_completed,android,organic
e_001146,u_001146,s_e_001146,2026-07-08 16:31:37 UTC,signup_completed,android,organic
e_001147,u_001147,s_e_001147,2026-07-08 22:03:46 UTC,signup_completed,ios,organic
e_001148,u_001148,s_e_001148,2026-07-08 02:34:38 UTC,signup_completed,web,organic
e_001149,u_001149,s_e_001149,2026-07-08 13:15:47 UTC,signup_completed,ios,organic
e_001150,u_001150,s_e_001150,2026-07-08 07:27:55 UTC,signup_completed,android,organic
e_001151,u_001151,s_e_001151,2026-07-08 03:59:50 UTC,signup_completed,ios,organic
e_001152,u_001152,s_e_001152,2026-07-08 15:21:54 UTC,signup_completed,android,organic
e_001153,u_001153,s_e_001153,2026-07-08 09:15:30 UTC,signup_completed,ios,organic
e_001154,u_001154,s_e_001154,2026-07-08 23:05:32 UTC,signup_completed,ios,organic
e_001155,u_001155,s_e_001155,2026-07-08 08:49:25 UTC,signup_completed,android,organic
e_001156,u_001156,s_e_001156,2026-07-08 15:35:47 UTC,signup_completed,web,organic
e_001157,u_001157,s_e_001157,2026-07-08 17:40:12 UTC,signup_completed,ios,paid_search
e_001158,u_001158,s_e_001158,2026-07-08 14:41:32 UTC,signup_completed,web,paid_search
e_001159,u_001159,s_e_001159,2026-07-08 17:06:51 UTC,signup_completed,android,paid_search
e_001160,u_001160,s_e_001160,2026-07-08 08:40:14 UTC,signup_completed,web,paid_search
e_001161,u_001161,s_e_001161,2026-07-08 19:42:51 UTC,signup_completed,ios,paid_search
e_001162,u_001162,s_e_001162,2026-07-08 03:53:00 UTC,signup_completed,web,paid_search
e_001163,u_001163,s_e_001163,2026-07-08 02:19:12 UTC,signup_completed,web,paid_search
e_001164,u_001164,s_e_001164,2026-07-08 08:06:15 UTC,signup_completed,ios,paid_search
e_001165,u_001165,s_e_001165,2026-07-08 11:36:00 UTC,signup_completed,ios,paid_search
e_001166,u_001166,s_e_001166,2026-07-08 21:38:14 UTC,signup_completed,web,paid_search
e_001167,u_001167,s_e_001167,2026-07-08 08:18:52 UTC,signup_completed,ios,paid_search
e_001168,u_001168,s_e_001168,2026-07-08 00:37:40 UTC,signup_completed,ios,paid_search
e_001169,u_001169,s_e_001169,2026-07-08 15:06:58 UTC,signup_completed,ios,paid_search
e_001170,u_001170,s_e_001170,2026-07-08 01:40:26 UTC,signup_completed,android,paid_search
e_001171,u_001171,s_e_001171,2026-07-08 22:44:31 UTC,signup_completed,android,paid_search
e_001172,u_001172,s_e_001172,2026-07-08 18:05:03 UTC,signup_completed,web,paid_search
e_001173,u_001173,s_e_001173,2026-07-08 05:06:30 UTC,signup_completed,web,paid_search
e_001174,u_001174,s_e_001174,2026-07-08 12:02:08 UTC,signup_completed,web,paid_search
e_001175,u_001175,s_e_001175,2026-07-08 07:30:45 UTC,signup_completed,web,paid_search
e_001176,u_001176,s_e_001176,2026-07-08 05:03:22 UTC,signup_completed,web,paid_search
e_001177,u_001177,s_e_001177,2026-07-08 15:53:51 UTC,signup_completed,android,paid_search
e_001178,u_001178,s_e_001178,2026-07-08 10:07:53 UTC,signup_completed,android,paid_search
e_001179,u_001179,s_e_001179,2026-07-08 14:12:50 UTC,signup_completed,web,paid_search
e_001180,u_001180,s_e_001180,2026-07-08 00:11:06 UTC,signup_completed,web,paid_search
e_001181,u_001181,s_e_001181,2026-07-08 03:36:43 UTC,signup_completed,android,paid_search
e_001182,u_001182,s_e_001182,2026-07-08 19:44:09 UTC,signup_completed,web,paid_search
e_001183,u_001183,s_e_001183,2026-07-08 15:03:08 UTC,signup_completed,web,paid_search
e_001184,u_001184,s_e_001184,2026-07-08 00:40:12 UTC,signup_completed,ios,paid_search
e_001185,u_001185,s_e_001185,2026-07-08 06:12:23 UTC,signup_completed,web,push
e_001186,u_001186,s_e_001186,2026-07-08 20:41:00 UTC,signup_completed,web,push
e_001187,u_001187,s_e_001187,2026-07-08 03:20:36 UTC,signup_completed,android,push
e_001188,u_001188,s_e_001188,2026-07-08 10:30:30 UTC,signup_completed,ios,push
e_001189,u_001189,s_e_001189,2026-07-08 03:25:37 UTC,signup_completed,web,push
e_001190,u_001190,s_e_001190,2026-07-08 13:04:28 UTC,signup_completed,web,push
e_001191,u_001191,s_e_001191,2026-07-08 15:33:12 UTC,signup_completed,web,push
e_001192,u_001192,s_e_001192,2026-07-08 02:15:58 UTC,signup_completed,ios,push
e_001193,u_001193,s_e_001193,2026-07-08 05:43:26 UTC,signup_completed,android,push
e_001194,u_001194,s_e_001194,2026-07-08 17:34:40 UTC,signup_completed,android,push
e_001195,u_001195,s_e_001195,2026-07-08 22:21:53 UTC,signup_completed,ios,push
e_001196,u_001196,s_e_001196,2026-07-08 19:35:10 UTC,signup_completed,android,push
e_001197,u_001197,s_e_001197,2026-07-08 17:43:33 UTC,signup_completed,android,push
e_001198,u_001198,s_e_001198,2026-07-08 19:57:40 UTC,signup_completed,web,push
e_001199,u_001199,s_e_001199,2026-07-08 09:46:44 UTC,signup_completed,ios,push
e_001200,u_001200,s_e_001200,2026-07-08 16:48:21 UTC,signup_completed,android,push
e_001201,u_001201,s_e_001201,2026-07-08 20:15:57 UTC,signup_completed,web,push
e_001202,u_001202,s_e_001202,2026-07-08 06:28:17 UTC,signup_completed,android,push
e_001203,u_001203,s_e_001203,2026-07-08 10:22:17 UTC,signup_completed,android,push
e_001204,u_001204,s_e_001204,2026-07-08 19:26:10 UTC,signup_completed,web,push
e_001205,u_001205,s_e_001205,2026-07-08 09:13:24 UTC,signup_completed,web,push
e_001206,u_001206,s_e_001206,2026-07-08 04:54:29 UTC,signup_completed,ios,push
e_001207,u_001207,s_e_001207,2026-07-08 02:23:04 UTC,signup_completed,android,push
e_001208,u_001208,s_e_001208,2026-07-08 16:52:38 UTC,signup_completed,android,push
e_001209,u_001209,s_e_001209,2026-07-08 13:02:08 UTC,signup_completed,android,push
e_001210,u_001210,s_e_001210,2026-07-08 08:36:44 UTC,signup_completed,android,push
e_001211,u_001211,s_e_001211,2026-07-08 05:19:06 UTC,signup_completed,ios,push
e_001212,u_001212,s_e_001212,2026-07-08 12:47:24 UTC,signup_completed,ios,push
e_001213,u_001213,s_e_001213,2026-07-08 21:24:24 UTC,signup_completed,ios,email
e_001214,u_001214,s_e_001214,2026-07-08 20:52:21 UTC,signup_completed,web,email
e_001215,u_001215,s_e_001215,2026-07-08 10:10:25 UTC,signup_completed,android,email
e_001216,u_001216,s_e_001216,2026-07-08 13:26:24 UTC,signup_completed,ios,email
e_001217,u_001217,s_e_001217,2026-07-08 23:50:28 UTC,signup_completed,android,email
e_001218,u_001218,s_e_001218,2026-07-08 16:46:21 UTC,signup_completed,ios,email
e_001219,u_001219,s_e_001219,2026-07-08 14:26:21 UTC,signup_completed,web,email
e_001220,u_001220,s_e_001220,2026-07-08 00:05:44 UTC,signup_completed,android,email
e_001221,u_001221,s_e_001221,2026-07-08 15:27:46 UTC,signup_completed,web,email
e_001222,u_001222,s_e_001222,2026-07-08 06:24:42 UTC,signup_completed,ios,email
e_001223,u_001223,s_e_001223,2026-07-08 18:22:49 UTC,signup_completed,web,email
e_001224,u_001224,s_e_001224,2026-07-08 19:35:45 UTC,signup_completed,android,email
e_001225,u_001225,s_e_001225,2026-07-08 14:59:44 UTC,signup_completed,android,email
e_001226,u_001226,s_e_001226,2026-07-08 15:40:59 UTC,signup_completed,android,email
e_001227,u_001227,s_e_001227,2026-07-08 06:29:20 UTC,signup_completed,web,email
e_001228,u_001228,s_e_001228,2026-07-08 06:33:32 UTC,signup_completed,ios,email
e_001229,u_001229,s_e_001229,2026-07-08 12:18:00 UTC,signup_completed,android,email
e_001230,u_001230,s_e_001230,2026-07-08 05:56:44 UTC,signup_completed,ios,email
e_001231,u_001231,s_e_001231,2026-07-08 20:15:01 UTC,signup_completed,ios,email
e_001232,u_001232,s_e_001232,2026-07-08 01:10:14 UTC,signup_completed,ios,email
e_001233,u_001233,s_e_001233,2026-07-08 05:43:35 UTC,signup_completed,web,email
e_001234,u_001234,s_e_001234,2026-07-08 07:54:20 UTC,signup_completed,ios,referral
e_001235,u_001235,s_e_001235,2026-07-08 09:13:08 UTC,signup_completed,web,referral
e_001236,u_001236,s_e_001236,2026-07-08 23:26:25 UTC,signup_completed,android,referral
e_001237,u_001237,s_e_001237,2026-07-08 19:59:41 UTC,signup_completed,web,referral
e_001238,u_001238,s_e_001238,2026-07-08 09:35:08 UTC,signup_completed,android,referral
e_001239,u_001239,s_e_001239,2026-07-08 16:50:07 UTC,signup_completed,web,referral
e_001240,u_001240,s_e_001240,2026-07-08 19:20:50 UTC,signup_completed,android,referral
e_001241,u_001241,s_e_001241,2026-07-08 03:02:17 UTC,signup_completed,ios,referral
e_001242,u_001242,s_e_001242,2026-07-08 14:52:25 UTC,signup_completed,android,referral
e_001243,u_001243,s_e_001243,2026-07-08 17:43:17 UTC,signup_completed,android,referral
e_001244,u_001244,s_e_001244,2026-07-08 04:33:59 UTC,signup_completed,web,referral
e_001245,u_001245,s_e_001245,2026-07-08 18:58:46 UTC,signup_completed,android,referral
e_001246,u_001246,s_e_001246,2026-07-08 04:12:50 UTC,signup_completed,ios,referral
e_001247,u_001247,s_e_001247,2026-07-08 22:36:38 UTC,signup_completed,ios,referral
e_001248,u_001248,s_e_001248,2026-07-08 01:28:05 UTC,signup_completed,ios,referral
e_001249,u_001249,s_e_001249,2026-07-08 11:44:49 UTC,signup_completed,web,referral
e_001250,u_001250,s_e_001250,2026-07-08 19:23:46 UTC,signup_completed,ios,referral
e_001251,u_001251,s_e_001251,2026-07-08 06:04:07 UTC,signup_completed,ios,referral
e_001252,u_001252,s_e_001252,2026-07-08 20:24:15 UTC,signup_completed,ios,referral
e_001253,u_001253,s_e_001253,2026-07-08 13:00:05 UTC,signup_completed,android,referral
e_001254,u_001254,s_e_001254,2026-07-08 21:03:41 UTC,signup_completed,ios,referral
e_001255,u_001255,s_e_001255,2026-07-09 07:49:56 UTC,signup_completed,ios,organic
e_001256,u_001256,s_e_001256,2026-07-09 06:11:41 UTC,signup_completed,android,organic
e_001257,u_001257,s_e_001257,2026-07-09 11:45:33 UTC,signup_completed,web,organic
e_001258,u_001258,s_e_001258,2026-07-09 08:16:31 UTC,signup_completed,ios,organic
e_001259,u_001259,s_e_001259,2026-07-09 06:16:06 UTC,signup_completed,android,organic
e_001260,u_001260,s_e_001260,2026-07-09 19:38:55 UTC,signup_completed,android,organic
e_001261,u_001261,s_e_001261,2026-07-09 08:43:19 UTC,signup_completed,android,organic
e_001262,u_001262,s_e_001262,2026-07-09 17:06:48 UTC,signup_completed,android,organic
e_001263,u_001263,s_e_001263,2026-07-09 14:31:06 UTC,signup_completed,web,organic
e_001264,u_001264,s_e_001264,2026-07-09 19:31:05 UTC,signup_completed,ios,organic
e_001265,u_001265,s_e_001265,2026-07-09 12:50:29 UTC,signup_completed,android,organic
e_001266,u_001266,s_e_001266,2026-07-09 00:46:17 UTC,signup_completed,web,organic
e_001267,u_001267,s_e_001267,2026-07-09 05:41:21 UTC,signup_completed,ios,organic
e_001268,u_001268,s_e_001268,2026-07-09 02:18:19 UTC,signup_completed,ios,organic
e_001269,u_001269,s_e_001269,2026-07-09 03:06:53 UTC,signup_completed,ios,organic
e_001270,u_001270,s_e_001270,2026-07-09 23:55:46 UTC,signup_completed,ios,organic
e_001271,u_001271,s_e_001271,2026-07-09 00:37:25 UTC,signup_completed,web,organic
e_001272,u_001272,s_e_001272,2026-07-09 05:41:58 UTC,signup_completed,web,organic
e_001273,u_001273,s_e_001273,2026-07-09 04:21:25 UTC,signup_completed,android,organic
e_001274,u_001274,s_e_001274,2026-07-09 21:18:33 UTC,signup_completed,ios,organic
e_001275,u_001275,s_e_001275,2026-07-09 07:32:50 UTC,signup_completed,web,organic
e_001276,u_001276,s_e_001276,2026-07-09 02:06:13 UTC,signup_completed,web,organic
e_001277,u_001277,s_e_001277,2026-07-09 06:10:05 UTC,signup_completed,android,organic
e_001278,u_001278,s_e_001278,2026-07-09 07:43:48 UTC,signup_completed,android,organic
e_001279,u_001279,s_e_001279,2026-07-09 20:27:10 UTC,signup_completed,ios,organic
e_001280,u_001280,s_e_001280,2026-07-09 17:58:20 UTC,signup_completed,android,organic
e_001281,u_001281,s_e_001281,2026-07-09 00:37:32 UTC,signup_completed,web,organic
e_001282,u_001282,s_e_001282,2026-07-09 11:51:13 UTC,signup_completed,ios,organic
e_001283,u_001283,s_e_001283,2026-07-09 13:08:50 UTC,signup_completed,ios,organic
e_001284,u_001284,s_e_001284,2026-07-09 20:18:11 UTC,signup_completed,android,organic
e_001285,u_001285,s_e_001285,2026-07-09 23:17:59 UTC,signup_completed,ios,organic
e_001286,u_001286,s_e_001286,2026-07-09 20:22:46 UTC,signup_completed,web,organic
e_001287,u_001287,s_e_001287,2026-07-09 18:42:30 UTC,signup_completed,web,organic
e_001288,u_001288,s_e_001288,2026-07-09 19:16:01 UTC,signup_completed,web,organic
e_001289,u_001289,s_e_001289,2026-07-09 07:28:32 UTC,signup_completed,web,organic
e_001290,u_001290,s_e_001290,2026-07-09 03:04:22 UTC,signup_completed,android,organic
e_001291,u_001291,s_e_001291,2026-07-09 10:11:48 UTC,signup_completed,android,organic
e_001292,u_001292,s_e_001292,2026-07-09 17:16:47 UTC,signup_completed,web,organic
e_001293,u_001293,s_e_001293,2026-07-09 00:33:49 UTC,signup_completed,web,organic
e_001294,u_001294,s_e_001294,2026-07-09 20:18:00 UTC,signup_completed,web,organic
e_001295,u_001295,s_e_001295,2026-07-09 15:49:26 UTC,signup_completed,android,organic
e_001296,u_001296,s_e_001296,2026-07-09 04:47:28 UTC,signup_completed,ios,organic
e_001297,u_001297,s_e_001297,2026-07-09 02:40:34 UTC,signup_completed,android,organic
e_001298,u_001298,s_e_001298,2026-07-09 21:46:57 UTC,signup_completed,ios,organic
e_001299,u_001299,s_e_001299,2026-07-09 17:53:50 UTC,signup_completed,web,paid_search
e_001300,u_001300,s_e_001300,2026-07-09 05:42:33 UTC,signup_completed,web,paid_search
e_001301,u_001301,s_e_001301,2026-07-09 10:42:02 UTC,signup_completed,web,paid_search
e_001302,u_001302,s_e_001302,2026-07-09 05:00:07 UTC,signup_completed,web,paid_search
e_001303,u_001303,s_e_001303,2026-07-09 00:43:59 UTC,signup_completed,android,paid_search
e_001304,u_001304,s_e_001304,2026-07-09 14:42:23 UTC,signup_completed,android,paid_search
e_001305,u_001305,s_e_001305,2026-07-09 20:05:05 UTC,signup_completed,android,paid_search
e_001306,u_001306,s_e_001306,2026-07-09 01:23:34 UTC,signup_completed,ios,paid_search
e_001307,u_001307,s_e_001307,2026-07-09 06:25:54 UTC,signup_completed,android,paid_search
e_001308,u_001308,s_e_001308,2026-07-09 10:10:52 UTC,signup_completed,web,paid_search
e_001309,u_001309,s_e_001309,2026-07-09 15:03:26 UTC,signup_completed,ios,paid_search
e_001310,u_001310,s_e_001310,2026-07-09 23:30:15 UTC,signup_completed,android,paid_search
e_001311,u_001311,s_e_001311,2026-07-09 09:52:57 UTC,signup_completed,web,paid_search
e_001312,u_001312,s_e_001312,2026-07-09 06:26:47 UTC,signup_completed,android,paid_search
e_001313,u_001313,s_e_001313,2026-07-09 14:14:44 UTC,signup_completed,android,paid_search
e_001314,u_001314,s_e_001314,2026-07-09 06:16:19 UTC,signup_completed,web,paid_search
e_001315,u_001315,s_e_001315,2026-07-09 00:32:07 UTC,signup_completed,android,paid_search
e_001316,u_001316,s_e_001316,2026-07-09 02:28:31 UTC,signup_completed,web,paid_search
e_001317,u_001317,s_e_001317,2026-07-09 16:49:08 UTC,signup_completed,ios,paid_search
e_001318,u_001318,s_e_001318,2026-07-09 14:25:22 UTC,signup_completed,web,paid_search
e_001319,u_001319,s_e_001319,2026-07-09 10:10:05 UTC,signup_completed,web,paid_search
e_001320,u_001320,s_e_001320,2026-07-09 16:21:27 UTC,signup_completed,ios,paid_search
e_001321,u_001321,s_e_001321,2026-07-09 05:59:02 UTC,signup_completed,web,paid_search
e_001322,u_001322,s_e_001322,2026-07-09 02:50:45 UTC,signup_completed,ios,paid_search
e_001323,u_001323,s_e_001323,2026-07-09 04:41:41 UTC,signup_completed,android,paid_search
e_001324,u_001324,s_e_001324,2026-07-09 19:51:51 UTC,signup_completed,android,paid_search
e_001325,u_001325,s_e_001325,2026-07-09 00:11:49 UTC,signup_completed,web,paid_search
e_001326,u_001326,s_e_001326,2026-07-09 23:57:47 UTC,signup_completed,android,paid_search
e_001327,u_001327,s_e_001327,2026-07-09 10:01:31 UTC,signup_completed,ios,paid_search
e_001328,u_001328,s_e_001328,2026-07-09 05:11:06 UTC,signup_completed,android,push
e_001329,u_001329,s_e_001329,2026-07-09 00:21:42 UTC,signup_completed,web,push
e_001330,u_001330,s_e_001330,2026-07-09 16:03:00 UTC,signup_completed,android,push
e_001331,u_001331,s_e_001331,2026-07-09 06:51:16 UTC,signup_completed,web,push
e_001332,u_001332,s_e_001332,2026-07-09 18:54:45 UTC,signup_completed,ios,push
e_001333,u_001333,s_e_001333,2026-07-09 05:05:29 UTC,signup_completed,android,push
e_001334,u_001334,s_e_001334,2026-07-09 21:37:46 UTC,signup_completed,web,push
e_001335,u_001335,s_e_001335,2026-07-09 13:40:03 UTC,signup_completed,web,push
e_001336,u_001336,s_e_001336,2026-07-09 02:28:00 UTC,signup_completed,ios,push
e_001337,u_001337,s_e_001337,2026-07-09 07:49:12 UTC,signup_completed,web,push
e_001338,u_001338,s_e_001338,2026-07-09 09:00:29 UTC,signup_completed,ios,push
e_001339,u_001339,s_e_001339,2026-07-09 04:24:59 UTC,signup_completed,android,push
e_001340,u_001340,s_e_001340,2026-07-09 13:09:07 UTC,signup_completed,android,push
e_001341,u_001341,s_e_001341,2026-07-09 20:58:45 UTC,signup_completed,ios,push
e_001342,u_001342,s_e_001342,2026-07-09 06:36:40 UTC,signup_completed,android,push
e_001343,u_001343,s_e_001343,2026-07-09 22:27:52 UTC,signup_completed,ios,push
e_001344,u_001344,s_e_001344,2026-07-09 18:54:51 UTC,signup_completed,ios,push
e_001345,u_001345,s_e_001345,2026-07-09 09:42:17 UTC,signup_completed,android,push
e_001346,u_001346,s_e_001346,2026-07-09 18:41:55 UTC,signup_completed,ios,push
e_001347,u_001347,s_e_001347,2026-07-09 08:48:30 UTC,signup_completed,ios,push
e_001348,u_001348,s_e_001348,2026-07-09 01:02:52 UTC,signup_completed,ios,push
e_001349,u_001349,s_e_001349,2026-07-09 12:42:55 UTC,signup_completed,ios,push
e_001350,u_001350,s_e_001350,2026-07-09 09:06:37 UTC,signup_completed,ios,push
e_001351,u_001351,s_e_001351,2026-07-09 23:21:55 UTC,signup_completed,ios,push
e_001352,u_001352,s_e_001352,2026-07-09 02:05:19 UTC,signup_completed,web,push
e_001353,u_001353,s_e_001353,2026-07-09 14:10:48 UTC,signup_completed,web,push
e_001354,u_001354,s_e_001354,2026-07-09 02:56:16 UTC,signup_completed,web,push
e_001355,u_001355,s_e_001355,2026-07-09 21:09:59 UTC,signup_completed,android,push
e_001356,u_001356,s_e_001356,2026-07-09 20:16:03 UTC,signup_completed,web,push
e_001357,u_001357,s_e_001357,2026-07-09 17:04:53 UTC,signup_completed,android,email
e_001358,u_001358,s_e_001358,2026-07-09 06:11:32 UTC,signup_completed,ios,email
e_001359,u_001359,s_e_001359,2026-07-09 03:03:35 UTC,signup_completed,android,email
e_001360,u_001360,s_e_001360,2026-07-09 18:37:52 UTC,signup_completed,android,email
e_001361,u_001361,s_e_001361,2026-07-09 17:37:44 UTC,signup_completed,android,email
e_001362,u_001362,s_e_001362,2026-07-09 11:47:14 UTC,signup_completed,android,email
e_001363,u_001363,s_e_001363,2026-07-09 18:33:14 UTC,signup_completed,web,email
e_001364,u_001364,s_e_001364,2026-07-09 06:08:25 UTC,signup_completed,ios,email
e_001365,u_001365,s_e_001365,2026-07-09 23:10:39 UTC,signup_completed,android,email
e_001366,u_001366,s_e_001366,2026-07-09 07:09:58 UTC,signup_completed,web,email
e_001367,u_001367,s_e_001367,2026-07-09 11:27:49 UTC,signup_completed,ios,email
e_001368,u_001368,s_e_001368,2026-07-09 15:47:45 UTC,signup_completed,web,email
e_001369,u_001369,s_e_001369,2026-07-09 01:39:30 UTC,signup_completed,android,email
e_001370,u_001370,s_e_001370,2026-07-09 12:40:04 UTC,signup_completed,android,email
e_001371,u_001371,s_e_001371,2026-07-09 05:09:58 UTC,signup_completed,ios,email
e_001372,u_001372,s_e_001372,2026-07-09 19:06:55 UTC,signup_completed,web,email
e_001373,u_001373,s_e_001373,2026-07-09 17:45:44 UTC,signup_completed,web,email
e_001374,u_001374,s_e_001374,2026-07-09 01:39:19 UTC,signup_completed,web,email
e_001375,u_001375,s_e_001375,2026-07-09 13:16:12 UTC,signup_completed,android,email
e_001376,u_001376,s_e_001376,2026-07-09 05:43:05 UTC,signup_completed,ios,email
e_001377,u_001377,s_e_001377,2026-07-09 15:02:01 UTC,signup_completed,web,email
e_001378,u_001378,s_e_001378,2026-07-09 18:37:11 UTC,signup_completed,ios,email
e_001379,u_001379,s_e_001379,2026-07-09 08:03:16 UTC,signup_completed,android,referral
e_001380,u_001380,s_e_001380,2026-07-09 10:12:23 UTC,signup_completed,ios,referral
e_001381,u_001381,s_e_001381,2026-07-09 17:33:16 UTC,signup_completed,ios,referral
e_001382,u_001382,s_e_001382,2026-07-09 21:11:59 UTC,signup_completed,android,referral
e_001383,u_001383,s_e_001383,2026-07-09 09:18:24 UTC,signup_completed,web,referral
e_001384,u_001384,s_e_001384,2026-07-09 17:15:31 UTC,signup_completed,web,referral
e_001385,u_001385,s_e_001385,2026-07-09 16:13:17 UTC,signup_completed,ios,referral
e_001386,u_001386,s_e_001386,2026-07-09 11:28:59 UTC,signup_completed,web,referral
e_001387,u_001387,s_e_001387,2026-07-09 13:51:54 UTC,signup_completed,web,referral
e_001388,u_001388,s_e_001388,2026-07-09 06:03:37 UTC,signup_completed,ios,referral
e_001389,u_001389,s_e_001389,2026-07-09 01:13:45 UTC,signup_completed,web,referral
e_001390,u_001390,s_e_001390,2026-07-09 10:13:33 UTC,signup_completed,web,referral
e_001391,u_001391,s_e_001391,2026-07-09 00:25:02 UTC,signup_completed,android,referral
e_001392,u_001392,s_e_001392,2026-07-09 15:54:57 UTC,signup_completed,web,referral
e_001393,u_001393,s_e_001393,2026-07-09 22:04:43 UTC,signup_completed,android,referral
e_001394,u_001394,s_e_001394,2026-07-09 16:13:38 UTC,signup_completed,web,referral
e_001395,u_001395,s_e_001395,2026-07-09 10:13:55 UTC,signup_completed,ios,referral
e_001396,u_001396,s_e_001396,2026-07-09 06:53:46 UTC,signup_completed,android,referral
e_001397,u_001397,s_e_001397,2026-07-09 10:58:13 UTC,signup_completed,ios,referral
e_001398,u_001398,s_e_001398,2026-07-09 11:36:58 UTC,signup_completed,web,referral
e_001399,u_001399,s_e_001399,2026-07-09 23:48:48 UTC,signup_completed,android,referral
e_001400,u_001400,s_e_001400,2026-07-09 14:22:03 UTC,signup_completed,android,referral
e_001401,u_001401,s_e_001401,2026-07-10 04:44:16 UTC,signup_completed,android,organic
e_001402,u_001402,s_e_001402,2026-07-10 19:08:20 UTC,signup_completed,android,organic
e_001403,u_001403,s_e_001403,2026-07-10 10:59:32 UTC,signup_completed,android,organic
e_001404,u_001404,s_e_001404,2026-07-10 14:18:34 UTC,signup_completed,ios,organic
e_001405,u_001405,s_e_001405,2026-07-10 16:30:36 UTC,signup_completed,ios,organic
e_001406,u_001406,s_e_001406,2026-07-10 11:08:03 UTC,signup_completed,android,organic
e_001407,u_001407,s_e_001407,2026-07-10 02:52:21 UTC,signup_completed,ios,organic
e_001408,u_001408,s_e_001408,2026-07-10 08:44:06 UTC,signup_completed,web,organic
e_001409,u_001409,s_e_001409,2026-07-10 00:19:07 UTC,signup_completed,android,organic
e_001410,u_001410,s_e_001410,2026-07-10 02:00:09 UTC,signup_completed,ios,organic
e_001411,u_001411,s_e_001411,2026-07-10 07:50:29 UTC,signup_completed,ios,organic
e_001412,u_001412,s_e_001412,2026-07-10 16:28:10 UTC,signup_completed,android,organic
e_001413,u_001413,s_e_001413,2026-07-10 18:17:35 UTC,signup_completed,web,organic
e_001414,u_001414,s_e_001414,2026-07-10 18:58:22 UTC,signup_completed,web,organic
e_001415,u_001415,s_e_001415,2026-07-10 01:45:12 UTC,signup_completed,android,organic
e_001416,u_001416,s_e_001416,2026-07-10 02:11:05 UTC,signup_completed,ios,organic
e_001417,u_001417,s_e_001417,2026-07-10 16:10:10 UTC,signup_completed,ios,organic
e_001418,u_001418,s_e_001418,2026-07-10 08:03:54 UTC,signup_completed,web,organic
e_001419,u_001419,s_e_001419,2026-07-10 07:29:56 UTC,signup_completed,web,organic
e_001420,u_001420,s_e_001420,2026-07-10 09:31:51 UTC,signup_completed,android,organic
e_001421,u_001421,s_e_001421,2026-07-10 23:52:53 UTC,signup_completed,android,organic
e_001422,u_001422,s_e_001422,2026-07-10 09:59:28 UTC,signup_completed,ios,organic
e_001423,u_001423,s_e_001423,2026-07-10 08:21:35 UTC,signup_completed,ios,organic
e_001424,u_001424,s_e_001424,2026-07-10 13:30:03 UTC,signup_completed,ios,organic
e_001425,u_001425,s_e_001425,2026-07-10 11:23:25 UTC,signup_completed,web,organic
e_001426,u_001426,s_e_001426,2026-07-10 01:54:42 UTC,signup_completed,web,organic
e_001427,u_001427,s_e_001427,2026-07-10 13:38:06 UTC,signup_completed,web,organic
e_001428,u_001428,s_e_001428,2026-07-10 18:09:37 UTC,signup_completed,ios,organic
e_001429,u_001429,s_e_001429,2026-07-10 04:30:03 UTC,signup_completed,android,organic
e_001430,u_001430,s_e_001430,2026-07-10 18:36:37 UTC,signup_completed,ios,organic
e_001431,u_001431,s_e_001431,2026-07-10 20:08:35 UTC,signup_completed,android,organic
e_001432,u_001432,s_e_001432,2026-07-10 23:48:09 UTC,signup_completed,ios,organic
e_001433,u_001433,s_e_001433,2026-07-10 06:00:14 UTC,signup_completed,web,organic
e_001434,u_001434,s_e_001434,2026-07-10 10:49:40 UTC,signup_completed,android,organic
e_001435,u_001435,s_e_001435,2026-07-10 10:33:46 UTC,signup_completed,ios,organic
e_001436,u_001436,s_e_001436,2026-07-10 06:58:18 UTC,signup_completed,ios,organic
e_001437,u_001437,s_e_001437,2026-07-10 22:47:43 UTC,signup_completed,web,organic
e_001438,u_001438,s_e_001438,2026-07-10 03:39:23 UTC,signup_completed,ios,organic
e_001439,u_001439,s_e_001439,2026-07-10 12:30:19 UTC,signup_completed,android,organic
e_001440,u_001440,s_e_001440,2026-07-10 04:46:50 UTC,signup_completed,android,organic
e_001441,u_001441,s_e_001441,2026-07-10 09:47:24 UTC,signup_completed,android,organic
e_001442,u_001442,s_e_001442,2026-07-10 17:17:10 UTC,signup_completed,web,organic
e_001443,u_001443,s_e_001443,2026-07-10 05:35:17 UTC,signup_completed,web,organic
e_001444,u_001444,s_e_001444,2026-07-10 13:09:44 UTC,signup_completed,web,paid_search
e_001445,u_001445,s_e_001445,2026-07-10 11:57:11 UTC,signup_completed,android,paid_search
e_001446,u_001446,s_e_001446,2026-07-10 17:18:22 UTC,signup_completed,android,paid_search
e_001447,u_001447,s_e_001447,2026-07-10 19:53:47 UTC,signup_completed,android,paid_search
e_001448,u_001448,s_e_001448,2026-07-10 08:13:39 UTC,signup_completed,android,paid_search
e_001449,u_001449,s_e_001449,2026-07-10 05:55:42 UTC,signup_completed,web,paid_search
e_001450,u_001450,s_e_001450,2026-07-10 00:43:42 UTC,signup_completed,web,paid_search
e_001451,u_001451,s_e_001451,2026-07-10 05:35:20 UTC,signup_completed,ios,paid_search
e_001452,u_001452,s_e_001452,2026-07-10 14:56:02 UTC,signup_completed,web,paid_search
e_001453,u_001453,s_e_001453,2026-07-10 23:31:10 UTC,signup_completed,ios,paid_search
e_001454,u_001454,s_e_001454,2026-07-10 06:40:50 UTC,signup_completed,ios,paid_search
e_001455,u_001455,s_e_001455,2026-07-10 05:59:32 UTC,signup_completed,ios,paid_search
e_001456,u_001456,s_e_001456,2026-07-10 06:14:46 UTC,signup_completed,android,paid_search
e_001457,u_001457,s_e_001457,2026-07-10 01:52:47 UTC,signup_completed,android,paid_search
e_001458,u_001458,s_e_001458,2026-07-10 00:29:45 UTC,signup_completed,web,paid_search
e_001459,u_001459,s_e_001459,2026-07-10 23:41:05 UTC,signup_completed,android,paid_search
e_001460,u_001460,s_e_001460,2026-07-10 17:34:52 UTC,signup_completed,ios,paid_search
e_001461,u_001461,s_e_001461,2026-07-10 09:23:21 UTC,signup_completed,web,paid_search
e_001462,u_001462,s_e_001462,2026-07-10 14:23:58 UTC,signup_completed,android,paid_search
e_001463,u_001463,s_e_001463,2026-07-10 11:00:10 UTC,signup_completed,android,paid_search
e_001464,u_001464,s_e_001464,2026-07-10 00:21:33 UTC,signup_completed,android,paid_search
e_001465,u_001465,s_e_001465,2026-07-10 06:18:46 UTC,signup_completed,web,paid_search
e_001466,u_001466,s_e_001466,2026-07-10 22:34:19 UTC,signup_completed,web,paid_search
e_001467,u_001467,s_e_001467,2026-07-10 12:22:16 UTC,signup_completed,android,paid_search
e_001468,u_001468,s_e_001468,2026-07-10 19:35:45 UTC,signup_completed,web,paid_search
e_001469,u_001469,s_e_001469,2026-07-10 23:46:14 UTC,signup_completed,android,paid_search
e_001470,u_001470,s_e_001470,2026-07-10 05:11:29 UTC,signup_completed,android,paid_search
e_001471,u_001471,s_e_001471,2026-07-10 21:35:45 UTC,signup_completed,ios,paid_search
e_001472,u_001472,s_e_001472,2026-07-10 00:28:35 UTC,signup_completed,ios,push
e_001473,u_001473,s_e_001473,2026-07-10 12:48:59 UTC,signup_completed,ios,push
e_001474,u_001474,s_e_001474,2026-07-10 08:32:49 UTC,signup_completed,ios,push
e_001475,u_001475,s_e_001475,2026-07-10 17:47:01 UTC,signup_completed,web,push
e_001476,u_001476,s_e_001476,2026-07-10 04:11:58 UTC,signup_completed,web,push
e_001477,u_001477,s_e_001477,2026-07-10 02:17:32 UTC,signup_completed,web,push
e_001478,u_001478,s_e_001478,2026-07-10 13:49:08 UTC,signup_completed,ios,push
e_001479,u_001479,s_e_001479,2026-07-10 22:46:21 UTC,signup_completed,web,push
e_001480,u_001480,s_e_001480,2026-07-10 10:19:06 UTC,signup_completed,android,push
e_001481,u_001481,s_e_001481,2026-07-10 05:07:52 UTC,signup_completed,ios,push
e_001482,u_001482,s_e_001482,2026-07-10 23:17:33 UTC,signup_completed,android,push
e_001483,u_001483,s_e_001483,2026-07-10 01:51:08 UTC,signup_completed,android,push
e_001484,u_001484,s_e_001484,2026-07-10 20:18:59 UTC,signup_completed,web,push
e_001485,u_001485,s_e_001485,2026-07-10 13:40:49 UTC,signup_completed,web,push
e_001486,u_001486,s_e_001486,2026-07-10 10:09:55 UTC,signup_completed,web,push
e_001487,u_001487,s_e_001487,2026-07-10 01:01:10 UTC,signup_completed,ios,push
e_001488,u_001488,s_e_001488,2026-07-10 23:38:06 UTC,signup_completed,ios,push
e_001489,u_001489,s_e_001489,2026-07-10 23:29:31 UTC,signup_completed,ios,push
e_001490,u_001490,s_e_001490,2026-07-10 14:47:11 UTC,signup_completed,web,push
e_001491,u_001491,s_e_001491,2026-07-10 05:17:32 UTC,signup_completed,web,push
e_001492,u_001492,s_e_001492,2026-07-10 21:15:07 UTC,signup_completed,web,push
e_001493,u_001493,s_e_001493,2026-07-10 17:29:28 UTC,signup_completed,ios,push
e_001494,u_001494,s_e_001494,2026-07-10 07:59:48 UTC,signup_completed,ios,push
e_001495,u_001495,s_e_001495,2026-07-10 14:57:47 UTC,signup_completed,android,push
e_001496,u_001496,s_e_001496,2026-07-10 22:23:44 UTC,signup_completed,ios,push
e_001497,u_001497,s_e_001497,2026-07-10 21:42:23 UTC,signup_completed,ios,push
e_001498,u_001498,s_e_001498,2026-07-10 20:49:55 UTC,signup_completed,web,push
e_001499,u_001499,s_e_001499,2026-07-10 16:52:26 UTC,signup_completed,android,push
e_001500,u_001500,s_e_001500,2026-07-10 05:03:50 UTC,signup_completed,android,email
e_001501,u_001501,s_e_001501,2026-07-10 18:06:04 UTC,signup_completed,ios,email
e_001502,u_001502,s_e_001502,2026-07-10 04:52:12 UTC,signup_completed,android,email
e_001503,u_001503,s_e_001503,2026-07-10 04:38:42 UTC,signup_completed,android,email
e_001504,u_001504,s_e_001504,2026-07-10 23:06:20 UTC,signup_completed,android,email
e_001505,u_001505,s_e_001505,2026-07-10 14:54:24 UTC,signup_completed,web,email
e_001506,u_001506,s_e_001506,2026-07-10 01:16:37 UTC,signup_completed,web,email
e_001507,u_001507,s_e_001507,2026-07-10 16:59:32 UTC,signup_completed,android,email
e_001508,u_001508,s_e_001508,2026-07-10 19:47:11 UTC,signup_completed,ios,email
e_001509,u_001509,s_e_001509,2026-07-10 14:55:59 UTC,signup_completed,ios,email
e_001510,u_001510,s_e_001510,2026-07-10 13:06:04 UTC,signup_completed,ios,email
e_001511,u_001511,s_e_001511,2026-07-10 00:16:03 UTC,signup_completed,web,email
e_001512,u_001512,s_e_001512,2026-07-10 17:43:39 UTC,signup_completed,web,email
e_001513,u_001513,s_e_001513,2026-07-10 23:04:01 UTC,signup_completed,ios,email
e_001514,u_001514,s_e_001514,2026-07-10 12:26:41 UTC,signup_completed,android,email
e_001515,u_001515,s_e_001515,2026-07-10 18:01:49 UTC,signup_completed,web,email
e_001516,u_001516,s_e_001516,2026-07-10 00:52:19 UTC,signup_completed,android,email
e_001517,u_001517,s_e_001517,2026-07-10 17:31:13 UTC,signup_completed,android,email
e_001518,u_001518,s_e_001518,2026-07-10 10:51:40 UTC,signup_completed,android,email
e_001519,u_001519,s_e_001519,2026-07-10 23:40:15 UTC,signup_completed,web,email
e_001520,u_001520,s_e_001520,2026-07-10 14:50:36 UTC,signup_completed,android,email
e_001521,u_001521,s_e_001521,2026-07-10 04:23:51 UTC,signup_completed,android,referral
e_001522,u_001522,s_e_001522,2026-07-10 11:34:48 UTC,signup_completed,web,referral
e_001523,u_001523,s_e_001523,2026-07-10 15:20:54 UTC,signup_completed,ios,referral
e_001524,u_001524,s_e_001524,2026-07-10 18:00:22 UTC,signup_completed,android,referral
e_001525,u_001525,s_e_001525,2026-07-10 20:11:38 UTC,signup_completed,ios,referral
e_001526,u_001526,s_e_001526,2026-07-10 19:50:25 UTC,signup_completed,ios,referral
e_001527,u_001527,s_e_001527,2026-07-10 04:09:38 UTC,signup_completed,ios,referral
e_001528,u_001528,s_e_001528,2026-07-10 13:57:47 UTC,signup_completed,ios,referral
e_001529,u_001529,s_e_001529,2026-07-10 02:46:01 UTC,signup_completed,web,referral
e_001530,u_001530,s_e_001530,2026-07-10 19:46:40 UTC,signup_completed,web,referral
e_001531,u_001531,s_e_001531,2026-07-10 12:49:35 UTC,signup_completed,android,referral
e_001532,u_001532,s_e_001532,2026-07-10 15:01:58 UTC,signup_completed,android,referral
e_001533,u_001533,s_e_001533,2026-07-10 02:58:47 UTC,signup_completed,web,referral
e_001534,u_001534,s_e_001534,2026-07-10 04:58:53 UTC,signup_completed,web,referral
e_001535,u_001535,s_e_001535,2026-07-10 03:32:23 UTC,signup_completed,android,referral
e_001536,u_001536,s_e_001536,2026-07-10 19:39:58 UTC,signup_completed,web,referral
e_001537,u_001537,s_e_001537,2026-07-10 21:46:23 UTC,signup_completed,web,referral
e_001538,u_001538,s_e_001538,2026-07-10 23:46:32 UTC,signup_completed,android,referral
e_001539,u_001539,s_e_001539,2026-07-10 23:47:13 UTC,signup_completed,android,referral
e_001540,u_001540,s_e_001540,2026-07-10 02:45:17 UTC,signup_completed,web,referral
e_001541,u_001541,s_e_001541,2026-07-10 12:33:31 UTC,signup_completed,android,referral
e_001542,u_001542,s_e_001542,2026-07-11 06:16:23 UTC,signup_completed,android,organic
e_001543,u_001543,s_e_001543,2026-07-11 00:08:43 UTC,signup_completed,ios,organic
e_001544,u_001544,s_e_001544,2026-07-11 08:25:35 UTC,signup_completed,android,organic
e_001545,u_001545,s_e_001545,2026-07-11 04:08:49 UTC,signup_completed,ios,organic
e_001546,u_001546,s_e_001546,2026-07-11 14:27:36 UTC,signup_completed,web,organic
e_001547,u_001547,s_e_001547,2026-07-11 04:06:03 UTC,signup_completed,android,organic
e_001548,u_001548,s_e_001548,2026-07-11 21:06:19 UTC,signup_completed,android,organic
e_001549,u_001549,s_e_001549,2026-07-11 09:52:54 UTC,signup_completed,web,organic
e_001550,u_001550,s_e_001550,2026-07-11 23:52:24 UTC,signup_completed,android,organic
e_001551,u_001551,s_e_001551,2026-07-11 22:04:59 UTC,signup_completed,web,organic
e_001552,u_001552,s_e_001552,2026-07-11 23:04:33 UTC,signup_completed,ios,organic
e_001553,u_001553,s_e_001553,2026-07-11 19:48:46 UTC,signup_completed,web,organic
e_001554,u_001554,s_e_001554,2026-07-11 00:02:54 UTC,signup_completed,ios,organic
e_001555,u_001555,s_e_001555,2026-07-11 00:18:17 UTC,signup_completed,web,organic
e_001556,u_001556,s_e_001556,2026-07-11 04:16:21 UTC,signup_completed,web,organic
e_001557,u_001557,s_e_001557,2026-07-11 08:05:12 UTC,signup_completed,ios,organic
e_001558,u_001558,s_e_001558,2026-07-11 19:28:36 UTC,signup_completed,android,organic
e_001559,u_001559,s_e_001559,2026-07-11 21:40:41 UTC,signup_completed,ios,organic
e_001560,u_001560,s_e_001560,2026-07-11 10:11:26 UTC,signup_completed,web,organic
e_001561,u_001561,s_e_001561,2026-07-11 16:08:30 UTC,signup_completed,web,organic
e_001562,u_001562,s_e_001562,2026-07-11 10:00:53 UTC,signup_completed,ios,organic
e_001563,u_001563,s_e_001563,2026-07-11 23:55:45 UTC,signup_completed,ios,organic
e_001564,u_001564,s_e_001564,2026-07-11 18:31:48 UTC,signup_completed,android,organic
e_001565,u_001565,s_e_001565,2026-07-11 01:28:56 UTC,signup_completed,web,organic
e_001566,u_001566,s_e_001566,2026-07-11 19:33:07 UTC,signup_completed,ios,organic
e_001567,u_001567,s_e_001567,2026-07-11 08:06:06 UTC,signup_completed,android,organic
e_001568,u_001568,s_e_001568,2026-07-11 00:09:27 UTC,signup_completed,android,organic
e_001569,u_001569,s_e_001569,2026-07-11 09:49:30 UTC,signup_completed,ios,organic
e_001570,u_001570,s_e_001570,2026-07-11 17:10:05 UTC,signup_completed,android,organic
e_001571,u_001571,s_e_001571,2026-07-11 10:33:09 UTC,signup_completed,ios,paid_search
e_001572,u_001572,s_e_001572,2026-07-11 01:02:43 UTC,signup_completed,web,paid_search
e_001573,u_001573,s_e_001573,2026-07-11 01:49:44 UTC,signup_completed,android,paid_search
e_001574,u_001574,s_e_001574,2026-07-11 03:45:51 UTC,signup_completed,android,paid_search
e_001575,u_001575,s_e_001575,2026-07-11 08:02:19 UTC,signup_completed,android,paid_search
e_001576,u_001576,s_e_001576,2026-07-11 05:29:44 UTC,signup_completed,ios,paid_search
e_001577,u_001577,s_e_001577,2026-07-11 13:36:41 UTC,signup_completed,android,paid_search
e_001578,u_001578,s_e_001578,2026-07-11 05:30:48 UTC,signup_completed,ios,paid_search
e_001579,u_001579,s_e_001579,2026-07-11 12:12:59 UTC,signup_completed,android,paid_search
e_001580,u_001580,s_e_001580,2026-07-11 03:10:38 UTC,signup_completed,web,paid_search
e_001581,u_001581,s_e_001581,2026-07-11 21:16:29 UTC,signup_completed,web,paid_search
e_001582,u_001582,s_e_001582,2026-07-11 00:32:17 UTC,signup_completed,web,paid_search
e_001583,u_001583,s_e_001583,2026-07-11 13:18:21 UTC,signup_completed,web,paid_search
e_001584,u_001584,s_e_001584,2026-07-11 11:54:27 UTC,signup_completed,ios,paid_search
e_001585,u_001585,s_e_001585,2026-07-11 11:45:16 UTC,signup_completed,web,paid_search
e_001586,u_001586,s_e_001586,2026-07-11 10:25:51 UTC,signup_completed,web,paid_search
e_001587,u_001587,s_e_001587,2026-07-11 12:25:13 UTC,signup_completed,android,paid_search
e_001588,u_001588,s_e_001588,2026-07-11 12:52:02 UTC,signup_completed,web,paid_search
e_001589,u_001589,s_e_001589,2026-07-11 07:12:34 UTC,signup_completed,ios,paid_search
e_001590,u_001590,s_e_001590,2026-07-11 20:50:11 UTC,signup_completed,android,push
e_001591,u_001591,s_e_001591,2026-07-11 01:03:23 UTC,signup_completed,ios,push
e_001592,u_001592,s_e_001592,2026-07-11 09:03:35 UTC,signup_completed,android,push
e_001593,u_001593,s_e_001593,2026-07-11 01:22:54 UTC,signup_completed,ios,push
e_001594,u_001594,s_e_001594,2026-07-11 23:05:21 UTC,signup_completed,ios,push
e_001595,u_001595,s_e_001595,2026-07-11 06:45:58 UTC,signup_completed,web,push
e_001596,u_001596,s_e_001596,2026-07-11 17:57:20 UTC,signup_completed,android,push
e_001597,u_001597,s_e_001597,2026-07-11 22:11:13 UTC,signup_completed,android,push
e_001598,u_001598,s_e_001598,2026-07-11 04:12:42 UTC,signup_completed,android,push
e_001599,u_001599,s_e_001599,2026-07-11 20:15:56 UTC,signup_completed,ios,push
e_001600,u_001600,s_e_001600,2026-07-11 10:19:36 UTC,signup_completed,web,push
e_001601,u_001601,s_e_001601,2026-07-11 12:21:57 UTC,signup_completed,ios,push
e_001602,u_001602,s_e_001602,2026-07-11 01:38:59 UTC,signup_completed,ios,push
e_001603,u_001603,s_e_001603,2026-07-11 20:30:37 UTC,signup_completed,ios,push
e_001604,u_001604,s_e_001604,2026-07-11 03:03:17 UTC,signup_completed,ios,push
e_001605,u_001605,s_e_001605,2026-07-11 14:37:33 UTC,signup_completed,android,push
e_001606,u_001606,s_e_001606,2026-07-11 09:24:16 UTC,signup_completed,ios,push
e_001607,u_001607,s_e_001607,2026-07-11 01:43:34 UTC,signup_completed,web,push
e_001608,u_001608,s_e_001608,2026-07-11 16:05:42 UTC,signup_completed,ios,push
e_001609,u_001609,s_e_001609,2026-07-11 06:07:28 UTC,signup_completed,android,email
e_001610,u_001610,s_e_001610,2026-07-11 03:50:28 UTC,signup_completed,ios,email
e_001611,u_001611,s_e_001611,2026-07-11 05:02:01 UTC,signup_completed,web,email
e_001612,u_001612,s_e_001612,2026-07-11 09:01:30 UTC,signup_completed,ios,email
e_001613,u_001613,s_e_001613,2026-07-11 19:32:53 UTC,signup_completed,ios,email
e_001614,u_001614,s_e_001614,2026-07-11 02:51:59 UTC,signup_completed,ios,email
e_001615,u_001615,s_e_001615,2026-07-11 21:35:14 UTC,signup_completed,android,email
e_001616,u_001616,s_e_001616,2026-07-11 18:41:16 UTC,signup_completed,android,email
e_001617,u_001617,s_e_001617,2026-07-11 20:44:37 UTC,signup_completed,web,email
e_001618,u_001618,s_e_001618,2026-07-11 23:45:22 UTC,signup_completed,ios,email
e_001619,u_001619,s_e_001619,2026-07-11 03:14:38 UTC,signup_completed,web,email
e_001620,u_001620,s_e_001620,2026-07-11 20:46:49 UTC,signup_completed,ios,email
e_001621,u_001621,s_e_001621,2026-07-11 11:23:34 UTC,signup_completed,web,email
e_001622,u_001622,s_e_001622,2026-07-11 22:02:49 UTC,signup_completed,ios,email
e_001623,u_001623,s_e_001623,2026-07-11 10:38:11 UTC,signup_completed,android,email
e_001624,u_001624,s_e_001624,2026-07-11 17:24:59 UTC,signup_completed,ios,referral
e_001625,u_001625,s_e_001625,2026-07-11 17:37:26 UTC,signup_completed,web,referral
e_001626,u_001626,s_e_001626,2026-07-11 10:46:53 UTC,signup_completed,android,referral
e_001627,u_001627,s_e_001627,2026-07-11 17:44:24 UTC,signup_completed,android,referral
e_001628,u_001628,s_e_001628,2026-07-11 22:27:55 UTC,signup_completed,ios,referral
e_001629,u_001629,s_e_001629,2026-07-11 23:23:28 UTC,signup_completed,ios,referral
e_001630,u_001630,s_e_001630,2026-07-11 00:35:08 UTC,signup_completed,web,referral
e_001631,u_001631,s_e_001631,2026-07-11 23:38:34 UTC,signup_completed,web,referral
e_001632,u_001632,s_e_001632,2026-07-11 03:31:53 UTC,signup_completed,web,referral
e_001633,u_001633,s_e_001633,2026-07-11 02:09:29 UTC,signup_completed,web,referral
e_001634,u_001634,s_e_001634,2026-07-11 04:22:45 UTC,signup_completed,web,referral
e_001635,u_001635,s_e_001635,2026-07-11 15:45:42 UTC,signup_completed,ios,referral
e_001636,u_001636,s_e_001636,2026-07-11 05:56:12 UTC,signup_completed,web,referral
e_001637,u_001637,s_e_001637,2026-07-11 15:59:36 UTC,signup_completed,android,referral
e_001638,u_001638,s_e_001638,2026-07-11 03:08:51 UTC,signup_completed,ios,referral
e_001639,u_001639,s_e_001639,2026-07-12 09:31:04 UTC,signup_completed,android,organic
e_001640,u_001640,s_e_001640,2026-07-12 23:09:18 UTC,signup_completed,android,organic
e_001641,u_001641,s_e_001641,2026-07-12 06:54:16 UTC,signup_completed,android,organic
e_001642,u_001642,s_e_001642,2026-07-12 16:38:00 UTC,signup_completed,web,organic
e_001643,u_001643,s_e_001643,2026-07-12 03:50:01 UTC,signup_completed,android,organic
e_001644,u_001644,s_e_001644,2026-07-12 05:37:15 UTC,signup_completed,web,organic
e_001645,u_001645,s_e_001645,2026-07-12 13:41:07 UTC,signup_completed,android,organic
e_001646,u_001646,s_e_001646,2026-07-12 04:52:26 UTC,signup_completed,ios,organic
e_001647,u_001647,s_e_001647,2026-07-12 21:39:04 UTC,signup_completed,android,organic
e_001648,u_001648,s_e_001648,2026-07-12 17:20:19 UTC,signup_completed,android,organic
e_001649,u_001649,s_e_001649,2026-07-12 11:19:55 UTC,signup_completed,web,organic
e_001650,u_001650,s_e_001650,2026-07-12 01:40:00 UTC,signup_completed,android,organic
e_001651,u_001651,s_e_001651,2026-07-12 16:08:00 UTC,signup_completed,android,organic
e_001652,u_001652,s_e_001652,2026-07-12 08:54:06 UTC,signup_completed,android,organic
e_001653,u_001653,s_e_001653,2026-07-12 21:22:21 UTC,signup_completed,ios,organic
e_001654,u_001654,s_e_001654,2026-07-12 18:12:56 UTC,signup_completed,web,organic
e_001655,u_001655,s_e_001655,2026-07-12 09:07:06 UTC,signup_completed,web,organic
e_001656,u_001656,s_e_001656,2026-07-12 00:27:03 UTC,signup_completed,ios,organic
e_001657,u_001657,s_e_001657,2026-07-12 08:13:40 UTC,signup_completed,web,organic
e_001658,u_001658,s_e_001658,2026-07-12 13:51:12 UTC,signup_completed,web,organic
e_001659,u_001659,s_e_001659,2026-07-12 06:17:43 UTC,signup_completed,ios,organic
e_001660,u_001660,s_e_001660,2026-07-12 12:46:33 UTC,signup_completed,ios,organic
e_001661,u_001661,s_e_001661,2026-07-12 17:42:42 UTC,signup_completed,ios,organic
e_001662,u_001662,s_e_001662,2026-07-12 11:47:47 UTC,signup_completed,ios,organic
e_001663,u_001663,s_e_001663,2026-07-12 15:14:45 UTC,signup_completed,android,organic
e_001664,u_001664,s_e_001664,2026-07-12 13:35:22 UTC,signup_completed,android,organic
e_001665,u_001665,s_e_001665,2026-07-12 09:38:34 UTC,signup_completed,web,organic
e_001666,u_001666,s_e_001666,2026-07-12 04:45:08 UTC,signup_completed,android,organic
e_001667,u_001667,s_e_001667,2026-07-12 14:05:34 UTC,signup_completed,android,paid_search
e_001668,u_001668,s_e_001668,2026-07-12 21:02:11 UTC,signup_completed,ios,paid_search
e_001669,u_001669,s_e_001669,2026-07-12 02:37:05 UTC,signup_completed,ios,paid_search
e_001670,u_001670,s_e_001670,2026-07-12 06:35:26 UTC,signup_completed,android,paid_search
e_001671,u_001671,s_e_001671,2026-07-12 21:01:47 UTC,signup_completed,web,paid_search
e_001672,u_001672,s_e_001672,2026-07-12 20:05:18 UTC,signup_completed,android,paid_search
e_001673,u_001673,s_e_001673,2026-07-12 06:48:23 UTC,signup_completed,android,paid_search
e_001674,u_001674,s_e_001674,2026-07-12 07:28:33 UTC,signup_completed,web,paid_search
e_001675,u_001675,s_e_001675,2026-07-12 03:34:44 UTC,signup_completed,web,paid_search
e_001676,u_001676,s_e_001676,2026-07-12 19:32:46 UTC,signup_completed,android,paid_search
e_001677,u_001677,s_e_001677,2026-07-12 13:29:03 UTC,signup_completed,web,paid_search
e_001678,u_001678,s_e_001678,2026-07-12 16:00:28 UTC,signup_completed,ios,paid_search
e_001679,u_001679,s_e_001679,2026-07-12 12:28:28 UTC,signup_completed,ios,paid_search
e_001680,u_001680,s_e_001680,2026-07-12 10:01:18 UTC,signup_completed,ios,paid_search
e_001681,u_001681,s_e_001681,2026-07-12 10:09:00 UTC,signup_completed,web,paid_search
e_001682,u_001682,s_e_001682,2026-07-12 20:22:02 UTC,signup_completed,ios,paid_search
e_001683,u_001683,s_e_001683,2026-07-12 22:26:42 UTC,signup_completed,ios,paid_search
e_001684,u_001684,s_e_001684,2026-07-12 04:42:53 UTC,signup_completed,web,paid_search
e_001685,u_001685,s_e_001685,2026-07-12 03:28:21 UTC,signup_completed,android,paid_search
e_001686,u_001686,s_e_001686,2026-07-12 01:38:45 UTC,signup_completed,web,push
e_001687,u_001687,s_e_001687,2026-07-12 07:16:34 UTC,signup_completed,android,push
e_001688,u_001688,s_e_001688,2026-07-12 02:15:43 UTC,signup_completed,web,push
e_001689,u_001689,s_e_001689,2026-07-12 22:09:54 UTC,signup_completed,android,push
e_001690,u_001690,s_e_001690,2026-07-12 02:38:02 UTC,signup_completed,android,push
e_001691,u_001691,s_e_001691,2026-07-12 19:27:11 UTC,signup_completed,web,push
e_001692,u_001692,s_e_001692,2026-07-12 08:17:27 UTC,signup_completed,android,push
e_001693,u_001693,s_e_001693,2026-07-12 05:08:18 UTC,signup_completed,android,push
e_001694,u_001694,s_e_001694,2026-07-12 14:59:28 UTC,signup_completed,ios,push
e_001695,u_001695,s_e_001695,2026-07-12 01:22:04 UTC,signup_completed,web,push
e_001696,u_001696,s_e_001696,2026-07-12 03:40:29 UTC,signup_completed,ios,push
e_001697,u_001697,s_e_001697,2026-07-12 06:43:50 UTC,signup_completed,web,push
e_001698,u_001698,s_e_001698,2026-07-12 06:13:59 UTC,signup_completed,android,push
e_001699,u_001699,s_e_001699,2026-07-12 06:02:39 UTC,signup_completed,web,push
e_001700,u_001700,s_e_001700,2026-07-12 23:17:06 UTC,signup_completed,android,push
e_001701,u_001701,s_e_001701,2026-07-12 02:46:07 UTC,signup_completed,web,push
e_001702,u_001702,s_e_001702,2026-07-12 02:35:31 UTC,signup_completed,android,push
e_001703,u_001703,s_e_001703,2026-07-12 20:58:26 UTC,signup_completed,web,push
e_001704,u_001704,s_e_001704,2026-07-12 15:33:20 UTC,signup_completed,web,push
e_001705,u_001705,s_e_001705,2026-07-12 22:01:04 UTC,signup_completed,android,email
e_001706,u_001706,s_e_001706,2026-07-12 19:14:17 UTC,signup_completed,web,email
e_001707,u_001707,s_e_001707,2026-07-12 06:00:17 UTC,signup_completed,ios,email
e_001708,u_001708,s_e_001708,2026-07-12 10:47:04 UTC,signup_completed,web,email
e_001709,u_001709,s_e_001709,2026-07-12 17:09:22 UTC,signup_completed,android,email
e_001710,u_001710,s_e_001710,2026-07-12 07:26:26 UTC,signup_completed,web,email
e_001711,u_001711,s_e_001711,2026-07-12 02:33:31 UTC,signup_completed,ios,email
e_001712,u_001712,s_e_001712,2026-07-12 13:34:59 UTC,signup_completed,ios,email
e_001713,u_001713,s_e_001713,2026-07-12 08:28:38 UTC,signup_completed,ios,email
e_001714,u_001714,s_e_001714,2026-07-12 19:47:00 UTC,signup_completed,android,email
e_001715,u_001715,s_e_001715,2026-07-12 01:46:45 UTC,signup_completed,android,email
e_001716,u_001716,s_e_001716,2026-07-12 18:47:51 UTC,signup_completed,android,email
e_001717,u_001717,s_e_001717,2026-07-12 04:34:59 UTC,signup_completed,web,email
e_001718,u_001718,s_e_001718,2026-07-12 09:39:27 UTC,signup_completed,ios,email
e_001719,u_001719,s_e_001719,2026-07-12 07:22:46 UTC,signup_completed,ios,referral
e_001720,u_001720,s_e_001720,2026-07-12 17:44:55 UTC,signup_completed,web,referral
e_001721,u_001721,s_e_001721,2026-07-12 16:10:13 UTC,signup_completed,android,referral
e_001722,u_001722,s_e_001722,2026-07-12 06:35:28 UTC,signup_completed,ios,referral
e_001723,u_001723,s_e_001723,2026-07-12 21:46:02 UTC,signup_completed,ios,referral
e_001724,u_001724,s_e_001724,2026-07-12 21:55:49 UTC,signup_completed,web,referral
e_001725,u_001725,s_e_001725,2026-07-12 22:09:47 UTC,signup_completed,android,referral
e_001726,u_001726,s_e_001726,2026-07-12 07:05:06 UTC,signup_completed,ios,referral
e_001727,u_001727,s_e_001727,2026-07-12 00:11:54 UTC,signup_completed,web,referral
e_001728,u_001728,s_e_001728,2026-07-12 10:05:30 UTC,signup_completed,web,referral
e_001729,u_001729,s_e_001729,2026-07-12 16:37:22 UTC,signup_completed,ios,referral
e_001730,u_001730,s_e_001730,2026-07-12 09:38:30 UTC,signup_completed,web,referral
e_001731,u_001731,s_e_001731,2026-07-12 13:07:26 UTC,signup_completed,web,referral
e_001732,u_001732,s_e_001732,2026-07-12 10:29:09 UTC,signup_completed,ios,referral
e_001733,u_001733,s_e_001733,2026-07-13 02:14:04 UTC,signup_completed,ios,organic
e_001734,u_001734,s_e_001734,2026-07-13 00:15:08 UTC,signup_completed,web,organic
e_001735,u_001735,s_e_001735,2026-07-13 02:09:15 UTC,signup_completed,ios,organic
e_001736,u_001736,s_e_001736,2026-07-13 08:44:34 UTC,signup_completed,ios,organic
e_001737,u_001737,s_e_001737,2026-07-13 21:30:01 UTC,signup_completed,web,organic
e_001738,u_001738,s_e_001738,2026-07-13 12:35:42 UTC,signup_completed,android,organic
e_001739,u_001739,s_e_001739,2026-07-13 05:25:07 UTC,signup_completed,web,organic
e_001740,u_001740,s_e_001740,2026-07-13 04:27:27 UTC,signup_completed,android,organic
e_001741,u_001741,s_e_001741,2026-07-13 04:10:51 UTC,signup_completed,ios,organic
e_001742,u_001742,s_e_001742,2026-07-13 05:52:36 UTC,signup_completed,web,organic
e_001743,u_001743,s_e_001743,2026-07-13 17:25:29 UTC,signup_completed,web,organic
e_001744,u_001744,s_e_001744,2026-07-13 09:24:10 UTC,signup_completed,web,organic
e_001745,u_001745,s_e_001745,2026-07-13 09:23:02 UTC,signup_completed,web,organic
e_001746,u_001746,s_e_001746,2026-07-13 03:54:34 UTC,signup_completed,web,organic
e_001747,u_001747,s_e_001747,2026-07-13 10:06:02 UTC,signup_completed,ios,organic
e_001748,u_001748,s_e_001748,2026-07-13 23:57:52 UTC,signup_completed,ios,organic
e_001749,u_001749,s_e_001749,2026-07-13 06:09:27 UTC,signup_completed,ios,organic
e_001750,u_001750,s_e_001750,2026-07-13 14:33:38 UTC,signup_completed,web,organic
e_001751,u_001751,s_e_001751,2026-07-13 02:07:18 UTC,signup_completed,ios,organic
e_001752,u_001752,s_e_001752,2026-07-13 21:20:07 UTC,signup_completed,ios,organic
e_001753,u_001753,s_e_001753,2026-07-13 16:38:43 UTC,signup_completed,android,organic
e_001754,u_001754,s_e_001754,2026-07-13 11:29:15 UTC,signup_completed,web,organic
e_001755,u_001755,s_e_001755,2026-07-13 06:05:29 UTC,signup_completed,android,organic
e_001756,u_001756,s_e_001756,2026-07-13 16:53:23 UTC,signup_completed,android,organic
e_001757,u_001757,s_e_001757,2026-07-13 12:09:07 UTC,signup_completed,android,organic
e_001758,u_001758,s_e_001758,2026-07-13 19:52:40 UTC,signup_completed,android,organic
e_001759,u_001759,s_e_001759,2026-07-13 01:13:58 UTC,signup_completed,ios,organic
e_001760,u_001760,s_e_001760,2026-07-13 05:17:43 UTC,signup_completed,web,organic
e_001761,u_001761,s_e_001761,2026-07-13 06:37:19 UTC,signup_completed,ios,organic
e_001762,u_001762,s_e_001762,2026-07-13 05:20:42 UTC,signup_completed,ios,organic
e_001763,u_001763,s_e_001763,2026-07-13 07:09:31 UTC,signup_completed,web,organic
e_001764,u_001764,s_e_001764,2026-07-13 23:44:07 UTC,signup_completed,ios,organic
e_001765,u_001765,s_e_001765,2026-07-13 04:33:07 UTC,signup_completed,ios,organic
e_001766,u_001766,s_e_001766,2026-07-13 22:41:56 UTC,signup_completed,web,organic
e_001767,u_001767,s_e_001767,2026-07-13 16:07:42 UTC,signup_completed,ios,organic
e_001768,u_001768,s_e_001768,2026-07-13 09:35:51 UTC,signup_completed,android,organic
e_001769,u_001769,s_e_001769,2026-07-13 20:58:57 UTC,signup_completed,ios,organic
e_001770,u_001770,s_e_001770,2026-07-13 07:19:51 UTC,signup_completed,ios,organic
e_001771,u_001771,s_e_001771,2026-07-13 02:17:23 UTC,signup_completed,web,organic
e_001772,u_001772,s_e_001772,2026-07-13 20:51:52 UTC,signup_completed,ios,organic
e_001773,u_001773,s_e_001773,2026-07-13 19:26:07 UTC,signup_completed,web,organic
e_001774,u_001774,s_e_001774,2026-07-13 12:24:04 UTC,signup_completed,web,organic
e_001775,u_001775,s_e_001775,2026-07-13 21:47:39 UTC,signup_completed,ios,organic
e_001776,u_001776,s_e_001776,2026-07-13 05:01:09 UTC,signup_completed,web,organic
e_001777,u_001777,s_e_001777,2026-07-13 21:05:16 UTC,signup_completed,android,paid_search
e_001778,u_001778,s_e_001778,2026-07-13 12:37:53 UTC,signup_completed,android,paid_search
e_001779,u_001779,s_e_001779,2026-07-13 11:31:17 UTC,signup_completed,web,paid_search
e_001780,u_001780,s_e_001780,2026-07-13 00:35:35 UTC,signup_completed,web,paid_search
e_001781,u_001781,s_e_001781,2026-07-13 12:30:44 UTC,signup_completed,android,paid_search
e_001782,u_001782,s_e_001782,2026-07-13 16:06:17 UTC,signup_completed,web,paid_search
e_001783,u_001783,s_e_001783,2026-07-13 08:10:51 UTC,signup_completed,web,paid_search
e_001784,u_001784,s_e_001784,2026-07-13 21:01:49 UTC,signup_completed,web,paid_search
e_001785,u_001785,s_e_001785,2026-07-13 09:56:17 UTC,signup_completed,android,paid_search
e_001786,u_001786,s_e_001786,2026-07-13 23:58:01 UTC,signup_completed,ios,paid_search
e_001787,u_001787,s_e_001787,2026-07-13 16:43:17 UTC,signup_completed,ios,paid_search
e_001788,u_001788,s_e_001788,2026-07-13 21:16:00 UTC,signup_completed,android,paid_search
e_001789,u_001789,s_e_001789,2026-07-13 01:30:25 UTC,signup_completed,web,paid_search
e_001790,u_001790,s_e_001790,2026-07-13 18:09:17 UTC,signup_completed,android,paid_search
e_001791,u_001791,s_e_001791,2026-07-13 07:29:02 UTC,signup_completed,android,paid_search
e_001792,u_001792,s_e_001792,2026-07-13 05:35:07 UTC,signup_completed,android,paid_search
e_001793,u_001793,s_e_001793,2026-07-13 16:06:33 UTC,signup_completed,ios,paid_search
e_001794,u_001794,s_e_001794,2026-07-13 05:27:44 UTC,signup_completed,web,paid_search
e_001795,u_001795,s_e_001795,2026-07-13 19:12:06 UTC,signup_completed,android,paid_search
e_001796,u_001796,s_e_001796,2026-07-13 09:49:34 UTC,signup_completed,ios,paid_search
e_001797,u_001797,s_e_001797,2026-07-13 12:02:42 UTC,signup_completed,android,paid_search
e_001798,u_001798,s_e_001798,2026-07-13 16:33:12 UTC,signup_completed,ios,paid_search
e_001799,u_001799,s_e_001799,2026-07-13 03:12:30 UTC,signup_completed,web,paid_search
e_001800,u_001800,s_e_001800,2026-07-13 11:22:32 UTC,signup_completed,ios,paid_search
e_001801,u_001801,s_e_001801,2026-07-13 06:58:56 UTC,signup_completed,ios,paid_search
e_001802,u_001802,s_e_001802,2026-07-13 08:47:33 UTC,signup_completed,android,paid_search
e_001803,u_001803,s_e_001803,2026-07-13 11:04:00 UTC,signup_completed,ios,paid_search
e_001804,u_001804,s_e_001804,2026-07-13 02:31:53 UTC,signup_completed,android,paid_search
e_001805,u_001805,s_e_001805,2026-07-13 12:31:29 UTC,signup_completed,web,paid_search
e_001806,u_001806,s_e_001806,2026-07-13 03:26:49 UTC,signup_completed,ios,push
e_001807,u_001807,s_e_001807,2026-07-13 16:13:04 UTC,signup_completed,android,push
e_001808,u_001808,s_e_001808,2026-07-13 15:54:31 UTC,signup_completed,android,push
e_001809,u_001809,s_e_001809,2026-07-13 03:14:35 UTC,signup_completed,ios,push
e_001810,u_001810,s_e_001810,2026-07-13 19:39:45 UTC,signup_completed,web,push
e_001811,u_001811,s_e_001811,2026-07-13 23:27:11 UTC,signup_completed,android,push
e_001812,u_001812,s_e_001812,2026-07-13 14:23:00 UTC,signup_completed,ios,push
e_001813,u_001813,s_e_001813,2026-07-13 05:57:24 UTC,signup_completed,ios,push
e_001814,u_001814,s_e_001814,2026-07-13 23:32:53 UTC,signup_completed,ios,push
e_001815,u_001815,s_e_001815,2026-07-13 02:01:47 UTC,signup_completed,web,push
e_001816,u_001816,s_e_001816,2026-07-13 12:47:50 UTC,signup_completed,ios,push
e_001817,u_001817,s_e_001817,2026-07-13 22:27:55 UTC,signup_completed,android,push
e_001818,u_001818,s_e_001818,2026-07-13 23:42:29 UTC,signup_completed,web,push
e_001819,u_001819,s_e_001819,2026-07-13 23:08:27 UTC,signup_completed,ios,push
e_001820,u_001820,s_e_001820,2026-07-13 15:18:18 UTC,signup_completed,android,push
e_001821,u_001821,s_e_001821,2026-07-13 17:04:26 UTC,signup_completed,android,push
e_001822,u_001822,s_e_001822,2026-07-13 01:22:16 UTC,signup_completed,web,push
e_001823,u_001823,s_e_001823,2026-07-13 18:39:51 UTC,signup_completed,web,push
e_001824,u_001824,s_e_001824,2026-07-13 00:03:24 UTC,signup_completed,ios,push
e_001825,u_001825,s_e_001825,2026-07-13 14:59:10 UTC,signup_completed,android,push
e_001826,u_001826,s_e_001826,2026-07-13 00:48:37 UTC,signup_completed,ios,push
e_001827,u_001827,s_e_001827,2026-07-13 01:25:12 UTC,signup_completed,web,push
e_001828,u_001828,s_e_001828,2026-07-13 17:36:18 UTC,signup_completed,ios,push
e_001829,u_001829,s_e_001829,2026-07-13 18:29:17 UTC,signup_completed,web,push
e_001830,u_001830,s_e_001830,2026-07-13 14:05:50 UTC,signup_completed,ios,push
e_001831,u_001831,s_e_001831,2026-07-13 05:01:51 UTC,signup_completed,web,push
e_001832,u_001832,s_e_001832,2026-07-13 13:49:58 UTC,signup_completed,android,push
e_001833,u_001833,s_e_001833,2026-07-13 11:36:32 UTC,signup_completed,ios,push
e_001834,u_001834,s_e_001834,2026-07-13 08:17:00 UTC,signup_completed,web,push
e_001835,u_001835,s_e_001835,2026-07-13 01:59:42 UTC,signup_completed,web,email
e_001836,u_001836,s_e_001836,2026-07-13 07:37:57 UTC,signup_completed,android,email
e_001837,u_001837,s_e_001837,2026-07-13 08:16:09 UTC,signup_completed,android,email
e_001838,u_001838,s_e_001838,2026-07-13 22:46:41 UTC,signup_completed,ios,email
e_001839,u_001839,s_e_001839,2026-07-13 18:51:09 UTC,signup_completed,web,email
e_001840,u_001840,s_e_001840,2026-07-13 04:23:42 UTC,signup_completed,android,email
e_001841,u_001841,s_e_001841,2026-07-13 21:17:19 UTC,signup_completed,android,email
e_001842,u_001842,s_e_001842,2026-07-13 15:03:49 UTC,signup_completed,android,email
e_001843,u_001843,s_e_001843,2026-07-13 11:38:10 UTC,signup_completed,web,email
e_001844,u_001844,s_e_001844,2026-07-13 22:54:26 UTC,signup_completed,android,email
e_001845,u_001845,s_e_001845,2026-07-13 08:00:09 UTC,signup_completed,ios,email
e_001846,u_001846,s_e_001846,2026-07-13 12:57:00 UTC,signup_completed,android,email
e_001847,u_001847,s_e_001847,2026-07-13 02:01:13 UTC,signup_completed,web,email
e_001848,u_001848,s_e_001848,2026-07-13 08:21:01 UTC,signup_completed,android,email
e_001849,u_001849,s_e_001849,2026-07-13 10:32:04 UTC,signup_completed,web,email
e_001850,u_001850,s_e_001850,2026-07-13 17:11:06 UTC,signup_completed,ios,email
e_001851,u_001851,s_e_001851,2026-07-13 00:19:44 UTC,signup_completed,android,email
e_001852,u_001852,s_e_001852,2026-07-13 05:43:34 UTC,signup_completed,ios,email
e_001853,u_001853,s_e_001853,2026-07-13 13:41:38 UTC,signup_completed,android,email
e_001854,u_001854,s_e_001854,2026-07-13 03:59:52 UTC,signup_completed,ios,email
e_001855,u_001855,s_e_001855,2026-07-13 17:47:06 UTC,signup_completed,android,email
e_001856,u_001856,s_e_001856,2026-07-13 08:01:17 UTC,signup_completed,android,email
e_001857,u_001857,s_e_001857,2026-07-13 23:21:58 UTC,signup_completed,ios,referral
e_001858,u_001858,s_e_001858,2026-07-13 17:49:47 UTC,signup_completed,web,referral
e_001859,u_001859,s_e_001859,2026-07-13 19:53:58 UTC,signup_completed,android,referral
e_001860,u_001860,s_e_001860,2026-07-13 18:29:11 UTC,signup_completed,web,referral
e_001861,u_001861,s_e_001861,2026-07-13 00:03:10 UTC,signup_completed,web,referral
e_001862,u_001862,s_e_001862,2026-07-13 22:45:44 UTC,signup_completed,web,referral
e_001863,u_001863,s_e_001863,2026-07-13 11:23:06 UTC,signup_completed,android,referral
e_001864,u_001864,s_e_001864,2026-07-13 15:08:21 UTC,signup_completed,android,referral
e_001865,u_001865,s_e_001865,2026-07-13 07:27:47 UTC,signup_completed,ios,referral
e_001866,u_001866,s_e_001866,2026-07-13 20:06:22 UTC,signup_completed,android,referral
e_001867,u_001867,s_e_001867,2026-07-13 17:52:36 UTC,signup_completed,ios,referral
e_001868,u_001868,s_e_001868,2026-07-13 17:37:38 UTC,signup_completed,web,referral
e_001869,u_001869,s_e_001869,2026-07-13 21:47:59 UTC,signup_completed,ios,referral
e_001870,u_001870,s_e_001870,2026-07-13 17:55:49 UTC,signup_completed,ios,referral
e_001871,u_001871,s_e_001871,2026-07-13 20:38:45 UTC,signup_completed,ios,referral
e_001872,u_001872,s_e_001872,2026-07-13 09:51:27 UTC,signup_completed,ios,referral
e_001873,u_001873,s_e_001873,2026-07-13 13:45:23 UTC,signup_completed,ios,referral
e_001874,u_001874,s_e_001874,2026-07-13 03:52:57 UTC,signup_completed,android,referral
e_001875,u_001875,s_e_001875,2026-07-13 14:16:20 UTC,signup_completed,web,referral
e_001876,u_001876,s_e_001876,2026-07-13 03:56:18 UTC,signup_completed,ios,referral
e_001877,u_001877,s_e_001877,2026-07-13 06:57:16 UTC,signup_completed,ios,referral
e_001878,u_001878,s_e_001878,2026-07-13 22:30:28 UTC,signup_completed,android,referral
e_001879,u_001879,s_e_001879,2026-07-14 04:27:55 UTC,signup_completed,android,organic
e_001880,u_001880,s_e_001880,2026-07-14 17:16:18 UTC,signup_completed,web,organic
e_001881,u_001881,s_e_001881,2026-07-14 19:42:57 UTC,signup_completed,ios,organic
e_001882,u_001882,s_e_001882,2026-07-14 09:17:06 UTC,signup_completed,web,organic
e_001883,u_001883,s_e_001883,2026-07-14 03:54:04 UTC,signup_completed,android,organic
e_001884,u_001884,s_e_001884,2026-07-14 03:58:56 UTC,signup_completed,android,organic
e_001885,u_001885,s_e_001885,2026-07-14 12:12:36 UTC,signup_completed,web,organic
e_001886,u_001886,s_e_001886,2026-07-14 15:30:05 UTC,signup_completed,android,organic
e_001887,u_001887,s_e_001887,2026-07-14 07:11:02 UTC,signup_completed,ios,organic
e_001888,u_001888,s_e_001888,2026-07-14 19:06:04 UTC,signup_completed,web,organic
e_001889,u_001889,s_e_001889,2026-07-14 00:17:23 UTC,signup_completed,android,organic
e_001890,u_001890,s_e_001890,2026-07-14 08:58:36 UTC,signup_completed,android,organic
e_001891,u_001891,s_e_001891,2026-07-14 21:08:01 UTC,signup_completed,android,organic
e_001892,u_001892,s_e_001892,2026-07-14 02:59:30 UTC,signup_completed,ios,organic
e_001893,u_001893,s_e_001893,2026-07-14 14:56:49 UTC,signup_completed,android,organic
e_001894,u_001894,s_e_001894,2026-07-14 15:58:27 UTC,signup_completed,web,organic
e_001895,u_001895,s_e_001895,2026-07-14 03:48:10 UTC,signup_completed,web,organic
e_001896,u_001896,s_e_001896,2026-07-14 23:09:29 UTC,signup_completed,web,organic
e_001897,u_001897,s_e_001897,2026-07-14 12:36:25 UTC,signup_completed,ios,organic
e_001898,u_001898,s_e_001898,2026-07-14 22:30:34 UTC,signup_completed,web,organic
e_001899,u_001899,s_e_001899,2026-07-14 05:59:05 UTC,signup_completed,web,organic
e_001900,u_001900,s_e_001900,2026-07-14 09:04:53 UTC,signup_completed,web,organic
e_001901,u_001901,s_e_001901,2026-07-14 10:39:54 UTC,signup_completed,web,organic
e_001902,u_001902,s_e_001902,2026-07-14 19:00:48 UTC,signup_completed,ios,organic
e_001903,u_001903,s_e_001903,2026-07-14 20:58:18 UTC,signup_completed,web,organic
e_001904,u_001904,s_e_001904,2026-07-14 22:00:12 UTC,signup_completed,web,organic
e_001905,u_001905,s_e_001905,2026-07-14 23:57:06 UTC,signup_completed,ios,organic
e_001906,u_001906,s_e_001906,2026-07-14 00:16:53 UTC,signup_completed,android,organic
e_001907,u_001907,s_e_001907,2026-07-14 02:54:47 UTC,signup_completed,ios,organic
e_001908,u_001908,s_e_001908,2026-07-14 21:30:37 UTC,signup_completed,web,organic
e_001909,u_001909,s_e_001909,2026-07-14 16:35:12 UTC,signup_completed,android,organic
e_001910,u_001910,s_e_001910,2026-07-14 15:30:08 UTC,signup_completed,web,organic
e_001911,u_001911,s_e_001911,2026-07-14 21:13:27 UTC,signup_completed,web,organic
e_001912,u_001912,s_e_001912,2026-07-14 17:34:02 UTC,signup_completed,ios,organic
e_001913,u_001913,s_e_001913,2026-07-14 17:04:59 UTC,signup_completed,web,organic
e_001914,u_001914,s_e_001914,2026-07-14 16:10:21 UTC,signup_completed,web,organic
e_001915,u_001915,s_e_001915,2026-07-14 16:14:00 UTC,signup_completed,ios,organic
e_001916,u_001916,s_e_001916,2026-07-14 06:45:28 UTC,signup_completed,ios,organic
e_001917,u_001917,s_e_001917,2026-07-14 08:36:07 UTC,signup_completed,web,organic
e_001918,u_001918,s_e_001918,2026-07-14 08:39:58 UTC,signup_completed,web,organic
e_001919,u_001919,s_e_001919,2026-07-14 10:16:07 UTC,signup_completed,web,organic
e_001920,u_001920,s_e_001920,2026-07-14 04:10:31 UTC,signup_completed,web,organic
e_001921,u_001921,s_e_001921,2026-07-14 19:40:07 UTC,signup_completed,android,paid_search
e_001922,u_001922,s_e_001922,2026-07-14 02:20:28 UTC,signup_completed,ios,paid_search
e_001923,u_001923,s_e_001923,2026-07-14 23:14:06 UTC,signup_completed,ios,paid_search
e_001924,u_001924,s_e_001924,2026-07-14 11:14:46 UTC,signup_completed,ios,paid_search
e_001925,u_001925,s_e_001925,2026-07-14 22:21:50 UTC,signup_completed,ios,paid_search
e_001926,u_001926,s_e_001926,2026-07-14 20:14:02 UTC,signup_completed,ios,paid_search
e_001927,u_001927,s_e_001927,2026-07-14 06:11:12 UTC,signup_completed,web,paid_search
e_001928,u_001928,s_e_001928,2026-07-14 22:47:59 UTC,signup_completed,ios,paid_search
e_001929,u_001929,s_e_001929,2026-07-14 14:29:19 UTC,signup_completed,android,paid_search
e_001930,u_001930,s_e_001930,2026-07-14 12:25:03 UTC,signup_completed,web,paid_search
e_001931,u_001931,s_e_001931,2026-07-14 03:17:05 UTC,signup_completed,web,paid_search
e_001932,u_001932,s_e_001932,2026-07-14 21:40:37 UTC,signup_completed,android,paid_search
e_001933,u_001933,s_e_001933,2026-07-14 18:41:53 UTC,signup_completed,web,paid_search
e_001934,u_001934,s_e_001934,2026-07-14 11:52:34 UTC,signup_completed,ios,paid_search
e_001935,u_001935,s_e_001935,2026-07-14 19:14:23 UTC,signup_completed,ios,paid_search
e_001936,u_001936,s_e_001936,2026-07-14 15:39:25 UTC,signup_completed,android,paid_search
e_001937,u_001937,s_e_001937,2026-07-14 21:13:03 UTC,signup_completed,ios,paid_search
e_001938,u_001938,s_e_001938,2026-07-14 20:08:54 UTC,signup_completed,android,paid_search
e_001939,u_001939,s_e_001939,2026-07-14 02:27:10 UTC,signup_completed,web,paid_search
e_001940,u_001940,s_e_001940,2026-07-14 11:05:31 UTC,signup_completed,ios,paid_search
e_001941,u_001941,s_e_001941,2026-07-14 21:06:06 UTC,signup_completed,android,paid_search
e_001942,u_001942,s_e_001942,2026-07-14 00:45:36 UTC,signup_completed,web,paid_search
e_001943,u_001943,s_e_001943,2026-07-14 10:58:07 UTC,signup_completed,android,paid_search
e_001944,u_001944,s_e_001944,2026-07-14 10:14:11 UTC,signup_completed,android,paid_search
e_001945,u_001945,s_e_001945,2026-07-14 00:28:44 UTC,signup_completed,android,paid_search
e_001946,u_001946,s_e_001946,2026-07-14 10:10:48 UTC,signup_completed,android,paid_search
e_001947,u_001947,s_e_001947,2026-07-14 15:59:45 UTC,signup_completed,android,paid_search
e_001948,u_001948,s_e_001948,2026-07-14 21:42:31 UTC,signup_completed,android,paid_search
e_001949,u_001949,s_e_001949,2026-07-14 13:00:57 UTC,signup_completed,ios,push
e_001950,u_001950,s_e_001950,2026-07-14 11:43:10 UTC,signup_completed,ios,push
e_001951,u_001951,s_e_001951,2026-07-14 15:44:24 UTC,signup_completed,android,push
e_001952,u_001952,s_e_001952,2026-07-14 14:12:28 UTC,signup_completed,android,push
e_001953,u_001953,s_e_001953,2026-07-14 04:24:02 UTC,signup_completed,web,push
e_001954,u_001954,s_e_001954,2026-07-14 17:25:44 UTC,signup_completed,web,push
e_001955,u_001955,s_e_001955,2026-07-14 17:17:35 UTC,signup_completed,web,push
e_001956,u_001956,s_e_001956,2026-07-14 18:40:56 UTC,signup_completed,ios,push
e_001957,u_001957,s_e_001957,2026-07-14 20:54:49 UTC,signup_completed,web,email
e_001958,u_001958,s_e_001958,2026-07-14 09:22:47 UTC,signup_completed,android,email
e_001959,u_001959,s_e_001959,2026-07-14 16:36:24 UTC,signup_completed,ios,email
e_001960,u_001960,s_e_001960,2026-07-14 22:31:23 UTC,signup_completed,ios,email
e_001961,u_001961,s_e_001961,2026-07-14 18:28:44 UTC,signup_completed,web,email
e_001962,u_001962,s_e_001962,2026-07-14 15:55:35 UTC,signup_completed,android,email
e_001963,u_001963,s_e_001963,2026-07-14 00:03:59 UTC,signup_completed,web,email
e_001964,u_001964,s_e_001964,2026-07-14 04:09:32 UTC,signup_completed,ios,referral
e_001965,u_001965,s_e_001965,2026-07-14 15:37:40 UTC,signup_completed,web,referral
e_001966,u_001966,s_e_001966,2026-07-14 03:46:12 UTC,signup_completed,web,referral
e_001967,u_001967,s_e_001967,2026-07-14 08:53:06 UTC,signup_completed,ios,referral
e_001968,u_001968,s_e_001968,2026-07-14 09:32:51 UTC,signup_completed,ios,referral
e_001969,u_001969,s_e_001969,2026-07-14 04:07:59 UTC,signup_completed,android,referral
e_001970,u_001970,s_e_001970,2026-07-14 15:32:30 UTC,signup_completed,web,referral
e_001971,u_001971,s_e_001971,2026-07-14 18:35:29 UTC,signup_completed,web,referral
e_001972,u_001972,s_e_001972,2026-07-14 11:16:36 UTC,signup_completed,web,referral
e_001973,u_001973,s_e_001973,2026-07-14 15:57:17 UTC,signup_completed,web,referral
e_001974,u_001974,s_e_001974,2026-07-14 23:13:57 UTC,signup_completed,web,referral
e_001975,u_001975,s_e_001975,2026-07-14 14:22:46 UTC,signup_completed,ios,referral
e_001976,u_001976,s_e_001976,2026-07-14 14:30:38 UTC,signup_completed,web,referral
e_001977,u_001977,s_e_001977,2026-07-14 18:27:03 UTC,signup_completed,android,referral
e_001978,u_001978,s_e_001978,2026-07-14 21:14:33 UTC,signup_completed,web,referral
e_001979,u_001979,s_e_001979,2026-07-14 13:44:27 UTC,signup_completed,android,referral
e_001980,u_001980,s_e_001980,2026-07-14 08:35:33 UTC,signup_completed,web,referral
e_001981,u_001981,s_e_001981,2026-07-14 15:28:04 UTC,signup_completed,android,referral
e_001982,u_001982,s_e_001982,2026-07-14 20:18:36 UTC,signup_completed,android,referral
e_001983,u_001983,s_e_001983,2026-07-14 16:14:20 UTC,signup_completed,ios,referral
e_001984,u_001984,s_e_001984,2026-07-14 09:41:25 UTC,signup_completed,web,referral
e_001985,u_001985,s_e_001985,2026-07-15 06:57:56 UTC,signup_completed,ios,organic
e_001986,u_001986,s_e_001986,2026-07-15 00:14:51 UTC,signup_completed,web,organic
e_001987,u_001987,s_e_001987,2026-07-15 17:27:24 UTC,signup_completed,android,organic
e_001988,u_001988,s_e_001988,2026-07-15 21:06:55 UTC,signup_completed,web,organic
e_001989,u_001989,s_e_001989,2026-07-15 15:09:52 UTC,signup_completed,web,organic
e_001990,u_001990,s_e_001990,2026-07-15 21:09:20 UTC,signup_completed,web,organic
e_001991,u_001991,s_e_001991,2026-07-15 23:11:43 UTC,signup_completed,web,organic
e_001992,u_001992,s_e_001992,2026-07-15 14:07:39 UTC,signup_completed,android,organic
e_001993,u_001993,s_e_001993,2026-07-15 04:52:14 UTC,signup_completed,ios,organic
e_001994,u_001994,s_e_001994,2026-07-15 16:16:00 UTC,signup_completed,web,organic
e_001995,u_001995,s_e_001995,2026-07-15 12:19:21 UTC,signup_completed,android,organic
e_001996,u_001996,s_e_001996,2026-07-15 07:26:28 UTC,signup_completed,web,organic
e_001997,u_001997,s_e_001997,2026-07-15 13:25:38 UTC,signup_completed,android,organic
e_001998,u_001998,s_e_001998,2026-07-15 13:27:04 UTC,signup_completed,web,organic
e_001999,u_001999,s_e_001999,2026-07-15 18:13:03 UTC,signup_completed,web,organic
e_002000,u_002000,s_e_002000,2026-07-15 05:45:15 UTC,signup_completed,web,organic
e_002001,u_002001,s_e_002001,2026-07-15 22:35:03 UTC,signup_completed,android,organic
e_002002,u_002002,s_e_002002,2026-07-15 04:18:10 UTC,signup_completed,android,organic
e_002003,u_002003,s_e_002003,2026-07-15 15:48:35 UTC,signup_completed,web,organic
e_002004,u_002004,s_e_002004,2026-07-15 18:01:04 UTC,signup_completed,ios,organic
e_002005,u_002005,s_e_002005,2026-07-15 10:38:17 UTC,signup_completed,android,organic
e_002006,u_002006,s_e_002006,2026-07-15 19:01:30 UTC,signup_completed,web,organic
e_002007,u_002007,s_e_002007,2026-07-15 05:59:13 UTC,signup_completed,ios,organic
e_002008,u_002008,s_e_002008,2026-07-15 03:29:51 UTC,signup_completed,ios,organic
e_002009,u_002009,s_e_002009,2026-07-15 15:39:33 UTC,signup_completed,web,organic
e_002010,u_002010,s_e_002010,2026-07-15 20:04:38 UTC,signup_completed,android,organic
e_002011,u_002011,s_e_002011,2026-07-15 19:45:29 UTC,signup_completed,ios,organic
e_002012,u_002012,s_e_002012,2026-07-15 15:43:27 UTC,signup_completed,android,organic
e_002013,u_002013,s_e_002013,2026-07-15 16:15:59 UTC,signup_completed,ios,organic
e_002014,u_002014,s_e_002014,2026-07-15 18:10:55 UTC,signup_completed,ios,organic
e_002015,u_002015,s_e_002015,2026-07-15 09:14:24 UTC,signup_completed,web,organic
e_002016,u_002016,s_e_002016,2026-07-15 21:56:58 UTC,signup_completed,web,organic
e_002017,u_002017,s_e_002017,2026-07-15 00:36:21 UTC,signup_completed,web,organic
e_002018,u_002018,s_e_002018,2026-07-15 09:23:01 UTC,signup_completed,web,organic
e_002019,u_002019,s_e_002019,2026-07-15 18:23:56 UTC,signup_completed,ios,organic
e_002020,u_002020,s_e_002020,2026-07-15 12:44:57 UTC,signup_completed,web,organic
e_002021,u_002021,s_e_002021,2026-07-15 02:56:43 UTC,signup_completed,ios,organic
e_002022,u_002022,s_e_002022,2026-07-15 08:17:17 UTC,signup_completed,android,organic
e_002023,u_002023,s_e_002023,2026-07-15 14:11:06 UTC,signup_completed,android,organic
e_002024,u_002024,s_e_002024,2026-07-15 22:31:32 UTC,signup_completed,web,organic
e_002025,u_002025,s_e_002025,2026-07-15 12:14:27 UTC,signup_completed,web,organic
e_002026,u_002026,s_e_002026,2026-07-15 19:46:46 UTC,signup_completed,web,paid_search
e_002027,u_002027,s_e_002027,2026-07-15 03:09:39 UTC,signup_completed,android,paid_search
e_002028,u_002028,s_e_002028,2026-07-15 08:20:47 UTC,signup_completed,ios,paid_search
e_002029,u_002029,s_e_002029,2026-07-15 20:43:25 UTC,signup_completed,ios,paid_search
e_002030,u_002030,s_e_002030,2026-07-15 20:53:02 UTC,signup_completed,ios,paid_search
e_002031,u_002031,s_e_002031,2026-07-15 08:20:21 UTC,signup_completed,android,paid_search
e_002032,u_002032,s_e_002032,2026-07-15 00:48:15 UTC,signup_completed,web,paid_search
e_002033,u_002033,s_e_002033,2026-07-15 23:08:16 UTC,signup_completed,ios,paid_search
e_002034,u_002034,s_e_002034,2026-07-15 01:35:49 UTC,signup_completed,web,paid_search
e_002035,u_002035,s_e_002035,2026-07-15 10:04:36 UTC,signup_completed,ios,paid_search
e_002036,u_002036,s_e_002036,2026-07-15 02:02:41 UTC,signup_completed,ios,paid_search
e_002037,u_002037,s_e_002037,2026-07-15 20:06:07 UTC,signup_completed,android,paid_search
e_002038,u_002038,s_e_002038,2026-07-15 12:12:17 UTC,signup_completed,web,paid_search
e_002039,u_002039,s_e_002039,2026-07-15 00:58:54 UTC,signup_completed,web,paid_search
e_002040,u_002040,s_e_002040,2026-07-15 21:06:15 UTC,signup_completed,ios,paid_search
e_002041,u_002041,s_e_002041,2026-07-15 01:00:45 UTC,signup_completed,android,paid_search
e_002042,u_002042,s_e_002042,2026-07-15 00:01:49 UTC,signup_completed,android,paid_search
e_002043,u_002043,s_e_002043,2026-07-15 10:17:51 UTC,signup_completed,android,paid_search
e_002044,u_002044,s_e_002044,2026-07-15 03:36:47 UTC,signup_completed,android,paid_search
e_002045,u_002045,s_e_002045,2026-07-15 08:50:13 UTC,signup_completed,android,paid_search
e_002046,u_002046,s_e_002046,2026-07-15 03:17:05 UTC,signup_completed,ios,paid_search
e_002047,u_002047,s_e_002047,2026-07-15 00:04:12 UTC,signup_completed,android,paid_search
e_002048,u_002048,s_e_002048,2026-07-15 05:17:46 UTC,signup_completed,android,paid_search
e_002049,u_002049,s_e_002049,2026-07-15 02:04:50 UTC,signup_completed,web,paid_search
e_002050,u_002050,s_e_002050,2026-07-15 12:49:41 UTC,signup_completed,ios,paid_search
e_002051,u_002051,s_e_002051,2026-07-15 14:21:52 UTC,signup_completed,web,paid_search
e_002052,u_002052,s_e_002052,2026-07-15 02:56:47 UTC,signup_completed,android,paid_search
e_002053,u_002053,s_e_002053,2026-07-15 03:44:29 UTC,signup_completed,android,paid_search
e_002054,u_002054,s_e_002054,2026-07-15 05:11:09 UTC,signup_completed,android,push
e_002055,u_002055,s_e_002055,2026-07-15 14:09:22 UTC,signup_completed,ios,push
e_002056,u_002056,s_e_002056,2026-07-15 07:18:43 UTC,signup_completed,android,push
e_002057,u_002057,s_e_002057,2026-07-15 19:15:50 UTC,signup_completed,ios,push
e_002058,u_002058,s_e_002058,2026-07-15 07:01:14 UTC,signup_completed,web,push
e_002059,u_002059,s_e_002059,2026-07-15 04:28:41 UTC,signup_completed,android,push
e_002060,u_002060,s_e_002060,2026-07-15 17:41:13 UTC,signup_completed,android,push
e_002061,u_002061,s_e_002061,2026-07-15 01:24:53 UTC,signup_completed,web,push
e_002062,u_002062,s_e_002062,2026-07-15 19:33:58 UTC,signup_completed,ios,push
e_002063,u_002063,s_e_002063,2026-07-15 21:54:02 UTC,signup_completed,android,push
e_002064,u_002064,s_e_002064,2026-07-15 13:26:20 UTC,signup_completed,android,push
e_002065,u_002065,s_e_002065,2026-07-15 21:54:18 UTC,signup_completed,web,push
e_002066,u_002066,s_e_002066,2026-07-15 06:12:15 UTC,signup_completed,ios,push
e_002067,u_002067,s_e_002067,2026-07-15 13:46:07 UTC,signup_completed,ios,push
e_002068,u_002068,s_e_002068,2026-07-15 19:05:05 UTC,signup_completed,ios,push
e_002069,u_002069,s_e_002069,2026-07-15 19:11:43 UTC,signup_completed,ios,push
e_002070,u_002070,s_e_002070,2026-07-15 12:37:22 UTC,signup_completed,android,push
e_002071,u_002071,s_e_002071,2026-07-15 15:42:31 UTC,signup_completed,android,push
e_002072,u_002072,s_e_002072,2026-07-15 14:41:12 UTC,signup_completed,android,push
e_002073,u_002073,s_e_002073,2026-07-15 20:38:16 UTC,signup_completed,ios,push
e_002074,u_002074,s_e_002074,2026-07-15 03:27:32 UTC,signup_completed,web,push
e_002075,u_002075,s_e_002075,2026-07-15 06:47:45 UTC,signup_completed,android,push
e_002076,u_002076,s_e_002076,2026-07-15 13:34:31 UTC,signup_completed,ios,push
e_002077,u_002077,s_e_002077,2026-07-15 23:49:57 UTC,signup_completed,ios,push
e_002078,u_002078,s_e_002078,2026-07-15 08:11:42 UTC,signup_completed,ios,push
e_002079,u_002079,s_e_002079,2026-07-15 20:45:21 UTC,signup_completed,android,push
e_002080,u_002080,s_e_002080,2026-07-15 14:45:22 UTC,signup_completed,web,push
e_002081,u_002081,s_e_002081,2026-07-15 01:15:27 UTC,signup_completed,ios,push
e_002082,u_002082,s_e_002082,2026-07-15 13:23:54 UTC,signup_completed,ios,email
e_002083,u_002083,s_e_002083,2026-07-15 20:44:09 UTC,signup_completed,android,email
e_002084,u_002084,s_e_002084,2026-07-15 16:53:28 UTC,signup_completed,android,email
e_002085,u_002085,s_e_002085,2026-07-15 00:04:36 UTC,signup_completed,android,email
e_002086,u_002086,s_e_002086,2026-07-15 20:18:51 UTC,signup_completed,ios,email
e_002087,u_002087,s_e_002087,2026-07-15 22:44:23 UTC,signup_completed,android,email
e_002088,u_002088,s_e_002088,2026-07-15 08:40:00 UTC,signup_completed,web,email
e_002089,u_002089,s_e_002089,2026-07-15 20:29:49 UTC,signup_completed,web,email
e_002090,u_002090,s_e_002090,2026-07-15 11:08:59 UTC,signup_completed,ios,email
e_002091,u_002091,s_e_002091,2026-07-15 11:48:06 UTC,signup_completed,ios,email
e_002092,u_002092,s_e_002092,2026-07-15 05:40:44 UTC,signup_completed,web,email
e_002093,u_002093,s_e_002093,2026-07-15 14:28:26 UTC,signup_completed,android,email
e_002094,u_002094,s_e_002094,2026-07-15 13:23:34 UTC,signup_completed,web,email
e_002095,u_002095,s_e_002095,2026-07-15 14:13:04 UTC,signup_completed,ios,email
e_002096,u_002096,s_e_002096,2026-07-15 14:15:29 UTC,signup_completed,android,email
e_002097,u_002097,s_e_002097,2026-07-15 06:46:01 UTC,signup_completed,android,email
e_002098,u_002098,s_e_002098,2026-07-15 12:33:51 UTC,signup_completed,web,email
e_002099,u_002099,s_e_002099,2026-07-15 12:15:44 UTC,signup_completed,android,email
e_002100,u_002100,s_e_002100,2026-07-15 08:51:24 UTC,signup_completed,android,email
e_002101,u_002101,s_e_002101,2026-07-15 14:30:48 UTC,signup_completed,android,email
e_002102,u_002102,s_e_002102,2026-07-15 13:03:18 UTC,signup_completed,web,email
e_002103,u_002103,s_e_002103,2026-07-15 07:39:02 UTC,signup_completed,ios,referral
e_002104,u_002104,s_e_002104,2026-07-15 19:12:36 UTC,signup_completed,ios,referral
e_002105,u_002105,s_e_002105,2026-07-15 00:35:16 UTC,signup_completed,android,referral
e_002106,u_002106,s_e_002106,2026-07-15 16:12:24 UTC,signup_completed,android,referral
e_002107,u_002107,s_e_002107,2026-07-15 07:58:15 UTC,signup_completed,android,referral
e_002108,u_002108,s_e_002108,2026-07-15 23:50:54 UTC,signup_completed,android,referral
e_002109,u_002109,s_e_002109,2026-07-15 07:32:51 UTC,signup_completed,web,referral
e_002110,u_002110,s_e_002110,2026-07-15 18:58:27 UTC,signup_completed,web,referral
e_002111,u_002111,s_e_002111,2026-07-15 13:12:43 UTC,signup_completed,android,referral
e_002112,u_002112,s_e_002112,2026-07-15 02:14:40 UTC,signup_completed,ios,referral
e_002113,u_002113,s_e_002113,2026-07-15 18:41:48 UTC,signup_completed,web,referral
e_002114,u_002114,s_e_002114,2026-07-15 20:48:17 UTC,signup_completed,android,referral
e_002115,u_002115,s_e_002115,2026-07-15 04:57:53 UTC,signup_completed,android,referral
e_002116,u_002116,s_e_002116,2026-07-15 03:25:12 UTC,signup_completed,ios,referral
e_002117,u_002117,s_e_002117,2026-07-15 00:13:31 UTC,signup_completed,ios,referral
e_002118,u_002118,s_e_002118,2026-07-15 04:08:22 UTC,signup_completed,ios,referral
e_002119,u_002119,s_e_002119,2026-07-15 02:37:56 UTC,signup_completed,ios,referral
e_002120,u_002120,s_e_002120,2026-07-15 20:57:42 UTC,signup_completed,web,referral
e_002121,u_002121,s_e_002121,2026-07-15 10:41:15 UTC,signup_completed,web,referral
e_002122,u_002122,s_e_002122,2026-07-15 16:21:29 UTC,signup_completed,ios,referral
e_002123,u_002123,s_e_002123,2026-07-15 04:23:58 UTC,signup_completed,ios,referral
e_002124,u_002124,s_e_002124,2026-07-16 09:24:54 UTC,signup_completed,android,organic
e_002125,u_002125,s_e_002125,2026-07-16 04:06:12 UTC,signup_completed,android,organic
e_002126,u_002126,s_e_002126,2026-07-16 13:17:11 UTC,signup_completed,web,organic
e_002127,u_002127,s_e_002127,2026-07-16 11:35:52 UTC,signup_completed,web,organic
e_002128,u_002128,s_e_002128,2026-07-16 23:59:46 UTC,signup_completed,web,organic
e_002129,u_002129,s_e_002129,2026-07-16 12:28:09 UTC,signup_completed,android,organic
e_002130,u_002130,s_e_002130,2026-07-16 21:39:25 UTC,signup_completed,web,organic
e_002131,u_002131,s_e_002131,2026-07-16 12:27:49 UTC,signup_completed,web,organic
e_002132,u_002132,s_e_002132,2026-07-16 17:42:28 UTC,signup_completed,web,organic
e_002133,u_002133,s_e_002133,2026-07-16 17:58:16 UTC,signup_completed,web,organic
e_002134,u_002134,s_e_002134,2026-07-16 04:50:32 UTC,signup_completed,android,organic
e_002135,u_002135,s_e_002135,2026-07-16 20:20:26 UTC,signup_completed,ios,organic
e_002136,u_002136,s_e_002136,2026-07-16 20:57:22 UTC,signup_completed,android,organic
e_002137,u_002137,s_e_002137,2026-07-16 07:40:34 UTC,signup_completed,android,organic
e_002138,u_002138,s_e_002138,2026-07-16 10:19:38 UTC,signup_completed,ios,organic
e_002139,u_002139,s_e_002139,2026-07-16 07:31:08 UTC,signup_completed,web,organic
e_002140,u_002140,s_e_002140,2026-07-16 16:00:21 UTC,signup_completed,android,organic
e_002141,u_002141,s_e_002141,2026-07-16 11:49:37 UTC,signup_completed,web,organic
e_002142,u_002142,s_e_002142,2026-07-16 10:56:15 UTC,signup_completed,ios,organic
e_002143,u_002143,s_e_002143,2026-07-16 11:15:18 UTC,signup_completed,web,organic
e_002144,u_002144,s_e_002144,2026-07-16 20:46:16 UTC,signup_completed,android,organic
e_002145,u_002145,s_e_002145,2026-07-16 14:56:19 UTC,signup_completed,web,organic
e_002146,u_002146,s_e_002146,2026-07-16 08:44:23 UTC,signup_completed,web,organic
e_002147,u_002147,s_e_002147,2026-07-16 17:14:10 UTC,signup_completed,android,organic
e_002148,u_002148,s_e_002148,2026-07-16 03:35:07 UTC,signup_completed,web,organic
e_002149,u_002149,s_e_002149,2026-07-16 06:10:17 UTC,signup_completed,android,organic
e_002150,u_002150,s_e_002150,2026-07-16 02:21:41 UTC,signup_completed,web,organic
e_002151,u_002151,s_e_002151,2026-07-16 23:23:40 UTC,signup_completed,android,organic
e_002152,u_002152,s_e_002152,2026-07-16 22:30:20 UTC,signup_completed,ios,organic
e_002153,u_002153,s_e_002153,2026-07-16 09:28:30 UTC,signup_completed,ios,organic
e_002154,u_002154,s_e_002154,2026-07-16 13:25:45 UTC,signup_completed,ios,organic
e_002155,u_002155,s_e_002155,2026-07-16 10:10:39 UTC,signup_completed,web,organic
e_002156,u_002156,s_e_002156,2026-07-16 20:08:23 UTC,signup_completed,android,organic
e_002157,u_002157,s_e_002157,2026-07-16 22:51:12 UTC,signup_completed,web,organic
e_002158,u_002158,s_e_002158,2026-07-16 13:57:37 UTC,signup_completed,web,organic
e_002159,u_002159,s_e_002159,2026-07-16 23:40:31 UTC,signup_completed,ios,organic
e_002160,u_002160,s_e_002160,2026-07-16 19:06:08 UTC,signup_completed,ios,organic
e_002161,u_002161,s_e_002161,2026-07-16 06:35:34 UTC,signup_completed,web,organic
e_002162,u_002162,s_e_002162,2026-07-16 23:02:41 UTC,signup_completed,ios,organic
e_002163,u_002163,s_e_002163,2026-07-16 14:58:12 UTC,signup_completed,ios,organic
e_002164,u_002164,s_e_002164,2026-07-16 13:21:30 UTC,signup_completed,web,paid_search
e_002165,u_002165,s_e_002165,2026-07-16 01:54:21 UTC,signup_completed,android,paid_search
e_002166,u_002166,s_e_002166,2026-07-16 09:55:24 UTC,signup_completed,web,paid_search
e_002167,u_002167,s_e_002167,2026-07-16 10:38:56 UTC,signup_completed,web,paid_search
e_002168,u_002168,s_e_002168,2026-07-16 18:23:26 UTC,signup_completed,ios,paid_search
e_002169,u_002169,s_e_002169,2026-07-16 20:13:49 UTC,signup_completed,web,paid_search
e_002170,u_002170,s_e_002170,2026-07-16 01:04:37 UTC,signup_completed,ios,paid_search
e_002171,u_002171,s_e_002171,2026-07-16 10:28:30 UTC,signup_completed,web,paid_search
e_002172,u_002172,s_e_002172,2026-07-16 03:23:48 UTC,signup_completed,ios,paid_search
e_002173,u_002173,s_e_002173,2026-07-16 13:57:23 UTC,signup_completed,ios,paid_search
e_002174,u_002174,s_e_002174,2026-07-16 03:32:16 UTC,signup_completed,ios,paid_search
e_002175,u_002175,s_e_002175,2026-07-16 01:16:50 UTC,signup_completed,web,paid_search
e_002176,u_002176,s_e_002176,2026-07-16 20:06:39 UTC,signup_completed,android,paid_search
e_002177,u_002177,s_e_002177,2026-07-16 11:04:35 UTC,signup_completed,ios,paid_search
e_002178,u_002178,s_e_002178,2026-07-16 01:00:51 UTC,signup_completed,web,paid_search
e_002179,u_002179,s_e_002179,2026-07-16 18:25:06 UTC,signup_completed,web,paid_search
e_002180,u_002180,s_e_002180,2026-07-16 13:23:42 UTC,signup_completed,android,paid_search
e_002181,u_002181,s_e_002181,2026-07-16 19:28:40 UTC,signup_completed,web,paid_search
e_002182,u_002182,s_e_002182,2026-07-16 14:28:46 UTC,signup_completed,ios,paid_search
e_002183,u_002183,s_e_002183,2026-07-16 20:15:00 UTC,signup_completed,web,paid_search
e_002184,u_002184,s_e_002184,2026-07-16 18:42:49 UTC,signup_completed,ios,paid_search
e_002185,u_002185,s_e_002185,2026-07-16 12:20:05 UTC,signup_completed,web,paid_search
e_002186,u_002186,s_e_002186,2026-07-16 05:57:46 UTC,signup_completed,android,paid_search
e_002187,u_002187,s_e_002187,2026-07-16 13:28:37 UTC,signup_completed,ios,paid_search
e_002188,u_002188,s_e_002188,2026-07-16 20:40:43 UTC,signup_completed,ios,paid_search
e_002189,u_002189,s_e_002189,2026-07-16 20:20:40 UTC,signup_completed,android,paid_search
e_002190,u_002190,s_e_002190,2026-07-16 19:31:46 UTC,signup_completed,ios,paid_search
e_002191,u_002191,s_e_002191,2026-07-16 01:52:32 UTC,signup_completed,web,push
e_002192,u_002192,s_e_002192,2026-07-16 09:14:29 UTC,signup_completed,ios,push
e_002193,u_002193,s_e_002193,2026-07-16 03:58:54 UTC,signup_completed,web,push
e_002194,u_002194,s_e_002194,2026-07-16 01:50:36 UTC,signup_completed,web,push
e_002195,u_002195,s_e_002195,2026-07-16 15:38:50 UTC,signup_completed,android,push
e_002196,u_002196,s_e_002196,2026-07-16 23:51:24 UTC,signup_completed,android,push
e_002197,u_002197,s_e_002197,2026-07-16 06:22:01 UTC,signup_completed,android,push
e_002198,u_002198,s_e_002198,2026-07-16 02:01:52 UTC,signup_completed,ios,push
e_002199,u_002199,s_e_002199,2026-07-16 09:33:31 UTC,signup_completed,ios,push
e_002200,u_002200,s_e_002200,2026-07-16 09:56:47 UTC,signup_completed,web,push
e_002201,u_002201,s_e_002201,2026-07-16 05:25:30 UTC,signup_completed,web,push
e_002202,u_002202,s_e_002202,2026-07-16 05:57:15 UTC,signup_completed,ios,push
e_002203,u_002203,s_e_002203,2026-07-16 15:47:28 UTC,signup_completed,web,push
e_002204,u_002204,s_e_002204,2026-07-16 23:54:46 UTC,signup_completed,web,push
e_002205,u_002205,s_e_002205,2026-07-16 20:44:43 UTC,signup_completed,web,push
e_002206,u_002206,s_e_002206,2026-07-16 00:32:04 UTC,signup_completed,web,push
e_002207,u_002207,s_e_002207,2026-07-16 01:57:30 UTC,signup_completed,web,push
e_002208,u_002208,s_e_002208,2026-07-16 02:06:43 UTC,signup_completed,ios,push
e_002209,u_002209,s_e_002209,2026-07-16 02:46:48 UTC,signup_completed,web,push
e_002210,u_002210,s_e_002210,2026-07-16 13:59:58 UTC,signup_completed,web,push
e_002211,u_002211,s_e_002211,2026-07-16 23:32:35 UTC,signup_completed,web,push
e_002212,u_002212,s_e_002212,2026-07-16 03:17:23 UTC,signup_completed,android,push
e_002213,u_002213,s_e_002213,2026-07-16 23:53:40 UTC,signup_completed,ios,push
e_002214,u_002214,s_e_002214,2026-07-16 07:59:21 UTC,signup_completed,ios,push
e_002215,u_002215,s_e_002215,2026-07-16 02:40:33 UTC,signup_completed,android,push
e_002216,u_002216,s_e_002216,2026-07-16 11:16:22 UTC,signup_completed,ios,push
e_002217,u_002217,s_e_002217,2026-07-16 19:04:08 UTC,signup_completed,android,push
e_002218,u_002218,s_e_002218,2026-07-16 01:35:04 UTC,signup_completed,web,email
e_002219,u_002219,s_e_002219,2026-07-16 20:27:06 UTC,signup_completed,android,email
e_002220,u_002220,s_e_002220,2026-07-16 04:40:04 UTC,signup_completed,ios,email
e_002221,u_002221,s_e_002221,2026-07-16 16:47:51 UTC,signup_completed,ios,email
e_002222,u_002222,s_e_002222,2026-07-16 21:14:36 UTC,signup_completed,android,email
e_002223,u_002223,s_e_002223,2026-07-16 14:34:53 UTC,signup_completed,android,email
e_002224,u_002224,s_e_002224,2026-07-16 07:31:50 UTC,signup_completed,android,email
e_002225,u_002225,s_e_002225,2026-07-16 19:37:49 UTC,signup_completed,ios,email
e_002226,u_002226,s_e_002226,2026-07-16 20:16:21 UTC,signup_completed,ios,email
e_002227,u_002227,s_e_002227,2026-07-16 03:37:15 UTC,signup_completed,android,email
e_002228,u_002228,s_e_002228,2026-07-16 03:39:47 UTC,signup_completed,android,email
e_002229,u_002229,s_e_002229,2026-07-16 20:21:06 UTC,signup_completed,android,email
e_002230,u_002230,s_e_002230,2026-07-16 02:26:09 UTC,signup_completed,android,email
e_002231,u_002231,s_e_002231,2026-07-16 19:28:04 UTC,signup_completed,web,email
e_002232,u_002232,s_e_002232,2026-07-16 23:43:40 UTC,signup_completed,ios,email
e_002233,u_002233,s_e_002233,2026-07-16 14:26:19 UTC,signup_completed,ios,email
e_002234,u_002234,s_e_002234,2026-07-16 01:11:46 UTC,signup_completed,ios,email
e_002235,u_002235,s_e_002235,2026-07-16 01:38:37 UTC,signup_completed,ios,email
e_002236,u_002236,s_e_002236,2026-07-16 07:49:04 UTC,signup_completed,web,email
e_002237,u_002237,s_e_002237,2026-07-16 21:08:11 UTC,signup_completed,ios,email
e_002238,u_002238,s_e_002238,2026-07-16 17:03:44 UTC,signup_completed,web,referral
e_002239,u_002239,s_e_002239,2026-07-16 16:00:57 UTC,signup_completed,ios,referral
e_002240,u_002240,s_e_002240,2026-07-16 23:05:36 UTC,signup_completed,web,referral
e_002241,u_002241,s_e_002241,2026-07-16 14:23:02 UTC,signup_completed,web,referral
e_002242,u_002242,s_e_002242,2026-07-16 20:53:38 UTC,signup_completed,ios,referral
e_002243,u_002243,s_e_002243,2026-07-16 19:19:59 UTC,signup_completed,android,referral
e_002244,u_002244,s_e_002244,2026-07-16 05:42:54 UTC,signup_completed,ios,referral
e_002245,u_002245,s_e_002245,2026-07-16 23:00:27 UTC,signup_completed,android,referral
e_002246,u_002246,s_e_002246,2026-07-16 17:14:01 UTC,signup_completed,web,referral
e_002247,u_002247,s_e_002247,2026-07-16 05:44:27 UTC,signup_completed,web,referral
e_002248,u_002248,s_e_002248,2026-07-16 00:27:21 UTC,signup_completed,web,referral
e_002249,u_002249,s_e_002249,2026-07-16 17:55:46 UTC,signup_completed,android,referral
e_002250,u_002250,s_e_002250,2026-07-16 05:30:11 UTC,signup_completed,ios,referral
e_002251,u_002251,s_e_002251,2026-07-16 08:31:35 UTC,signup_completed,android,referral
e_002252,u_002252,s_e_002252,2026-07-16 12:50:55 UTC,signup_completed,web,referral
e_002253,u_002253,s_e_002253,2026-07-16 13:21:18 UTC,signup_completed,ios,referral
e_002254,u_002254,s_e_002254,2026-07-16 17:42:03 UTC,signup_completed,web,referral
e_002255,u_002255,s_e_002255,2026-07-16 01:59:23 UTC,signup_completed,web,referral
e_002256,u_002256,s_e_002256,2026-07-16 11:46:49 UTC,signup_completed,web,referral
e_002257,u_002257,s_e_002257,2026-07-16 22:36:58 UTC,signup_completed,ios,referral
e_002258,u_002258,s_e_002258,2026-07-17 01:54:54 UTC,signup_completed,web,organic
e_002259,u_002259,s_e_002259,2026-07-17 19:47:41 UTC,signup_completed,web,organic
e_002260,u_002260,s_e_002260,2026-07-17 00:52:28 UTC,signup_completed,web,organic
e_002261,u_002261,s_e_002261,2026-07-17 13:38:05 UTC,signup_completed,ios,organic
e_002262,u_002262,s_e_002262,2026-07-17 16:11:48 UTC,signup_completed,android,organic
e_002263,u_002263,s_e_002263,2026-07-17 02:52:23 UTC,signup_completed,ios,organic
e_002264,u_002264,s_e_002264,2026-07-17 17:51:08 UTC,signup_completed,android,organic
e_002265,u_002265,s_e_002265,2026-07-17 05:01:55 UTC,signup_completed,ios,organic
e_002266,u_002266,s_e_002266,2026-07-17 11:07:29 UTC,signup_completed,android,organic
e_002267,u_002267,s_e_002267,2026-07-17 04:21:09 UTC,signup_completed,web,organic
e_002268,u_002268,s_e_002268,2026-07-17 22:45:16 UTC,signup_completed,web,organic
e_002269,u_002269,s_e_002269,2026-07-17 14:34:03 UTC,signup_completed,ios,organic
e_002270,u_002270,s_e_002270,2026-07-17 01:52:13 UTC,signup_completed,ios,organic
e_002271,u_002271,s_e_002271,2026-07-17 10:40:02 UTC,signup_completed,android,organic
e_002272,u_002272,s_e_002272,2026-07-17 22:15:29 UTC,signup_completed,android,organic
e_002273,u_002273,s_e_002273,2026-07-17 10:32:31 UTC,signup_completed,android,organic
e_002274,u_002274,s_e_002274,2026-07-17 22:33:38 UTC,signup_completed,android,organic
e_002275,u_002275,s_e_002275,2026-07-17 18:49:46 UTC,signup_completed,web,organic
e_002276,u_002276,s_e_002276,2026-07-17 16:23:03 UTC,signup_completed,android,organic
e_002277,u_002277,s_e_002277,2026-07-17 12:13:21 UTC,signup_completed,web,organic
e_002278,u_002278,s_e_002278,2026-07-17 07:42:31 UTC,signup_completed,web,organic
e_002279,u_002279,s_e_002279,2026-07-17 18:03:19 UTC,signup_completed,android,organic
e_002280,u_002280,s_e_002280,2026-07-17 03:55:40 UTC,signup_completed,web,organic
e_002281,u_002281,s_e_002281,2026-07-17 00:08:47 UTC,signup_completed,ios,organic
e_002282,u_002282,s_e_002282,2026-07-17 00:41:56 UTC,signup_completed,ios,organic
e_002283,u_002283,s_e_002283,2026-07-17 14:51:35 UTC,signup_completed,web,organic
e_002284,u_002284,s_e_002284,2026-07-17 00:05:02 UTC,signup_completed,ios,organic
e_002285,u_002285,s_e_002285,2026-07-17 19:42:40 UTC,signup_completed,web,organic
e_002286,u_002286,s_e_002286,2026-07-17 15:31:45 UTC,signup_completed,android,organic
e_002287,u_002287,s_e_002287,2026-07-17 01:06:16 UTC,signup_completed,ios,organic
e_002288,u_002288,s_e_002288,2026-07-17 14:41:27 UTC,signup_completed,android,organic
e_002289,u_002289,s_e_002289,2026-07-17 15:28:15 UTC,signup_completed,web,organic
e_002290,u_002290,s_e_002290,2026-07-17 07:47:02 UTC,signup_completed,web,organic
e_002291,u_002291,s_e_002291,2026-07-17 18:02:44 UTC,signup_completed,android,organic
e_002292,u_002292,s_e_002292,2026-07-17 12:38:36 UTC,signup_completed,ios,organic
e_002293,u_002293,s_e_002293,2026-07-17 15:55:28 UTC,signup_completed,ios,organic
e_002294,u_002294,s_e_002294,2026-07-17 05:51:39 UTC,signup_completed,ios,organic
e_002295,u_002295,s_e_002295,2026-07-17 02:17:38 UTC,signup_completed,android,organic
e_002296,u_002296,s_e_002296,2026-07-17 12:55:06 UTC,signup_completed,ios,organic
e_002297,u_002297,s_e_002297,2026-07-17 00:09:46 UTC,signup_completed,android,organic
e_002298,u_002298,s_e_002298,2026-07-17 14:13:25 UTC,signup_completed,web,organic
e_002299,u_002299,s_e_002299,2026-07-17 16:21:54 UTC,signup_completed,web,organic
e_002300,u_002300,s_e_002300,2026-07-17 05:51:58 UTC,signup_completed,android,organic
e_002301,u_002301,s_e_002301,2026-07-17 05:24:27 UTC,signup_completed,web,organic
e_002302,u_002302,s_e_002302,2026-07-17 00:56:46 UTC,signup_completed,ios,paid_search
e_002303,u_002303,s_e_002303,2026-07-17 02:19:47 UTC,signup_completed,ios,paid_search
e_002304,u_002304,s_e_002304,2026-07-17 15:06:51 UTC,signup_completed,ios,paid_search
e_002305,u_002305,s_e_002305,2026-07-17 10:15:03 UTC,signup_completed,ios,paid_search
e_002306,u_002306,s_e_002306,2026-07-17 16:20:18 UTC,signup_completed,android,paid_search
e_002307,u_002307,s_e_002307,2026-07-17 07:04:38 UTC,signup_completed,android,paid_search
e_002308,u_002308,s_e_002308,2026-07-17 07:03:12 UTC,signup_completed,ios,paid_search
e_002309,u_002309,s_e_002309,2026-07-17 01:08:39 UTC,signup_completed,android,paid_search
e_002310,u_002310,s_e_002310,2026-07-17 23:18:15 UTC,signup_completed,ios,paid_search
e_002311,u_002311,s_e_002311,2026-07-17 21:45:25 UTC,signup_completed,ios,paid_search
e_002312,u_002312,s_e_002312,2026-07-17 15:10:05 UTC,signup_completed,ios,paid_search
e_002313,u_002313,s_e_002313,2026-07-17 04:01:00 UTC,signup_completed,ios,paid_search
e_002314,u_002314,s_e_002314,2026-07-17 03:55:15 UTC,signup_completed,android,paid_search
e_002315,u_002315,s_e_002315,2026-07-17 20:49:54 UTC,signup_completed,android,paid_search
e_002316,u_002316,s_e_002316,2026-07-17 20:41:03 UTC,signup_completed,ios,paid_search
e_002317,u_002317,s_e_002317,2026-07-17 17:33:22 UTC,signup_completed,web,paid_search
e_002318,u_002318,s_e_002318,2026-07-17 16:07:58 UTC,signup_completed,android,paid_search
e_002319,u_002319,s_e_002319,2026-07-17 16:36:26 UTC,signup_completed,ios,paid_search
e_002320,u_002320,s_e_002320,2026-07-17 02:20:31 UTC,signup_completed,web,paid_search
e_002321,u_002321,s_e_002321,2026-07-17 01:00:58 UTC,signup_completed,android,paid_search
e_002322,u_002322,s_e_002322,2026-07-17 11:37:21 UTC,signup_completed,ios,paid_search
e_002323,u_002323,s_e_002323,2026-07-17 00:18:34 UTC,signup_completed,android,paid_search
e_002324,u_002324,s_e_002324,2026-07-17 16:38:32 UTC,signup_completed,android,paid_search
e_002325,u_002325,s_e_002325,2026-07-17 02:39:14 UTC,signup_completed,android,paid_search
e_002326,u_002326,s_e_002326,2026-07-17 02:05:56 UTC,signup_completed,android,paid_search
e_002327,u_002327,s_e_002327,2026-07-17 06:35:55 UTC,signup_completed,web,paid_search
e_002328,u_002328,s_e_002328,2026-07-17 09:03:28 UTC,signup_completed,android,paid_search
e_002329,u_002329,s_e_002329,2026-07-17 09:24:25 UTC,signup_completed,ios,paid_search
e_002330,u_002330,s_e_002330,2026-07-17 03:26:31 UTC,signup_completed,ios,paid_search
e_002331,u_002331,s_e_002331,2026-07-17 00:07:26 UTC,signup_completed,ios,push
e_002332,u_002332,s_e_002332,2026-07-17 05:23:16 UTC,signup_completed,ios,push
e_002333,u_002333,s_e_002333,2026-07-17 12:24:37 UTC,signup_completed,android,push
e_002334,u_002334,s_e_002334,2026-07-17 11:49:08 UTC,signup_completed,android,push
e_002335,u_002335,s_e_002335,2026-07-17 07:13:57 UTC,signup_completed,ios,push
e_002336,u_002336,s_e_002336,2026-07-17 04:25:18 UTC,signup_completed,ios,push
e_002337,u_002337,s_e_002337,2026-07-17 09:18:58 UTC,signup_completed,web,push
e_002338,u_002338,s_e_002338,2026-07-17 10:06:39 UTC,signup_completed,web,push
e_002339,u_002339,s_e_002339,2026-07-17 06:03:33 UTC,signup_completed,android,push
e_002340,u_002340,s_e_002340,2026-07-17 00:11:26 UTC,signup_completed,ios,push
e_002341,u_002341,s_e_002341,2026-07-17 17:31:31 UTC,signup_completed,web,push
e_002342,u_002342,s_e_002342,2026-07-17 16:24:41 UTC,signup_completed,ios,push
e_002343,u_002343,s_e_002343,2026-07-17 23:19:19 UTC,signup_completed,web,push
e_002344,u_002344,s_e_002344,2026-07-17 15:16:08 UTC,signup_completed,android,push
e_002345,u_002345,s_e_002345,2026-07-17 19:07:28 UTC,signup_completed,android,push
e_002346,u_002346,s_e_002346,2026-07-17 06:10:10 UTC,signup_completed,web,push
e_002347,u_002347,s_e_002347,2026-07-17 13:50:42 UTC,signup_completed,android,push
e_002348,u_002348,s_e_002348,2026-07-17 03:36:47 UTC,signup_completed,ios,push
e_002349,u_002349,s_e_002349,2026-07-17 20:08:59 UTC,signup_completed,ios,push
e_002350,u_002350,s_e_002350,2026-07-17 03:51:29 UTC,signup_completed,android,push
e_002351,u_002351,s_e_002351,2026-07-17 08:32:55 UTC,signup_completed,ios,push
e_002352,u_002352,s_e_002352,2026-07-17 00:42:05 UTC,signup_completed,web,push
e_002353,u_002353,s_e_002353,2026-07-17 15:08:14 UTC,signup_completed,android,push
e_002354,u_002354,s_e_002354,2026-07-17 22:26:50 UTC,signup_completed,web,push
e_002355,u_002355,s_e_002355,2026-07-17 17:20:47 UTC,signup_completed,ios,push
e_002356,u_002356,s_e_002356,2026-07-17 11:23:33 UTC,signup_completed,ios,push
e_002357,u_002357,s_e_002357,2026-07-17 05:36:08 UTC,signup_completed,ios,push
e_002358,u_002358,s_e_002358,2026-07-17 13:24:54 UTC,signup_completed,web,push
e_002359,u_002359,s_e_002359,2026-07-17 09:15:00 UTC,signup_completed,ios,push
e_002360,u_002360,s_e_002360,2026-07-17 12:58:44 UTC,signup_completed,ios,email
e_002361,u_002361,s_e_002361,2026-07-17 22:02:23 UTC,signup_completed,web,email
e_002362,u_002362,s_e_002362,2026-07-17 10:43:10 UTC,signup_completed,android,email
e_002363,u_002363,s_e_002363,2026-07-17 20:22:19 UTC,signup_completed,ios,email
e_002364,u_002364,s_e_002364,2026-07-17 18:02:53 UTC,signup_completed,ios,email
e_002365,u_002365,s_e_002365,2026-07-17 03:11:20 UTC,signup_completed,web,email
e_002366,u_002366,s_e_002366,2026-07-17 17:04:45 UTC,signup_completed,android,email
e_002367,u_002367,s_e_002367,2026-07-17 04:43:38 UTC,signup_completed,web,email
e_002368,u_002368,s_e_002368,2026-07-17 07:36:54 UTC,signup_completed,ios,email
e_002369,u_002369,s_e_002369,2026-07-17 12:49:29 UTC,signup_completed,android,email
e_002370,u_002370,s_e_002370,2026-07-17 11:06:45 UTC,signup_completed,web,email
e_002371,u_002371,s_e_002371,2026-07-17 19:03:57 UTC,signup_completed,android,email
e_002372,u_002372,s_e_002372,2026-07-17 22:24:35 UTC,signup_completed,web,email
e_002373,u_002373,s_e_002373,2026-07-17 12:29:09 UTC,signup_completed,ios,email
e_002374,u_002374,s_e_002374,2026-07-17 20:42:57 UTC,signup_completed,ios,email
e_002375,u_002375,s_e_002375,2026-07-17 15:48:12 UTC,signup_completed,ios,email
e_002376,u_002376,s_e_002376,2026-07-17 03:24:37 UTC,signup_completed,web,email
e_002377,u_002377,s_e_002377,2026-07-17 10:17:59 UTC,signup_completed,ios,email
e_002378,u_002378,s_e_002378,2026-07-17 03:32:13 UTC,signup_completed,android,email
e_002379,u_002379,s_e_002379,2026-07-17 02:47:12 UTC,signup_completed,ios,email
e_002380,u_002380,s_e_002380,2026-07-17 17:48:55 UTC,signup_completed,web,email
e_002381,u_002381,s_e_002381,2026-07-17 13:56:58 UTC,signup_completed,android,email
e_002382,u_002382,s_e_002382,2026-07-17 07:54:56 UTC,signup_completed,android,referral
e_002383,u_002383,s_e_002383,2026-07-17 08:51:51 UTC,signup_completed,web,referral
e_002384,u_002384,s_e_002384,2026-07-17 00:17:02 UTC,signup_completed,web,referral
e_002385,u_002385,s_e_002385,2026-07-17 05:28:43 UTC,signup_completed,android,referral
e_002386,u_002386,s_e_002386,2026-07-17 20:20:32 UTC,signup_completed,ios,referral
e_002387,u_002387,s_e_002387,2026-07-17 06:32:32 UTC,signup_completed,web,referral
e_002388,u_002388,s_e_002388,2026-07-17 23:41:12 UTC,signup_completed,android,referral
e_002389,u_002389,s_e_002389,2026-07-17 03:38:21 UTC,signup_completed,web,referral
e_002390,u_002390,s_e_002390,2026-07-17 03:33:20 UTC,signup_completed,ios,referral
e_002391,u_002391,s_e_002391,2026-07-17 00:04:50 UTC,signup_completed,ios,referral
e_002392,u_002392,s_e_002392,2026-07-17 10:33:04 UTC,signup_completed,ios,referral
e_002393,u_002393,s_e_002393,2026-07-17 20:09:51 UTC,signup_completed,android,referral
e_002394,u_002394,s_e_002394,2026-07-17 08:44:31 UTC,signup_completed,web,referral
e_002395,u_002395,s_e_002395,2026-07-17 10:04:30 UTC,signup_completed,android,referral
e_002396,u_002396,s_e_002396,2026-07-17 06:22:29 UTC,signup_completed,web,referral
e_002397,u_002397,s_e_002397,2026-07-17 20:23:17 UTC,signup_completed,web,referral
e_002398,u_002398,s_e_002398,2026-07-17 19:11:14 UTC,signup_completed,android,referral
e_002399,u_002399,s_e_002399,2026-07-17 00:32:00 UTC,signup_completed,ios,referral
e_002400,u_002400,s_e_002400,2026-07-17 10:57:17 UTC,signup_completed,web,referral
e_002401,u_002401,s_e_002401,2026-07-17 02:52:45 UTC,signup_completed,ios,referral
e_002402,u_002402,s_e_002402,2026-07-17 18:20:58 UTC,signup_completed,ios,referral
e_002403,u_002403,s_e_002403,2026-07-17 23:42:46 UTC,signup_completed,ios,referral
e_002404,u_002404,s_e_002404,2026-07-18 11:07:56 UTC,signup_completed,web,organic
e_002405,u_002405,s_e_002405,2026-07-18 08:19:19 UTC,signup_completed,web,organic
e_002406,u_002406,s_e_002406,2026-07-18 02:16:18 UTC,signup_completed,ios,organic
e_002407,u_002407,s_e_002407,2026-07-18 21:02:17 UTC,signup_completed,ios,organic
e_002408,u_002408,s_e_002408,2026-07-18 06:24:29 UTC,signup_completed,web,organic
e_002409,u_002409,s_e_002409,2026-07-18 16:41:57 UTC,signup_completed,android,organic
e_002410,u_002410,s_e_002410,2026-07-18 11:41:40 UTC,signup_completed,ios,organic
e_002411,u_002411,s_e_002411,2026-07-18 17:55:23 UTC,signup_completed,ios,organic
e_002412,u_002412,s_e_002412,2026-07-18 22:27:26 UTC,signup_completed,ios,organic
e_002413,u_002413,s_e_002413,2026-07-18 02:11:21 UTC,signup_completed,ios,organic
e_002414,u_002414,s_e_002414,2026-07-18 23:35:19 UTC,signup_completed,web,organic
e_002415,u_002415,s_e_002415,2026-07-18 23:53:17 UTC,signup_completed,android,organic
e_002416,u_002416,s_e_002416,2026-07-18 18:05:18 UTC,signup_completed,ios,organic
e_002417,u_002417,s_e_002417,2026-07-18 08:57:25 UTC,signup_completed,ios,organic
e_002418,u_002418,s_e_002418,2026-07-18 20:40:19 UTC,signup_completed,web,organic
e_002419,u_002419,s_e_002419,2026-07-18 09:30:07 UTC,signup_completed,web,organic
e_002420,u_002420,s_e_002420,2026-07-18 22:32:10 UTC,signup_completed,web,organic
e_002421,u_002421,s_e_002421,2026-07-18 07:28:58 UTC,signup_completed,android,organic
e_002422,u_002422,s_e_002422,2026-07-18 14:44:16 UTC,signup_completed,android,organic
e_002423,u_002423,s_e_002423,2026-07-18 14:35:55 UTC,signup_completed,android,organic
e_002424,u_002424,s_e_002424,2026-07-18 09:17:52 UTC,signup_completed,web,organic
e_002425,u_002425,s_e_002425,2026-07-18 08:44:57 UTC,signup_completed,android,organic
e_002426,u_002426,s_e_002426,2026-07-18 17:08:59 UTC,signup_completed,ios,organic
e_002427,u_002427,s_e_002427,2026-07-18 00:07:38 UTC,signup_completed,web,organic
e_002428,u_002428,s_e_002428,2026-07-18 10:47:50 UTC,signup_completed,ios,organic
e_002429,u_002429,s_e_002429,2026-07-18 19:24:50 UTC,signup_completed,ios,organic
e_002430,u_002430,s_e_002430,2026-07-18 18:35:55 UTC,signup_completed,ios,organic
e_002431,u_002431,s_e_002431,2026-07-18 02:40:56 UTC,signup_completed,ios,organic
e_002432,u_002432,s_e_002432,2026-07-18 12:43:09 UTC,signup_completed,ios,organic
e_002433,u_002433,s_e_002433,2026-07-18 19:36:10 UTC,signup_completed,android,organic
e_002434,u_002434,s_e_002434,2026-07-18 01:15:22 UTC,signup_completed,ios,organic
e_002435,u_002435,s_e_002435,2026-07-18 12:04:44 UTC,signup_completed,web,paid_search
e_002436,u_002436,s_e_002436,2026-07-18 19:39:56 UTC,signup_completed,ios,paid_search
e_002437,u_002437,s_e_002437,2026-07-18 17:37:55 UTC,signup_completed,android,paid_search
e_002438,u_002438,s_e_002438,2026-07-18 02:28:39 UTC,signup_completed,ios,paid_search
e_002439,u_002439,s_e_002439,2026-07-18 05:30:07 UTC,signup_completed,web,paid_search
e_002440,u_002440,s_e_002440,2026-07-18 08:17:36 UTC,signup_completed,android,paid_search
e_002441,u_002441,s_e_002441,2026-07-18 10:31:39 UTC,signup_completed,web,paid_search
e_002442,u_002442,s_e_002442,2026-07-18 05:04:11 UTC,signup_completed,android,paid_search
e_002443,u_002443,s_e_002443,2026-07-18 14:45:35 UTC,signup_completed,android,paid_search
e_002444,u_002444,s_e_002444,2026-07-18 02:39:50 UTC,signup_completed,ios,paid_search
e_002445,u_002445,s_e_002445,2026-07-18 17:08:07 UTC,signup_completed,ios,paid_search
e_002446,u_002446,s_e_002446,2026-07-18 10:20:54 UTC,signup_completed,web,paid_search
e_002447,u_002447,s_e_002447,2026-07-18 19:27:25 UTC,signup_completed,android,paid_search
e_002448,u_002448,s_e_002448,2026-07-18 22:14:06 UTC,signup_completed,android,paid_search
e_002449,u_002449,s_e_002449,2026-07-18 03:30:47 UTC,signup_completed,web,paid_search
e_002450,u_002450,s_e_002450,2026-07-18 14:05:50 UTC,signup_completed,web,paid_search
e_002451,u_002451,s_e_002451,2026-07-18 06:22:09 UTC,signup_completed,ios,paid_search
e_002452,u_002452,s_e_002452,2026-07-18 00:42:38 UTC,signup_completed,android,paid_search
e_002453,u_002453,s_e_002453,2026-07-18 15:51:46 UTC,signup_completed,ios,paid_search
e_002454,u_002454,s_e_002454,2026-07-18 20:46:28 UTC,signup_completed,web,paid_search
e_002455,u_002455,s_e_002455,2026-07-18 05:15:19 UTC,signup_completed,ios,push
e_002456,u_002456,s_e_002456,2026-07-18 18:49:26 UTC,signup_completed,ios,push
e_002457,u_002457,s_e_002457,2026-07-18 01:53:11 UTC,signup_completed,android,push
e_002458,u_002458,s_e_002458,2026-07-18 13:08:20 UTC,signup_completed,ios,push
e_002459,u_002459,s_e_002459,2026-07-18 00:52:14 UTC,signup_completed,ios,push
e_002460,u_002460,s_e_002460,2026-07-18 06:11:23 UTC,signup_completed,ios,push
e_002461,u_002461,s_e_002461,2026-07-18 11:52:00 UTC,signup_completed,ios,push
e_002462,u_002462,s_e_002462,2026-07-18 02:18:42 UTC,signup_completed,android,push
e_002463,u_002463,s_e_002463,2026-07-18 00:40:01 UTC,signup_completed,web,push
e_002464,u_002464,s_e_002464,2026-07-18 14:08:37 UTC,signup_completed,web,push
e_002465,u_002465,s_e_002465,2026-07-18 17:05:15 UTC,signup_completed,web,push
e_002466,u_002466,s_e_002466,2026-07-18 02:33:34 UTC,signup_completed,ios,push
e_002467,u_002467,s_e_002467,2026-07-18 17:46:08 UTC,signup_completed,web,push
e_002468,u_002468,s_e_002468,2026-07-18 02:41:31 UTC,signup_completed,android,push
e_002469,u_002469,s_e_002469,2026-07-18 16:25:07 UTC,signup_completed,web,push
e_002470,u_002470,s_e_002470,2026-07-18 11:53:51 UTC,signup_completed,web,push
e_002471,u_002471,s_e_002471,2026-07-18 15:36:44 UTC,signup_completed,web,push
e_002472,u_002472,s_e_002472,2026-07-18 07:34:32 UTC,signup_completed,ios,push
e_002473,u_002473,s_e_002473,2026-07-18 22:37:10 UTC,signup_completed,ios,push
e_002474,u_002474,s_e_002474,2026-07-18 21:50:57 UTC,signup_completed,android,push
e_002475,u_002475,s_e_002475,2026-07-18 15:09:55 UTC,signup_completed,android,email
e_002476,u_002476,s_e_002476,2026-07-18 03:19:37 UTC,signup_completed,ios,email
e_002477,u_002477,s_e_002477,2026-07-18 09:05:00 UTC,signup_completed,ios,email
e_002478,u_002478,s_e_002478,2026-07-18 21:39:03 UTC,signup_completed,ios,email
e_002479,u_002479,s_e_002479,2026-07-18 16:18:44 UTC,signup_completed,android,email
e_002480,u_002480,s_e_002480,2026-07-18 11:49:18 UTC,signup_completed,android,email
e_002481,u_002481,s_e_002481,2026-07-18 18:01:30 UTC,signup_completed,ios,email
e_002482,u_002482,s_e_002482,2026-07-18 17:19:16 UTC,signup_completed,ios,email
e_002483,u_002483,s_e_002483,2026-07-18 03:17:26 UTC,signup_completed,web,email
e_002484,u_002484,s_e_002484,2026-07-18 14:14:43 UTC,signup_completed,web,email
e_002485,u_002485,s_e_002485,2026-07-18 01:39:30 UTC,signup_completed,android,email
e_002486,u_002486,s_e_002486,2026-07-18 01:27:24 UTC,signup_completed,ios,email
e_002487,u_002487,s_e_002487,2026-07-18 07:39:47 UTC,signup_completed,web,email
e_002488,u_002488,s_e_002488,2026-07-18 23:37:54 UTC,signup_completed,ios,email
e_002489,u_002489,s_e_002489,2026-07-18 22:15:04 UTC,signup_completed,android,email
e_002490,u_002490,s_e_002490,2026-07-18 16:06:49 UTC,signup_completed,android,referral
e_002491,u_002491,s_e_002491,2026-07-18 22:41:25 UTC,signup_completed,ios,referral
e_002492,u_002492,s_e_002492,2026-07-18 23:24:34 UTC,signup_completed,ios,referral
e_002493,u_002493,s_e_002493,2026-07-18 06:35:58 UTC,signup_completed,android,referral
e_002494,u_002494,s_e_002494,2026-07-18 13:58:51 UTC,signup_completed,android,referral
e_002495,u_002495,s_e_002495,2026-07-18 11:39:01 UTC,signup_completed,web,referral
e_002496,u_002496,s_e_002496,2026-07-18 15:39:13 UTC,signup_completed,web,referral
e_002497,u_002497,s_e_002497,2026-07-18 15:47:57 UTC,signup_completed,android,referral
e_002498,u_002498,s_e_002498,2026-07-18 23:46:40 UTC,signup_completed,android,referral
e_002499,u_002499,s_e_002499,2026-07-18 12:33:58 UTC,signup_completed,ios,referral
e_002500,u_002500,s_e_002500,2026-07-18 23:44:13 UTC,signup_completed,ios,referral
e_002501,u_002501,s_e_002501,2026-07-18 00:32:56 UTC,signup_completed,ios,referral
e_002502,u_002502,s_e_002502,2026-07-18 05:11:33 UTC,signup_completed,android,referral
e_002503,u_002503,s_e_002503,2026-07-18 05:00:37 UTC,signup_completed,web,referral
e_002504,u_002504,s_e_002504,2026-07-18 09:28:25 UTC,signup_completed,ios,referral
e_002505,u_002505,s_e_002505,2026-07-19 09:33:02 UTC,signup_completed,web,organic
e_002506,u_002506,s_e_002506,2026-07-19 22:23:58 UTC,signup_completed,web,organic
e_002507,u_002507,s_e_002507,2026-07-19 00:46:32 UTC,signup_completed,android,organic
e_002508,u_002508,s_e_002508,2026-07-19 15:14:34 UTC,signup_completed,ios,organic
e_002509,u_002509,s_e_002509,2026-07-19 19:29:23 UTC,signup_completed,android,organic
e_002510,u_002510,s_e_002510,2026-07-19 16:07:25 UTC,signup_completed,ios,organic
e_002511,u_002511,s_e_002511,2026-07-19 00:05:14 UTC,signup_completed,web,organic
e_002512,u_002512,s_e_002512,2026-07-19 10:58:58 UTC,signup_completed,web,organic
e_002513,u_002513,s_e_002513,2026-07-19 06:27:52 UTC,signup_completed,ios,organic
e_002514,u_002514,s_e_002514,2026-07-19 02:59:16 UTC,signup_completed,web,organic
e_002515,u_002515,s_e_002515,2026-07-19 16:11:32 UTC,signup_completed,android,organic
e_002516,u_002516,s_e_002516,2026-07-19 21:17:21 UTC,signup_completed,web,organic
e_002517,u_002517,s_e_002517,2026-07-19 13:08:58 UTC,signup_completed,android,organic
e_002518,u_002518,s_e_002518,2026-07-19 19:50:23 UTC,signup_completed,ios,organic
e_002519,u_002519,s_e_002519,2026-07-19 19:57:24 UTC,signup_completed,android,organic
e_002520,u_002520,s_e_002520,2026-07-19 16:30:50 UTC,signup_completed,web,organic
e_002521,u_002521,s_e_002521,2026-07-19 11:20:01 UTC,signup_completed,ios,organic
e_002522,u_002522,s_e_002522,2026-07-19 07:05:30 UTC,signup_completed,ios,organic
e_002523,u_002523,s_e_002523,2026-07-19 04:09:53 UTC,signup_completed,web,organic
e_002524,u_002524,s_e_002524,2026-07-19 02:31:48 UTC,signup_completed,web,organic
e_002525,u_002525,s_e_002525,2026-07-19 06:05:22 UTC,signup_completed,android,organic
e_002526,u_002526,s_e_002526,2026-07-19 12:13:07 UTC,signup_completed,web,organic
e_002527,u_002527,s_e_002527,2026-07-19 05:43:43 UTC,signup_completed,web,organic
e_002528,u_002528,s_e_002528,2026-07-19 01:25:55 UTC,signup_completed,web,organic
e_002529,u_002529,s_e_002529,2026-07-19 20:45:59 UTC,signup_completed,android,organic
e_002530,u_002530,s_e_002530,2026-07-19 16:55:34 UTC,signup_completed,web,organic
e_002531,u_002531,s_e_002531,2026-07-19 18:35:04 UTC,signup_completed,web,organic
e_002532,u_002532,s_e_002532,2026-07-19 19:25:48 UTC,signup_completed,android,organic
e_002533,u_002533,s_e_002533,2026-07-19 00:32:09 UTC,signup_completed,android,organic
e_002534,u_002534,s_e_002534,2026-07-19 18:00:29 UTC,signup_completed,ios,organic
e_002535,u_002535,s_e_002535,2026-07-19 08:54:03 UTC,signup_completed,ios,organic
e_002536,u_002536,s_e_002536,2026-07-19 00:43:14 UTC,signup_completed,android,paid_search
e_002537,u_002537,s_e_002537,2026-07-19 21:46:33 UTC,signup_completed,android,paid_search
e_002538,u_002538,s_e_002538,2026-07-19 21:08:45 UTC,signup_completed,web,paid_search
e_002539,u_002539,s_e_002539,2026-07-19 12:39:29 UTC,signup_completed,ios,paid_search
e_002540,u_002540,s_e_002540,2026-07-19 22:44:15 UTC,signup_completed,ios,paid_search
e_002541,u_002541,s_e_002541,2026-07-19 21:38:10 UTC,signup_completed,android,paid_search
e_002542,u_002542,s_e_002542,2026-07-19 14:15:12 UTC,signup_completed,android,paid_search
e_002543,u_002543,s_e_002543,2026-07-19 03:51:57 UTC,signup_completed,web,paid_search
e_002544,u_002544,s_e_002544,2026-07-19 08:48:04 UTC,signup_completed,web,paid_search
e_002545,u_002545,s_e_002545,2026-07-19 14:25:43 UTC,signup_completed,android,paid_search
e_002546,u_002546,s_e_002546,2026-07-19 16:57:15 UTC,signup_completed,web,paid_search
e_002547,u_002547,s_e_002547,2026-07-19 18:56:41 UTC,signup_completed,web,paid_search
e_002548,u_002548,s_e_002548,2026-07-19 15:01:39 UTC,signup_completed,ios,paid_search
e_002549,u_002549,s_e_002549,2026-07-19 15:39:52 UTC,signup_completed,ios,paid_search
e_002550,u_002550,s_e_002550,2026-07-19 09:25:08 UTC,signup_completed,android,paid_search
e_002551,u_002551,s_e_002551,2026-07-19 14:59:07 UTC,signup_completed,web,paid_search
e_002552,u_002552,s_e_002552,2026-07-19 09:30:21 UTC,signup_completed,ios,paid_search
e_002553,u_002553,s_e_002553,2026-07-19 05:20:20 UTC,signup_completed,ios,paid_search
e_002554,u_002554,s_e_002554,2026-07-19 13:08:50 UTC,signup_completed,web,paid_search
e_002555,u_002555,s_e_002555,2026-07-19 17:31:25 UTC,signup_completed,android,paid_search
e_002556,u_002556,s_e_002556,2026-07-19 09:04:53 UTC,signup_completed,ios,paid_search
e_002557,u_002557,s_e_002557,2026-07-19 23:53:38 UTC,signup_completed,web,push
e_002558,u_002558,s_e_002558,2026-07-19 02:13:13 UTC,signup_completed,ios,push
e_002559,u_002559,s_e_002559,2026-07-19 18:38:44 UTC,signup_completed,android,push
e_002560,u_002560,s_e_002560,2026-07-19 04:23:29 UTC,signup_completed,web,push
e_002561,u_002561,s_e_002561,2026-07-19 05:06:28 UTC,signup_completed,android,push
e_002562,u_002562,s_e_002562,2026-07-19 15:46:36 UTC,signup_completed,android,push
e_002563,u_002563,s_e_002563,2026-07-19 06:30:26 UTC,signup_completed,ios,push
e_002564,u_002564,s_e_002564,2026-07-19 19:47:17 UTC,signup_completed,ios,push
e_002565,u_002565,s_e_002565,2026-07-19 18:10:17 UTC,signup_completed,android,push
e_002566,u_002566,s_e_002566,2026-07-19 05:50:51 UTC,signup_completed,ios,push
e_002567,u_002567,s_e_002567,2026-07-19 11:22:39 UTC,signup_completed,ios,push
e_002568,u_002568,s_e_002568,2026-07-19 14:11:51 UTC,signup_completed,android,push
e_002569,u_002569,s_e_002569,2026-07-19 17:02:51 UTC,signup_completed,web,push
e_002570,u_002570,s_e_002570,2026-07-19 22:42:01 UTC,signup_completed,android,push
e_002571,u_002571,s_e_002571,2026-07-19 14:56:33 UTC,signup_completed,web,push
e_002572,u_002572,s_e_002572,2026-07-19 02:00:38 UTC,signup_completed,ios,push
e_002573,u_002573,s_e_002573,2026-07-19 04:14:04 UTC,signup_completed,ios,push
e_002574,u_002574,s_e_002574,2026-07-19 16:56:46 UTC,signup_completed,ios,push
e_002575,u_002575,s_e_002575,2026-07-19 13:37:43 UTC,signup_completed,ios,push
e_002576,u_002576,s_e_002576,2026-07-19 12:52:17 UTC,signup_completed,web,push
e_002577,u_002577,s_e_002577,2026-07-19 12:25:04 UTC,signup_completed,web,push
e_002578,u_002578,s_e_002578,2026-07-19 07:36:24 UTC,signup_completed,web,email
e_002579,u_002579,s_e_002579,2026-07-19 01:42:27 UTC,signup_completed,android,email
e_002580,u_002580,s_e_002580,2026-07-19 20:07:53 UTC,signup_completed,ios,email
e_002581,u_002581,s_e_002581,2026-07-19 16:19:33 UTC,signup_completed,android,email
e_002582,u_002582,s_e_002582,2026-07-19 02:29:40 UTC,signup_completed,web,email
e_002583,u_002583,s_e_002583,2026-07-19 05:51:21 UTC,signup_completed,android,email
e_002584,u_002584,s_e_002584,2026-07-19 20:46:06 UTC,signup_completed,ios,email
e_002585,u_002585,s_e_002585,2026-07-19 12:00:54 UTC,signup_completed,web,email
e_002586,u_002586,s_e_002586,2026-07-19 07:12:41 UTC,signup_completed,android,email
e_002587,u_002587,s_e_002587,2026-07-19 21:32:47 UTC,signup_completed,web,email
e_002588,u_002588,s_e_002588,2026-07-19 04:40:10 UTC,signup_completed,ios,email
e_002589,u_002589,s_e_002589,2026-07-19 08:46:25 UTC,signup_completed,android,email
e_002590,u_002590,s_e_002590,2026-07-19 16:54:49 UTC,signup_completed,ios,email
e_002591,u_002591,s_e_002591,2026-07-19 23:57:46 UTC,signup_completed,web,email
e_002592,u_002592,s_e_002592,2026-07-19 09:49:34 UTC,signup_completed,ios,email
e_002593,u_002593,s_e_002593,2026-07-19 08:55:13 UTC,signup_completed,ios,email
e_002594,u_002594,s_e_002594,2026-07-19 02:38:23 UTC,signup_completed,web,referral
e_002595,u_002595,s_e_002595,2026-07-19 00:44:52 UTC,signup_completed,web,referral
e_002596,u_002596,s_e_002596,2026-07-19 03:57:28 UTC,signup_completed,web,referral
e_002597,u_002597,s_e_002597,2026-07-19 23:34:11 UTC,signup_completed,android,referral
e_002598,u_002598,s_e_002598,2026-07-19 18:05:34 UTC,signup_completed,ios,referral
e_002599,u_002599,s_e_002599,2026-07-19 18:52:24 UTC,signup_completed,android,referral
e_002600,u_002600,s_e_002600,2026-07-19 09:22:37 UTC,signup_completed,web,referral
e_002601,u_002601,s_e_002601,2026-07-19 16:14:27 UTC,signup_completed,web,referral
e_002602,u_002602,s_e_002602,2026-07-19 03:23:26 UTC,signup_completed,web,referral
e_002603,u_002603,s_e_002603,2026-07-19 02:23:13 UTC,signup_completed,ios,referral
e_002604,u_002604,s_e_002604,2026-07-19 07:31:10 UTC,signup_completed,web,referral
e_002605,u_002605,s_e_002605,2026-07-19 22:28:44 UTC,signup_completed,ios,referral
e_002606,u_002606,s_e_002606,2026-07-19 23:23:21 UTC,signup_completed,web,referral
e_002607,u_002607,s_e_002607,2026-07-19 16:15:45 UTC,signup_completed,ios,referral
e_002608,u_002608,s_e_002608,2026-07-19 15:30:57 UTC,signup_completed,android,referral
e_002609,u_002609,s_e_002609,2026-07-19 04:07:47 UTC,signup_completed,web,referral
e_002610,u_002610,s_e_002610,2026-07-20 13:38:54 UTC,signup_completed,ios,organic
e_002611,u_002611,s_e_002611,2026-07-20 11:22:59 UTC,signup_completed,android,organic
e_002612,u_002612,s_e_002612,2026-07-20 22:46:04 UTC,signup_completed,web,organic
e_002613,u_002613,s_e_002613,2026-07-20 21:46:58 UTC,signup_completed,ios,organic
e_002614,u_002614,s_e_002614,2026-07-20 04:07:43 UTC,signup_completed,ios,organic
e_002615,u_002615,s_e_002615,2026-07-20 05:44:47 UTC,signup_completed,web,organic
e_002616,u_002616,s_e_002616,2026-07-20 14:19:50 UTC,signup_completed,android,organic
e_002617,u_002617,s_e_002617,2026-07-20 10:35:32 UTC,signup_completed,android,organic
e_002618,u_002618,s_e_002618,2026-07-20 21:48:42 UTC,signup_completed,ios,organic
e_002619,u_002619,s_e_002619,2026-07-20 12:04:20 UTC,signup_completed,android,organic
e_002620,u_002620,s_e_002620,2026-07-20 17:59:53 UTC,signup_completed,android,organic
e_002621,u_002621,s_e_002621,2026-07-20 01:48:15 UTC,signup_completed,android,organic
e_002622,u_002622,s_e_002622,2026-07-20 07:00:59 UTC,signup_completed,ios,organic
e_002623,u_002623,s_e_002623,2026-07-20 18:38:05 UTC,signup_completed,web,organic
e_002624,u_002624,s_e_002624,2026-07-20 02:12:17 UTC,signup_completed,web,organic
e_002625,u_002625,s_e_002625,2026-07-20 20:56:56 UTC,signup_completed,ios,organic
e_002626,u_002626,s_e_002626,2026-07-20 15:00:36 UTC,signup_completed,web,organic
e_002627,u_002627,s_e_002627,2026-07-20 15:23:25 UTC,signup_completed,android,organic
e_002628,u_002628,s_e_002628,2026-07-20 17:28:17 UTC,signup_completed,ios,organic
e_002629,u_002629,s_e_002629,2026-07-20 23:22:21 UTC,signup_completed,android,organic
e_002630,u_002630,s_e_002630,2026-07-20 15:17:41 UTC,signup_completed,web,organic
e_002631,u_002631,s_e_002631,2026-07-20 15:43:32 UTC,signup_completed,ios,organic
e_002632,u_002632,s_e_002632,2026-07-20 01:50:35 UTC,signup_completed,web,organic
e_002633,u_002633,s_e_002633,2026-07-20 19:41:49 UTC,signup_completed,android,organic
e_002634,u_002634,s_e_002634,2026-07-20 16:15:38 UTC,signup_completed,ios,organic
e_002635,u_002635,s_e_002635,2026-07-20 12:40:48 UTC,signup_completed,android,organic
e_002636,u_002636,s_e_002636,2026-07-20 14:55:19 UTC,signup_completed,android,organic
e_002637,u_002637,s_e_002637,2026-07-20 08:01:48 UTC,signup_completed,web,organic
e_002638,u_002638,s_e_002638,2026-07-20 02:46:04 UTC,signup_completed,ios,organic
e_002639,u_002639,s_e_002639,2026-07-20 09:44:38 UTC,signup_completed,android,organic
e_002640,u_002640,s_e_002640,2026-07-20 14:36:18 UTC,signup_completed,android,organic
e_002641,u_002641,s_e_002641,2026-07-20 15:29:05 UTC,signup_completed,web,organic
e_002642,u_002642,s_e_002642,2026-07-20 10:50:20 UTC,signup_completed,android,organic
e_002643,u_002643,s_e_002643,2026-07-20 18:13:19 UTC,signup_completed,ios,organic
e_002644,u_002644,s_e_002644,2026-07-20 05:06:43 UTC,signup_completed,ios,organic
e_002645,u_002645,s_e_002645,2026-07-20 04:55:06 UTC,signup_completed,ios,organic
e_002646,u_002646,s_e_002646,2026-07-20 08:02:30 UTC,signup_completed,ios,organic
e_002647,u_002647,s_e_002647,2026-07-20 08:20:13 UTC,signup_completed,web,organic
e_002648,u_002648,s_e_002648,2026-07-20 08:31:45 UTC,signup_completed,ios,organic
e_002649,u_002649,s_e_002649,2026-07-20 00:51:15 UTC,signup_completed,ios,organic
e_002650,u_002650,s_e_002650,2026-07-20 12:24:10 UTC,signup_completed,android,organic
e_002651,u_002651,s_e_002651,2026-07-20 16:57:43 UTC,signup_completed,ios,organic
e_002652,u_002652,s_e_002652,2026-07-20 13:33:02 UTC,signup_completed,web,paid_search
e_002653,u_002653,s_e_002653,2026-07-20 07:26:18 UTC,signup_completed,web,paid_search
e_002654,u_002654,s_e_002654,2026-07-20 19:29:25 UTC,signup_completed,ios,paid_search
e_002655,u_002655,s_e_002655,2026-07-20 18:30:24 UTC,signup_completed,android,paid_search
e_002656,u_002656,s_e_002656,2026-07-20 15:08:07 UTC,signup_completed,android,paid_search
e_002657,u_002657,s_e_002657,2026-07-20 00:26:03 UTC,signup_completed,android,paid_search
e_002658,u_002658,s_e_002658,2026-07-20 11:28:54 UTC,signup_completed,web,paid_search
e_002659,u_002659,s_e_002659,2026-07-20 05:29:07 UTC,signup_completed,web,paid_search
e_002660,u_002660,s_e_002660,2026-07-20 02:37:34 UTC,signup_completed,web,paid_search
e_002661,u_002661,s_e_002661,2026-07-20 04:10:02 UTC,signup_completed,ios,paid_search
e_002662,u_002662,s_e_002662,2026-07-20 02:45:51 UTC,signup_completed,web,paid_search
e_002663,u_002663,s_e_002663,2026-07-20 13:16:31 UTC,signup_completed,android,paid_search
e_002664,u_002664,s_e_002664,2026-07-20 16:31:40 UTC,signup_completed,android,paid_search
e_002665,u_002665,s_e_002665,2026-07-20 02:41:21 UTC,signup_completed,android,paid_search
e_002666,u_002666,s_e_002666,2026-07-20 11:55:37 UTC,signup_completed,web,paid_search
e_002667,u_002667,s_e_002667,2026-07-20 05:32:45 UTC,signup_completed,web,paid_search
e_002668,u_002668,s_e_002668,2026-07-20 23:44:36 UTC,signup_completed,android,paid_search
e_002669,u_002669,s_e_002669,2026-07-20 06:30:58 UTC,signup_completed,web,paid_search
e_002670,u_002670,s_e_002670,2026-07-20 13:28:47 UTC,signup_completed,web,paid_search
e_002671,u_002671,s_e_002671,2026-07-20 19:38:57 UTC,signup_completed,ios,paid_search
e_002672,u_002672,s_e_002672,2026-07-20 03:49:58 UTC,signup_completed,android,paid_search
e_002673,u_002673,s_e_002673,2026-07-20 05:00:25 UTC,signup_completed,android,paid_search
e_002674,u_002674,s_e_002674,2026-07-20 19:09:03 UTC,signup_completed,web,paid_search
e_002675,u_002675,s_e_002675,2026-07-20 17:55:55 UTC,signup_completed,web,paid_search
e_002676,u_002676,s_e_002676,2026-07-20 10:47:45 UTC,signup_completed,ios,paid_search
e_002677,u_002677,s_e_002677,2026-07-20 19:24:28 UTC,signup_completed,web,paid_search
e_002678,u_002678,s_e_002678,2026-07-20 06:08:10 UTC,signup_completed,ios,paid_search
e_002679,u_002679,s_e_002679,2026-07-20 06:16:19 UTC,signup_completed,ios,paid_search
e_002680,u_002680,s_e_002680,2026-07-20 16:11:42 UTC,signup_completed,web,push
e_002681,u_002681,s_e_002681,2026-07-20 07:50:57 UTC,signup_completed,ios,push
e_002682,u_002682,s_e_002682,2026-07-20 23:21:40 UTC,signup_completed,web,push
e_002683,u_002683,s_e_002683,2026-07-20 06:39:49 UTC,signup_completed,ios,push
e_002684,u_002684,s_e_002684,2026-07-20 12:57:46 UTC,signup_completed,ios,push
e_002685,u_002685,s_e_002685,2026-07-20 15:00:26 UTC,signup_completed,web,push
e_002686,u_002686,s_e_002686,2026-07-20 05:44:05 UTC,signup_completed,android,push
e_002687,u_002687,s_e_002687,2026-07-20 01:31:01 UTC,signup_completed,ios,push
e_002688,u_002688,s_e_002688,2026-07-20 16:44:35 UTC,signup_completed,web,push
e_002689,u_002689,s_e_002689,2026-07-20 04:40:01 UTC,signup_completed,android,push
e_002690,u_002690,s_e_002690,2026-07-20 13:59:59 UTC,signup_completed,web,push
e_002691,u_002691,s_e_002691,2026-07-20 08:09:54 UTC,signup_completed,web,push
e_002692,u_002692,s_e_002692,2026-07-20 20:55:30 UTC,signup_completed,web,push
e_002693,u_002693,s_e_002693,2026-07-20 23:51:34 UTC,signup_completed,web,push
e_002694,u_002694,s_e_002694,2026-07-20 18:25:41 UTC,signup_completed,ios,push
e_002695,u_002695,s_e_002695,2026-07-20 18:25:18 UTC,signup_completed,web,push
e_002696,u_002696,s_e_002696,2026-07-20 15:41:01 UTC,signup_completed,android,push
e_002697,u_002697,s_e_002697,2026-07-20 13:46:47 UTC,signup_completed,android,push
e_002698,u_002698,s_e_002698,2026-07-20 13:44:20 UTC,signup_completed,android,push
e_002699,u_002699,s_e_002699,2026-07-20 02:13:30 UTC,signup_completed,ios,push
e_002700,u_002700,s_e_002700,2026-07-20 02:44:42 UTC,signup_completed,android,push
e_002701,u_002701,s_e_002701,2026-07-20 07:43:21 UTC,signup_completed,android,push
e_002702,u_002702,s_e_002702,2026-07-20 17:28:00 UTC,signup_completed,web,push
e_002703,u_002703,s_e_002703,2026-07-20 13:07:21 UTC,signup_completed,ios,push
e_002704,u_002704,s_e_002704,2026-07-20 05:26:58 UTC,signup_completed,ios,push
e_002705,u_002705,s_e_002705,2026-07-20 03:55:29 UTC,signup_completed,ios,push
e_002706,u_002706,s_e_002706,2026-07-20 19:12:22 UTC,signup_completed,android,push
e_002707,u_002707,s_e_002707,2026-07-20 06:26:09 UTC,signup_completed,ios,push
e_002708,u_002708,s_e_002708,2026-07-20 22:18:33 UTC,signup_completed,web,email
e_002709,u_002709,s_e_002709,2026-07-20 20:01:13 UTC,signup_completed,android,email
e_002710,u_002710,s_e_002710,2026-07-20 03:33:30 UTC,signup_completed,android,email
e_002711,u_002711,s_e_002711,2026-07-20 21:31:58 UTC,signup_completed,ios,email
e_002712,u_002712,s_e_002712,2026-07-20 06:41:12 UTC,signup_completed,web,email
e_002713,u_002713,s_e_002713,2026-07-20 16:43:43 UTC,signup_completed,android,email
e_002714,u_002714,s_e_002714,2026-07-20 08:48:15 UTC,signup_completed,web,email
e_002715,u_002715,s_e_002715,2026-07-20 12:17:12 UTC,signup_completed,ios,email
e_002716,u_002716,s_e_002716,2026-07-20 17:50:06 UTC,signup_completed,web,email
e_002717,u_002717,s_e_002717,2026-07-20 07:25:07 UTC,signup_completed,ios,email
e_002718,u_002718,s_e_002718,2026-07-20 22:32:56 UTC,signup_completed,web,email
e_002719,u_002719,s_e_002719,2026-07-20 00:54:46 UTC,signup_completed,android,email
e_002720,u_002720,s_e_002720,2026-07-20 13:03:26 UTC,signup_completed,android,email
e_002721,u_002721,s_e_002721,2026-07-20 18:47:52 UTC,signup_completed,web,email
e_002722,u_002722,s_e_002722,2026-07-20 20:31:13 UTC,signup_completed,web,email
e_002723,u_002723,s_e_002723,2026-07-20 08:25:31 UTC,signup_completed,android,email
e_002724,u_002724,s_e_002724,2026-07-20 09:58:38 UTC,signup_completed,web,email
e_002725,u_002725,s_e_002725,2026-07-20 04:48:34 UTC,signup_completed,android,email
e_002726,u_002726,s_e_002726,2026-07-20 17:12:24 UTC,signup_completed,android,email
e_002727,u_002727,s_e_002727,2026-07-20 12:51:56 UTC,signup_completed,web,email
e_002728,u_002728,s_e_002728,2026-07-20 20:57:04 UTC,signup_completed,ios,email
e_002729,u_002729,s_e_002729,2026-07-20 11:38:13 UTC,signup_completed,web,referral
e_002730,u_002730,s_e_002730,2026-07-20 18:55:58 UTC,signup_completed,ios,referral
e_002731,u_002731,s_e_002731,2026-07-20 06:00:57 UTC,signup_completed,web,referral
e_002732,u_002732,s_e_002732,2026-07-20 06:26:19 UTC,signup_completed,android,referral
e_002733,u_002733,s_e_002733,2026-07-20 18:25:46 UTC,signup_completed,web,referral
e_002734,u_002734,s_e_002734,2026-07-20 19:48:49 UTC,signup_completed,ios,referral
e_002735,u_002735,s_e_002735,2026-07-20 06:25:53 UTC,signup_completed,web,referral
e_002736,u_002736,s_e_002736,2026-07-20 12:37:34 UTC,signup_completed,android,referral
e_002737,u_002737,s_e_002737,2026-07-20 18:20:35 UTC,signup_completed,web,referral
e_002738,u_002738,s_e_002738,2026-07-20 08:30:48 UTC,signup_completed,web,referral
e_002739,u_002739,s_e_002739,2026-07-20 01:29:41 UTC,signup_completed,ios,referral
e_002740,u_002740,s_e_002740,2026-07-20 05:31:44 UTC,signup_completed,web,referral
e_002741,u_002741,s_e_002741,2026-07-20 19:56:01 UTC,signup_completed,android,referral
e_002742,u_002742,s_e_002742,2026-07-20 15:39:34 UTC,signup_completed,ios,referral
e_002743,u_002743,s_e_002743,2026-07-20 04:07:37 UTC,signup_completed,android,referral
e_002744,u_002744,s_e_002744,2026-07-20 18:01:28 UTC,signup_completed,web,referral
e_002745,u_002745,s_e_002745,2026-07-20 05:42:33 UTC,signup_completed,android,referral
e_002746,u_002746,s_e_002746,2026-07-20 07:31:25 UTC,signup_completed,ios,referral
e_002747,u_002747,s_e_002747,2026-07-20 10:29:16 UTC,signup_completed,ios,referral
e_002748,u_002748,s_e_002748,2026-07-20 10:42:49 UTC,signup_completed,ios,referral
e_002749,u_002749,s_e_002749,2026-07-20 18:55:31 UTC,signup_completed,ios,referral
e_002750,u_002750,s_e_002750,2026-07-21 01:50:14 UTC,signup_completed,web,organic
e_002751,u_002751,s_e_002751,2026-07-21 16:32:18 UTC,signup_completed,ios,organic
e_002752,u_002752,s_e_002752,2026-07-21 17:54:06 UTC,signup_completed,ios,organic
e_002753,u_002753,s_e_002753,2026-07-21 06:18:44 UTC,signup_completed,web,organic
e_002754,u_002754,s_e_002754,2026-07-21 05:26:57 UTC,signup_completed,android,organic
e_002755,u_002755,s_e_002755,2026-07-21 19:44:27 UTC,signup_completed,ios,organic
e_002756,u_002756,s_e_002756,2026-07-21 12:52:18 UTC,signup_completed,ios,organic
e_002757,u_002757,s_e_002757,2026-07-21 10:59:48 UTC,signup_completed,android,organic
e_002758,u_002758,s_e_002758,2026-07-21 21:36:33 UTC,signup_completed,web,organic
e_002759,u_002759,s_e_002759,2026-07-21 23:13:57 UTC,signup_completed,ios,organic
e_002760,u_002760,s_e_002760,2026-07-21 18:14:50 UTC,signup_completed,ios,organic
e_002761,u_002761,s_e_002761,2026-07-21 13:38:36 UTC,signup_completed,ios,organic
e_002762,u_002762,s_e_002762,2026-07-21 12:05:15 UTC,signup_completed,web,organic
e_002763,u_002763,s_e_002763,2026-07-21 22:34:54 UTC,signup_completed,web,organic
e_002764,u_002764,s_e_002764,2026-07-21 13:23:46 UTC,signup_completed,android,organic
e_002765,u_002765,s_e_002765,2026-07-21 21:14:42 UTC,signup_completed,web,organic
e_002766,u_002766,s_e_002766,2026-07-21 20:05:15 UTC,signup_completed,ios,organic
e_002767,u_002767,s_e_002767,2026-07-21 16:52:06 UTC,signup_completed,web,organic
e_002768,u_002768,s_e_002768,2026-07-21 15:10:02 UTC,signup_completed,ios,organic
e_002769,u_002769,s_e_002769,2026-07-21 03:53:41 UTC,signup_completed,web,organic
e_002770,u_002770,s_e_002770,2026-07-21 15:01:41 UTC,signup_completed,ios,organic
e_002771,u_002771,s_e_002771,2026-07-21 19:31:19 UTC,signup_completed,android,organic
e_002772,u_002772,s_e_002772,2026-07-21 15:06:57 UTC,signup_completed,ios,organic
e_002773,u_002773,s_e_002773,2026-07-21 07:07:35 UTC,signup_completed,android,organic
e_002774,u_002774,s_e_002774,2026-07-21 23:54:39 UTC,signup_completed,android,organic
e_002775,u_002775,s_e_002775,2026-07-21 09:48:52 UTC,signup_completed,ios,organic
e_002776,u_002776,s_e_002776,2026-07-21 08:50:01 UTC,signup_completed,android,organic
e_002777,u_002777,s_e_002777,2026-07-21 21:29:40 UTC,signup_completed,ios,organic
e_002778,u_002778,s_e_002778,2026-07-21 02:52:01 UTC,signup_completed,ios,organic
e_002779,u_002779,s_e_002779,2026-07-21 04:30:53 UTC,signup_completed,web,organic
e_002780,u_002780,s_e_002780,2026-07-21 14:10:25 UTC,signup_completed,web,organic
e_002781,u_002781,s_e_002781,2026-07-21 23:56:10 UTC,signup_completed,android,organic
e_002782,u_002782,s_e_002782,2026-07-21 21:58:21 UTC,signup_completed,web,organic
e_002783,u_002783,s_e_002783,2026-07-21 05:47:27 UTC,signup_completed,web,organic
e_002784,u_002784,s_e_002784,2026-07-21 21:06:30 UTC,signup_completed,ios,organic
e_002785,u_002785,s_e_002785,2026-07-21 10:55:48 UTC,signup_completed,ios,organic
e_002786,u_002786,s_e_002786,2026-07-21 18:25:46 UTC,signup_completed,android,organic
e_002787,u_002787,s_e_002787,2026-07-21 13:16:49 UTC,signup_completed,web,organic
e_002788,u_002788,s_e_002788,2026-07-21 14:20:16 UTC,signup_completed,android,organic
e_002789,u_002789,s_e_002789,2026-07-21 21:20:53 UTC,signup_completed,ios,organic
e_002790,u_002790,s_e_002790,2026-07-21 12:47:12 UTC,signup_completed,android,organic
e_002791,u_002791,s_e_002791,2026-07-21 09:11:48 UTC,signup_completed,ios,organic
e_002792,u_002792,s_e_002792,2026-07-21 10:40:38 UTC,signup_completed,web,organic
e_002793,u_002793,s_e_002793,2026-07-21 11:34:05 UTC,signup_completed,web,paid_search
e_002794,u_002794,s_e_002794,2026-07-21 15:12:55 UTC,signup_completed,web,paid_search
e_002795,u_002795,s_e_002795,2026-07-21 22:50:43 UTC,signup_completed,web,paid_search
e_002796,u_002796,s_e_002796,2026-07-21 01:14:52 UTC,signup_completed,android,paid_search
e_002797,u_002797,s_e_002797,2026-07-21 23:05:56 UTC,signup_completed,android,paid_search
e_002798,u_002798,s_e_002798,2026-07-21 11:06:19 UTC,signup_completed,web,paid_search
e_002799,u_002799,s_e_002799,2026-07-21 01:21:19 UTC,signup_completed,ios,paid_search
e_002800,u_002800,s_e_002800,2026-07-21 19:49:39 UTC,signup_completed,web,paid_search
e_002801,u_002801,s_e_002801,2026-07-21 18:19:23 UTC,signup_completed,ios,paid_search
e_002802,u_002802,s_e_002802,2026-07-21 16:37:31 UTC,signup_completed,ios,paid_search
e_002803,u_002803,s_e_002803,2026-07-21 18:20:19 UTC,signup_completed,android,paid_search
e_002804,u_002804,s_e_002804,2026-07-21 02:51:40 UTC,signup_completed,web,paid_search
e_002805,u_002805,s_e_002805,2026-07-21 22:12:29 UTC,signup_completed,android,paid_search
e_002806,u_002806,s_e_002806,2026-07-21 12:46:29 UTC,signup_completed,ios,paid_search
e_002807,u_002807,s_e_002807,2026-07-21 21:54:02 UTC,signup_completed,ios,paid_search
e_002808,u_002808,s_e_002808,2026-07-21 23:36:59 UTC,signup_completed,web,paid_search
e_002809,u_002809,s_e_002809,2026-07-21 03:14:59 UTC,signup_completed,web,paid_search
e_002810,u_002810,s_e_002810,2026-07-21 15:18:08 UTC,signup_completed,ios,paid_search
e_002811,u_002811,s_e_002811,2026-07-21 03:25:19 UTC,signup_completed,web,paid_search
e_002812,u_002812,s_e_002812,2026-07-21 17:20:27 UTC,signup_completed,ios,paid_search
e_002813,u_002813,s_e_002813,2026-07-21 18:45:49 UTC,signup_completed,web,paid_search
e_002814,u_002814,s_e_002814,2026-07-21 18:36:11 UTC,signup_completed,ios,paid_search
e_002815,u_002815,s_e_002815,2026-07-21 19:23:57 UTC,signup_completed,web,paid_search
e_002816,u_002816,s_e_002816,2026-07-21 23:39:15 UTC,signup_completed,ios,paid_search
e_002817,u_002817,s_e_002817,2026-07-21 04:25:29 UTC,signup_completed,web,paid_search
e_002818,u_002818,s_e_002818,2026-07-21 13:32:23 UTC,signup_completed,ios,paid_search
e_002819,u_002819,s_e_002819,2026-07-21 22:10:13 UTC,signup_completed,android,paid_search
e_002820,u_002820,s_e_002820,2026-07-21 18:36:33 UTC,signup_completed,web,paid_search
e_002821,u_002821,s_e_002821,2026-07-21 17:25:59 UTC,signup_completed,android,paid_search
e_002822,u_002822,s_e_002822,2026-07-21 15:28:21 UTC,signup_completed,android,push
e_002823,u_002823,s_e_002823,2026-07-21 20:00:40 UTC,signup_completed,web,push
e_002824,u_002824,s_e_002824,2026-07-21 19:32:52 UTC,signup_completed,web,push
e_002825,u_002825,s_e_002825,2026-07-21 05:13:06 UTC,signup_completed,ios,push
e_002826,u_002826,s_e_002826,2026-07-21 18:28:14 UTC,signup_completed,ios,push
e_002827,u_002827,s_e_002827,2026-07-21 06:18:53 UTC,signup_completed,ios,push
e_002828,u_002828,s_e_002828,2026-07-21 13:43:35 UTC,signup_completed,ios,push
e_002829,u_002829,s_e_002829,2026-07-21 09:32:45 UTC,signup_completed,web,push
e_002830,u_002830,s_e_002830,2026-07-21 20:31:26 UTC,signup_completed,android,push
e_002831,u_002831,s_e_002831,2026-07-21 09:14:22 UTC,signup_completed,ios,email
e_002832,u_002832,s_e_002832,2026-07-21 22:05:02 UTC,signup_completed,android,email
e_002833,u_002833,s_e_002833,2026-07-21 20:39:17 UTC,signup_completed,android,email
e_002834,u_002834,s_e_002834,2026-07-21 02:26:46 UTC,signup_completed,android,email
e_002835,u_002835,s_e_002835,2026-07-21 14:41:04 UTC,signup_completed,android,email
e_002836,u_002836,s_e_002836,2026-07-21 18:48:49 UTC,signup_completed,ios,email
e_002837,u_002837,s_e_002837,2026-07-21 19:59:37 UTC,signup_completed,ios,email
e_002838,u_002838,s_e_002838,2026-07-21 00:29:25 UTC,signup_completed,android,email
e_002839,u_002839,s_e_002839,2026-07-21 11:06:07 UTC,signup_completed,ios,referral
e_002840,u_002840,s_e_002840,2026-07-21 15:58:19 UTC,signup_completed,web,referral
e_002841,u_002841,s_e_002841,2026-07-21 05:06:42 UTC,signup_completed,web,referral
e_002842,u_002842,s_e_002842,2026-07-21 00:49:34 UTC,signup_completed,ios,referral
e_002843,u_002843,s_e_002843,2026-07-21 12:31:17 UTC,signup_completed,android,referral
e_002844,u_002844,s_e_002844,2026-07-21 04:18:16 UTC,signup_completed,android,referral
e_002845,u_002845,s_e_002845,2026-07-21 04:38:11 UTC,signup_completed,android,referral
e_002846,u_002846,s_e_002846,2026-07-21 05:08:55 UTC,signup_completed,web,referral
e_002847,u_002847,s_e_002847,2026-07-21 16:15:39 UTC,signup_completed,web,referral
e_002848,u_002848,s_e_002848,2026-07-21 18:04:20 UTC,signup_completed,ios,referral
e_002849,u_002849,s_e_002849,2026-07-21 19:40:36 UTC,signup_completed,web,referral
e_002850,u_002850,s_e_002850,2026-07-21 20:19:59 UTC,signup_completed,web,referral
e_002851,u_002851,s_e_002851,2026-07-21 21:27:53 UTC,signup_completed,ios,referral
e_002852,u_002852,s_e_002852,2026-07-21 15:32:59 UTC,signup_completed,android,referral
e_002853,u_002853,s_e_002853,2026-07-21 09:14:21 UTC,signup_completed,android,referral
e_002854,u_002854,s_e_002854,2026-07-21 03:13:54 UTC,signup_completed,android,referral
e_002855,u_002855,s_e_002855,2026-07-21 08:09:09 UTC,signup_completed,ios,referral
e_002856,u_002856,s_e_002856,2026-07-21 12:02:16 UTC,signup_completed,ios,referral
e_002857,u_002857,s_e_002857,2026-07-21 09:33:36 UTC,signup_completed,android,referral
e_002858,u_002858,s_e_002858,2026-07-21 13:47:01 UTC,signup_completed,android,referral
e_002859,u_002859,s_e_002859,2026-07-21 00:04:17 UTC,signup_completed,ios,referral
e_002860,u_002860,s_e_002860,2026-07-22 16:41:47 UTC,signup_completed,ios,organic
e_002861,u_002861,s_e_002861,2026-07-22 15:51:57 UTC,signup_completed,ios,organic
e_002862,u_002862,s_e_002862,2026-07-22 13:10:22 UTC,signup_completed,ios,organic
e_002863,u_002863,s_e_002863,2026-07-22 19:41:20 UTC,signup_completed,ios,organic
e_002864,u_002864,s_e_002864,2026-07-22 16:18:02 UTC,signup_completed,android,organic
e_002865,u_002865,s_e_002865,2026-07-22 21:00:12 UTC,signup_completed,ios,organic
e_002866,u_002866,s_e_002866,2026-07-22 04:13:52 UTC,signup_completed,android,organic
e_002867,u_002867,s_e_002867,2026-07-22 02:25:06 UTC,signup_completed,android,organic
e_002868,u_002868,s_e_002868,2026-07-22 17:34:57 UTC,signup_completed,android,organic
e_002869,u_002869,s_e_002869,2026-07-22 01:02:03 UTC,signup_completed,android,organic
e_002870,u_002870,s_e_002870,2026-07-22 14:43:18 UTC,signup_completed,ios,organic
e_002871,u_002871,s_e_002871,2026-07-22 07:37:44 UTC,signup_completed,android,organic
e_002872,u_002872,s_e_002872,2026-07-22 17:12:33 UTC,signup_completed,android,organic
e_002873,u_002873,s_e_002873,2026-07-22 05:01:17 UTC,signup_completed,android,organic
e_002874,u_002874,s_e_002874,2026-07-22 05:24:49 UTC,signup_completed,web,organic
e_002875,u_002875,s_e_002875,2026-07-22 22:45:19 UTC,signup_completed,android,organic
e_002876,u_002876,s_e_002876,2026-07-22 14:44:41 UTC,signup_completed,android,organic
e_002877,u_002877,s_e_002877,2026-07-22 20:24:26 UTC,signup_completed,ios,organic
e_002878,u_002878,s_e_002878,2026-07-22 09:59:45 UTC,signup_completed,web,organic
e_002879,u_002879,s_e_002879,2026-07-22 03:23:46 UTC,signup_completed,ios,organic
e_002880,u_002880,s_e_002880,2026-07-22 02:00:19 UTC,signup_completed,ios,organic
e_002881,u_002881,s_e_002881,2026-07-22 17:40:01 UTC,signup_completed,web,organic
e_002882,u_002882,s_e_002882,2026-07-22 13:03:17 UTC,signup_completed,ios,organic
e_002883,u_002883,s_e_002883,2026-07-22 02:01:43 UTC,signup_completed,ios,organic
e_002884,u_002884,s_e_002884,2026-07-22 16:05:23 UTC,signup_completed,android,organic
e_002885,u_002885,s_e_002885,2026-07-22 09:20:53 UTC,signup_completed,android,organic
e_002886,u_002886,s_e_002886,2026-07-22 01:44:08 UTC,signup_completed,web,organic
e_002887,u_002887,s_e_002887,2026-07-22 23:19:18 UTC,signup_completed,ios,organic
e_002888,u_002888,s_e_002888,2026-07-22 06:23:21 UTC,signup_completed,web,organic
e_002889,u_002889,s_e_002889,2026-07-22 00:23:06 UTC,signup_completed,ios,organic
e_002890,u_002890,s_e_002890,2026-07-22 09:43:37 UTC,signup_completed,android,organic
e_002891,u_002891,s_e_002891,2026-07-22 16:24:45 UTC,signup_completed,web,organic
e_002892,u_002892,s_e_002892,2026-07-22 15:30:20 UTC,signup_completed,android,organic
e_002893,u_002893,s_e_002893,2026-07-22 16:03:31 UTC,signup_completed,web,organic
e_002894,u_002894,s_e_002894,2026-07-22 20:17:01 UTC,signup_completed,android,organic
e_002895,u_002895,s_e_002895,2026-07-22 22:08:45 UTC,signup_completed,web,organic
e_002896,u_002896,s_e_002896,2026-07-22 06:55:42 UTC,signup_completed,ios,organic
e_002897,u_002897,s_e_002897,2026-07-22 03:41:18 UTC,signup_completed,ios,organic
e_002898,u_002898,s_e_002898,2026-07-22 06:19:46 UTC,signup_completed,web,organic
e_002899,u_002899,s_e_002899,2026-07-22 05:40:55 UTC,signup_completed,android,organic
e_002900,u_002900,s_e_002900,2026-07-22 06:07:28 UTC,signup_completed,ios,organic
e_002901,u_002901,s_e_002901,2026-07-22 12:25:51 UTC,signup_completed,web,paid_search
e_002902,u_002902,s_e_002902,2026-07-22 18:00:24 UTC,signup_completed,android,paid_search
e_002903,u_002903,s_e_002903,2026-07-22 09:53:34 UTC,signup_completed,web,paid_search
e_002904,u_002904,s_e_002904,2026-07-22 21:24:30 UTC,signup_completed,ios,paid_search
e_002905,u_002905,s_e_002905,2026-07-22 21:08:42 UTC,signup_completed,ios,paid_search
e_002906,u_002906,s_e_002906,2026-07-22 06:43:28 UTC,signup_completed,android,paid_search
e_002907,u_002907,s_e_002907,2026-07-22 01:35:08 UTC,signup_completed,android,paid_search
e_002908,u_002908,s_e_002908,2026-07-22 00:39:24 UTC,signup_completed,web,paid_search
e_002909,u_002909,s_e_002909,2026-07-22 12:58:36 UTC,signup_completed,web,paid_search
e_002910,u_002910,s_e_002910,2026-07-22 18:12:50 UTC,signup_completed,android,paid_search
e_002911,u_002911,s_e_002911,2026-07-22 12:49:39 UTC,signup_completed,web,paid_search
e_002912,u_002912,s_e_002912,2026-07-22 18:44:58 UTC,signup_completed,web,paid_search
e_002913,u_002913,s_e_002913,2026-07-22 08:07:46 UTC,signup_completed,ios,paid_search
e_002914,u_002914,s_e_002914,2026-07-22 11:55:11 UTC,signup_completed,ios,paid_search
e_002915,u_002915,s_e_002915,2026-07-22 17:01:52 UTC,signup_completed,ios,paid_search
e_002916,u_002916,s_e_002916,2026-07-22 12:04:17 UTC,signup_completed,android,paid_search
e_002917,u_002917,s_e_002917,2026-07-22 11:36:33 UTC,signup_completed,android,paid_search
e_002918,u_002918,s_e_002918,2026-07-22 12:25:03 UTC,signup_completed,android,paid_search
e_002919,u_002919,s_e_002919,2026-07-22 22:38:28 UTC,signup_completed,ios,paid_search
e_002920,u_002920,s_e_002920,2026-07-22 20:59:16 UTC,signup_completed,web,paid_search
e_002921,u_002921,s_e_002921,2026-07-22 10:56:56 UTC,signup_completed,ios,paid_search
e_002922,u_002922,s_e_002922,2026-07-22 17:46:17 UTC,signup_completed,android,paid_search
e_002923,u_002923,s_e_002923,2026-07-22 03:20:03 UTC,signup_completed,android,paid_search
e_002924,u_002924,s_e_002924,2026-07-22 04:19:05 UTC,signup_completed,android,paid_search
e_002925,u_002925,s_e_002925,2026-07-22 03:33:38 UTC,signup_completed,web,paid_search
e_002926,u_002926,s_e_002926,2026-07-22 06:36:07 UTC,signup_completed,android,paid_search
e_002927,u_002927,s_e_002927,2026-07-22 22:17:20 UTC,signup_completed,android,paid_search
e_002928,u_002928,s_e_002928,2026-07-22 23:15:28 UTC,signup_completed,ios,push
e_002929,u_002929,s_e_002929,2026-07-22 18:16:09 UTC,signup_completed,android,push
e_002930,u_002930,s_e_002930,2026-07-22 13:13:52 UTC,signup_completed,web,push
e_002931,u_002931,s_e_002931,2026-07-22 09:27:27 UTC,signup_completed,ios,push
e_002932,u_002932,s_e_002932,2026-07-22 02:28:23 UTC,signup_completed,android,push
e_002933,u_002933,s_e_002933,2026-07-22 01:13:04 UTC,signup_completed,web,push
e_002934,u_002934,s_e_002934,2026-07-22 17:56:19 UTC,signup_completed,android,push
e_002935,u_002935,s_e_002935,2026-07-22 02:04:00 UTC,signup_completed,web,push
e_002936,u_002936,s_e_002936,2026-07-22 03:51:29 UTC,signup_completed,web,push
e_002937,u_002937,s_e_002937,2026-07-22 17:36:06 UTC,signup_completed,web,push
e_002938,u_002938,s_e_002938,2026-07-22 04:46:54 UTC,signup_completed,android,push
e_002939,u_002939,s_e_002939,2026-07-22 01:06:13 UTC,signup_completed,web,push
e_002940,u_002940,s_e_002940,2026-07-22 08:18:25 UTC,signup_completed,android,push
e_002941,u_002941,s_e_002941,2026-07-22 10:22:11 UTC,signup_completed,android,push
e_002942,u_002942,s_e_002942,2026-07-22 21:20:07 UTC,signup_completed,android,push
e_002943,u_002943,s_e_002943,2026-07-22 11:13:57 UTC,signup_completed,web,push
e_002944,u_002944,s_e_002944,2026-07-22 00:25:52 UTC,signup_completed,ios,push
e_002945,u_002945,s_e_002945,2026-07-22 09:27:32 UTC,signup_completed,web,push
e_002946,u_002946,s_e_002946,2026-07-22 06:15:32 UTC,signup_completed,ios,push
e_002947,u_002947,s_e_002947,2026-07-22 14:37:55 UTC,signup_completed,ios,push
e_002948,u_002948,s_e_002948,2026-07-22 15:13:57 UTC,signup_completed,ios,push
e_002949,u_002949,s_e_002949,2026-07-22 14:34:08 UTC,signup_completed,web,push
e_002950,u_002950,s_e_002950,2026-07-22 00:24:53 UTC,signup_completed,web,push
e_002951,u_002951,s_e_002951,2026-07-22 14:52:14 UTC,signup_completed,ios,push
e_002952,u_002952,s_e_002952,2026-07-22 22:07:43 UTC,signup_completed,android,push
e_002953,u_002953,s_e_002953,2026-07-22 19:22:55 UTC,signup_completed,android,push
e_002954,u_002954,s_e_002954,2026-07-22 11:34:34 UTC,signup_completed,ios,push
e_002955,u_002955,s_e_002955,2026-07-22 11:44:42 UTC,signup_completed,web,email
e_002956,u_002956,s_e_002956,2026-07-22 13:21:00 UTC,signup_completed,ios,email
e_002957,u_002957,s_e_002957,2026-07-22 14:56:55 UTC,signup_completed,ios,email
e_002958,u_002958,s_e_002958,2026-07-22 02:19:35 UTC,signup_completed,web,email
e_002959,u_002959,s_e_002959,2026-07-22 09:30:22 UTC,signup_completed,android,email
e_002960,u_002960,s_e_002960,2026-07-22 03:11:52 UTC,signup_completed,ios,email
e_002961,u_002961,s_e_002961,2026-07-22 21:41:32 UTC,signup_completed,android,email
e_002962,u_002962,s_e_002962,2026-07-22 08:52:18 UTC,signup_completed,web,email
e_002963,u_002963,s_e_002963,2026-07-22 16:42:03 UTC,signup_completed,android,email
e_002964,u_002964,s_e_002964,2026-07-22 15:01:53 UTC,signup_completed,android,email
e_002965,u_002965,s_e_002965,2026-07-22 21:08:00 UTC,signup_completed,android,email
e_002966,u_002966,s_e_002966,2026-07-22 22:24:40 UTC,signup_completed,web,email
e_002967,u_002967,s_e_002967,2026-07-22 17:17:19 UTC,signup_completed,ios,email
e_002968,u_002968,s_e_002968,2026-07-22 14:12:53 UTC,signup_completed,web,email
e_002969,u_002969,s_e_002969,2026-07-22 09:08:23 UTC,signup_completed,android,email
e_002970,u_002970,s_e_002970,2026-07-22 18:00:42 UTC,signup_completed,android,email
e_002971,u_002971,s_e_002971,2026-07-22 00:15:32 UTC,signup_completed,ios,email
e_002972,u_002972,s_e_002972,2026-07-22 22:10:27 UTC,signup_completed,ios,email
e_002973,u_002973,s_e_002973,2026-07-22 06:45:13 UTC,signup_completed,android,email
e_002974,u_002974,s_e_002974,2026-07-22 20:40:28 UTC,signup_completed,ios,email
e_002975,u_002975,s_e_002975,2026-07-22 00:41:36 UTC,signup_completed,android,email
e_002976,u_002976,s_e_002976,2026-07-22 06:51:01 UTC,signup_completed,ios,referral
e_002977,u_002977,s_e_002977,2026-07-22 17:38:28 UTC,signup_completed,web,referral
e_002978,u_002978,s_e_002978,2026-07-22 23:30:14 UTC,signup_completed,ios,referral
e_002979,u_002979,s_e_002979,2026-07-22 07:54:27 UTC,signup_completed,android,referral
e_002980,u_002980,s_e_002980,2026-07-22 04:56:22 UTC,signup_completed,android,referral
e_002981,u_002981,s_e_002981,2026-07-22 02:53:48 UTC,signup_completed,ios,referral
e_002982,u_002982,s_e_002982,2026-07-22 14:16:20 UTC,signup_completed,android,referral
e_002983,u_002983,s_e_002983,2026-07-22 17:49:40 UTC,signup_completed,ios,referral
e_002984,u_002984,s_e_002984,2026-07-22 21:50:37 UTC,signup_completed,web,referral
e_002985,u_002985,s_e_002985,2026-07-22 08:58:58 UTC,signup_completed,web,referral
e_002986,u_002986,s_e_002986,2026-07-22 14:25:46 UTC,signup_completed,web,referral
e_002987,u_002987,s_e_002987,2026-07-22 04:59:37 UTC,signup_completed,web,referral
e_002988,u_002988,s_e_002988,2026-07-22 07:53:29 UTC,signup_completed,ios,referral
e_002989,u_002989,s_e_002989,2026-07-22 18:15:08 UTC,signup_completed,android,referral
e_002990,u_002990,s_e_002990,2026-07-22 20:03:16 UTC,signup_completed,android,referral
e_002991,u_002991,s_e_002991,2026-07-22 16:23:50 UTC,signup_completed,ios,referral
e_002992,u_002992,s_e_002992,2026-07-22 13:45:13 UTC,signup_completed,android,referral
e_002993,u_002993,s_e_002993,2026-07-22 04:09:35 UTC,signup_completed,ios,referral
e_002994,u_002994,s_e_002994,2026-07-22 22:14:31 UTC,signup_completed,ios,referral
e_002995,u_002995,s_e_002995,2026-07-22 20:48:09 UTC,signup_completed,ios,referral
e_002996,u_002996,s_e_002996,2026-07-22 09:45:05 UTC,signup_completed,ios,referral
e_002997,u_002997,s_e_002997,2026-07-23 20:02:38 UTC,signup_completed,web,organic
e_002998,u_002998,s_e_002998,2026-07-23 20:59:59 UTC,signup_completed,web,organic
e_002999,u_002999,s_e_002999,2026-07-23 15:21:07 UTC,signup_completed,android,organic
e_003000,u_003000,s_e_003000,2026-07-23 17:48:19 UTC,signup_completed,web,organic
e_003001,u_003001,s_e_003001,2026-07-23 09:03:38 UTC,signup_completed,ios,organic
e_003002,u_003002,s_e_003002,2026-07-23 00:38:24 UTC,signup_completed,android,organic
e_003003,u_003003,s_e_003003,2026-07-23 22:39:29 UTC,signup_completed,web,organic
e_003004,u_003004,s_e_003004,2026-07-23 11:38:01 UTC,signup_completed,ios,organic
e_003005,u_003005,s_e_003005,2026-07-23 15:34:07 UTC,signup_completed,ios,organic
e_003006,u_003006,s_e_003006,2026-07-23 15:52:14 UTC,signup_completed,web,organic
e_003007,u_003007,s_e_003007,2026-07-23 16:09:16 UTC,signup_completed,android,organic
e_003008,u_003008,s_e_003008,2026-07-23 12:18:06 UTC,signup_completed,web,organic
e_003009,u_003009,s_e_003009,2026-07-23 18:08:09 UTC,signup_completed,web,organic
e_003010,u_003010,s_e_003010,2026-07-23 05:02:55 UTC,signup_completed,ios,organic
e_003011,u_003011,s_e_003011,2026-07-23 12:47:28 UTC,signup_completed,web,organic
e_003012,u_003012,s_e_003012,2026-07-23 03:24:34 UTC,signup_completed,web,organic
e_003013,u_003013,s_e_003013,2026-07-23 16:13:18 UTC,signup_completed,ios,organic
e_003014,u_003014,s_e_003014,2026-07-23 13:11:14 UTC,signup_completed,ios,organic
e_003015,u_003015,s_e_003015,2026-07-23 14:28:36 UTC,signup_completed,web,organic
e_003016,u_003016,s_e_003016,2026-07-23 21:44:50 UTC,signup_completed,web,organic
e_003017,u_003017,s_e_003017,2026-07-23 05:25:26 UTC,signup_completed,ios,organic
e_003018,u_003018,s_e_003018,2026-07-23 15:13:40 UTC,signup_completed,android,organic
e_003019,u_003019,s_e_003019,2026-07-23 17:29:24 UTC,signup_completed,web,organic
e_003020,u_003020,s_e_003020,2026-07-23 21:33:17 UTC,signup_completed,android,organic
e_003021,u_003021,s_e_003021,2026-07-23 10:29:59 UTC,signup_completed,web,organic
e_003022,u_003022,s_e_003022,2026-07-23 22:24:55 UTC,signup_completed,ios,organic
e_003023,u_003023,s_e_003023,2026-07-23 23:10:52 UTC,signup_completed,android,organic
e_003024,u_003024,s_e_003024,2026-07-23 23:07:45 UTC,signup_completed,android,organic
e_003025,u_003025,s_e_003025,2026-07-23 21:30:12 UTC,signup_completed,web,organic
e_003026,u_003026,s_e_003026,2026-07-23 23:20:01 UTC,signup_completed,android,organic
e_003027,u_003027,s_e_003027,2026-07-23 00:55:18 UTC,signup_completed,web,organic
e_003028,u_003028,s_e_003028,2026-07-23 02:52:01 UTC,signup_completed,ios,organic
e_003029,u_003029,s_e_003029,2026-07-23 19:28:29 UTC,signup_completed,web,organic
e_003030,u_003030,s_e_003030,2026-07-23 16:01:59 UTC,signup_completed,ios,organic
e_003031,u_003031,s_e_003031,2026-07-23 19:31:06 UTC,signup_completed,ios,organic
e_003032,u_003032,s_e_003032,2026-07-23 18:57:10 UTC,signup_completed,web,organic
e_003033,u_003033,s_e_003033,2026-07-23 02:30:21 UTC,signup_completed,android,organic
e_003034,u_003034,s_e_003034,2026-07-23 23:05:18 UTC,signup_completed,web,organic
e_003035,u_003035,s_e_003035,2026-07-23 08:28:48 UTC,signup_completed,web,organic
e_003036,u_003036,s_e_003036,2026-07-23 15:51:40 UTC,signup_completed,ios,organic
e_003037,u_003037,s_e_003037,2026-07-23 00:47:09 UTC,signup_completed,web,organic
e_003038,u_003038,s_e_003038,2026-07-23 05:15:55 UTC,signup_completed,android,organic
e_003039,u_003039,s_e_003039,2026-07-23 17:57:18 UTC,signup_completed,web,organic
e_003040,u_003040,s_e_003040,2026-07-23 05:41:24 UTC,signup_completed,web,organic
e_003041,u_003041,s_e_003041,2026-07-23 15:35:25 UTC,signup_completed,android,paid_search
e_003042,u_003042,s_e_003042,2026-07-23 09:54:04 UTC,signup_completed,android,paid_search
e_003043,u_003043,s_e_003043,2026-07-23 03:27:10 UTC,signup_completed,android,paid_search
e_003044,u_003044,s_e_003044,2026-07-23 04:06:21 UTC,signup_completed,web,paid_search
e_003045,u_003045,s_e_003045,2026-07-23 01:16:34 UTC,signup_completed,ios,paid_search
e_003046,u_003046,s_e_003046,2026-07-23 02:37:14 UTC,signup_completed,ios,paid_search
e_003047,u_003047,s_e_003047,2026-07-23 22:23:01 UTC,signup_completed,ios,paid_search
e_003048,u_003048,s_e_003048,2026-07-23 12:55:21 UTC,signup_completed,android,paid_search
e_003049,u_003049,s_e_003049,2026-07-23 17:54:15 UTC,signup_completed,web,paid_search
e_003050,u_003050,s_e_003050,2026-07-23 10:13:50 UTC,signup_completed,web,paid_search
e_003051,u_003051,s_e_003051,2026-07-23 11:21:35 UTC,signup_completed,android,paid_search
e_003052,u_003052,s_e_003052,2026-07-23 14:04:56 UTC,signup_completed,ios,paid_search
e_003053,u_003053,s_e_003053,2026-07-23 06:51:00 UTC,signup_completed,android,paid_search
e_003054,u_003054,s_e_003054,2026-07-23 08:01:10 UTC,signup_completed,web,paid_search
e_003055,u_003055,s_e_003055,2026-07-23 21:21:08 UTC,signup_completed,ios,paid_search
e_003056,u_003056,s_e_003056,2026-07-23 00:15:32 UTC,signup_completed,ios,paid_search
e_003057,u_003057,s_e_003057,2026-07-23 15:53:53 UTC,signup_completed,ios,paid_search
e_003058,u_003058,s_e_003058,2026-07-23 19:45:39 UTC,signup_completed,android,paid_search
e_003059,u_003059,s_e_003059,2026-07-23 12:32:21 UTC,signup_completed,web,paid_search
e_003060,u_003060,s_e_003060,2026-07-23 17:55:07 UTC,signup_completed,ios,paid_search
e_003061,u_003061,s_e_003061,2026-07-23 15:26:07 UTC,signup_completed,android,paid_search
e_003062,u_003062,s_e_003062,2026-07-23 00:10:03 UTC,signup_completed,android,paid_search
e_003063,u_003063,s_e_003063,2026-07-23 06:35:49 UTC,signup_completed,web,paid_search
e_003064,u_003064,s_e_003064,2026-07-23 19:34:33 UTC,signup_completed,web,paid_search
e_003065,u_003065,s_e_003065,2026-07-23 09:52:13 UTC,signup_completed,android,paid_search
e_003066,u_003066,s_e_003066,2026-07-23 12:07:06 UTC,signup_completed,android,paid_search
e_003067,u_003067,s_e_003067,2026-07-23 22:19:34 UTC,signup_completed,web,paid_search
e_003068,u_003068,s_e_003068,2026-07-23 09:46:39 UTC,signup_completed,web,paid_search
e_003069,u_003069,s_e_003069,2026-07-23 02:42:40 UTC,signup_completed,web,paid_search
e_003070,u_003070,s_e_003070,2026-07-23 13:16:59 UTC,signup_completed,web,push
e_003071,u_003071,s_e_003071,2026-07-23 13:55:07 UTC,signup_completed,web,push
e_003072,u_003072,s_e_003072,2026-07-23 16:13:11 UTC,signup_completed,ios,push
e_003073,u_003073,s_e_003073,2026-07-23 07:02:47 UTC,signup_completed,android,push
e_003074,u_003074,s_e_003074,2026-07-23 13:24:09 UTC,signup_completed,web,push
e_003075,u_003075,s_e_003075,2026-07-23 18:40:29 UTC,signup_completed,web,push
e_003076,u_003076,s_e_003076,2026-07-23 12:08:50 UTC,signup_completed,web,push
e_003077,u_003077,s_e_003077,2026-07-23 20:06:24 UTC,signup_completed,android,push
e_003078,u_003078,s_e_003078,2026-07-23 23:28:20 UTC,signup_completed,android,push
e_003079,u_003079,s_e_003079,2026-07-23 17:08:56 UTC,signup_completed,web,push
e_003080,u_003080,s_e_003080,2026-07-23 20:06:31 UTC,signup_completed,web,push
e_003081,u_003081,s_e_003081,2026-07-23 13:19:43 UTC,signup_completed,ios,push
e_003082,u_003082,s_e_003082,2026-07-23 23:08:30 UTC,signup_completed,android,push
e_003083,u_003083,s_e_003083,2026-07-23 12:32:12 UTC,signup_completed,android,push
e_003084,u_003084,s_e_003084,2026-07-23 15:54:49 UTC,signup_completed,android,push
e_003085,u_003085,s_e_003085,2026-07-23 07:18:12 UTC,signup_completed,android,push
e_003086,u_003086,s_e_003086,2026-07-23 00:12:40 UTC,signup_completed,android,push
e_003087,u_003087,s_e_003087,2026-07-23 23:49:14 UTC,signup_completed,ios,push
e_003088,u_003088,s_e_003088,2026-07-23 10:47:34 UTC,signup_completed,ios,push
e_003089,u_003089,s_e_003089,2026-07-23 03:34:13 UTC,signup_completed,android,push
e_003090,u_003090,s_e_003090,2026-07-23 00:16:40 UTC,signup_completed,android,push
e_003091,u_003091,s_e_003091,2026-07-23 23:50:57 UTC,signup_completed,ios,push
e_003092,u_003092,s_e_003092,2026-07-23 09:54:32 UTC,signup_completed,ios,push
e_003093,u_003093,s_e_003093,2026-07-23 03:48:45 UTC,signup_completed,android,push
e_003094,u_003094,s_e_003094,2026-07-23 03:30:20 UTC,signup_completed,web,push
e_003095,u_003095,s_e_003095,2026-07-23 01:05:16 UTC,signup_completed,android,push
e_003096,u_003096,s_e_003096,2026-07-23 16:56:49 UTC,signup_completed,ios,push
e_003097,u_003097,s_e_003097,2026-07-23 22:57:38 UTC,signup_completed,ios,push
e_003098,u_003098,s_e_003098,2026-07-23 11:13:54 UTC,signup_completed,android,push
e_003099,u_003099,s_e_003099,2026-07-23 16:51:07 UTC,signup_completed,web,email
e_003100,u_003100,s_e_003100,2026-07-23 06:27:34 UTC,signup_completed,ios,email
e_003101,u_003101,s_e_003101,2026-07-23 20:32:59 UTC,signup_completed,ios,email
e_003102,u_003102,s_e_003102,2026-07-23 00:20:13 UTC,signup_completed,web,email
e_003103,u_003103,s_e_003103,2026-07-23 04:32:30 UTC,signup_completed,android,email
e_003104,u_003104,s_e_003104,2026-07-23 19:42:19 UTC,signup_completed,web,email
e_003105,u_003105,s_e_003105,2026-07-23 10:50:16 UTC,signup_completed,web,email
e_003106,u_003106,s_e_003106,2026-07-23 06:57:36 UTC,signup_completed,ios,email
e_003107,u_003107,s_e_003107,2026-07-23 15:30:33 UTC,signup_completed,android,email
e_003108,u_003108,s_e_003108,2026-07-23 11:10:29 UTC,signup_completed,ios,email
e_003109,u_003109,s_e_003109,2026-07-23 16:08:45 UTC,signup_completed,android,email
e_003110,u_003110,s_e_003110,2026-07-23 07:45:23 UTC,signup_completed,web,email
e_003111,u_003111,s_e_003111,2026-07-23 14:29:38 UTC,signup_completed,android,email
e_003112,u_003112,s_e_003112,2026-07-23 00:35:46 UTC,signup_completed,android,email
e_003113,u_003113,s_e_003113,2026-07-23 05:02:53 UTC,signup_completed,ios,email
e_003114,u_003114,s_e_003114,2026-07-23 04:39:22 UTC,signup_completed,android,email
e_003115,u_003115,s_e_003115,2026-07-23 07:09:49 UTC,signup_completed,web,email
e_003116,u_003116,s_e_003116,2026-07-23 09:38:19 UTC,signup_completed,ios,email
e_003117,u_003117,s_e_003117,2026-07-23 19:52:18 UTC,signup_completed,web,email
e_003118,u_003118,s_e_003118,2026-07-23 15:29:14 UTC,signup_completed,web,email
e_003119,u_003119,s_e_003119,2026-07-23 00:41:46 UTC,signup_completed,android,email
e_003120,u_003120,s_e_003120,2026-07-23 22:25:53 UTC,signup_completed,web,email
e_003121,u_003121,s_e_003121,2026-07-23 01:04:02 UTC,signup_completed,web,referral
e_003122,u_003122,s_e_003122,2026-07-23 07:06:16 UTC,signup_completed,web,referral
e_003123,u_003123,s_e_003123,2026-07-23 16:55:08 UTC,signup_completed,web,referral
e_003124,u_003124,s_e_003124,2026-07-23 00:16:39 UTC,signup_completed,web,referral
e_003125,u_003125,s_e_003125,2026-07-23 14:09:38 UTC,signup_completed,android,referral
e_003126,u_003126,s_e_003126,2026-07-23 05:24:12 UTC,signup_completed,android,referral
e_003127,u_003127,s_e_003127,2026-07-23 15:07:55 UTC,signup_completed,ios,referral
e_003128,u_003128,s_e_003128,2026-07-23 00:40:01 UTC,signup_completed,web,referral
e_003129,u_003129,s_e_003129,2026-07-23 17:45:12 UTC,signup_completed,android,referral
e_003130,u_003130,s_e_003130,2026-07-23 08:13:37 UTC,signup_completed,web,referral
e_003131,u_003131,s_e_003131,2026-07-23 12:56:26 UTC,signup_completed,android,referral
e_003132,u_003132,s_e_003132,2026-07-23 21:08:37 UTC,signup_completed,ios,referral
e_003133,u_003133,s_e_003133,2026-07-23 03:34:50 UTC,signup_completed,web,referral
e_003134,u_003134,s_e_003134,2026-07-23 02:11:08 UTC,signup_completed,web,referral
e_003135,u_003135,s_e_003135,2026-07-23 10:06:29 UTC,signup_completed,android,referral
e_003136,u_003136,s_e_003136,2026-07-23 16:59:39 UTC,signup_completed,web,referral
e_003137,u_003137,s_e_003137,2026-07-23 01:07:07 UTC,signup_completed,android,referral
e_003138,u_003138,s_e_003138,2026-07-23 19:43:04 UTC,signup_completed,web,referral
e_003139,u_003139,s_e_003139,2026-07-23 20:58:30 UTC,signup_completed,ios,referral
e_003140,u_003140,s_e_003140,2026-07-23 04:52:05 UTC,signup_completed,android,referral
e_003141,u_003141,s_e_003141,2026-07-23 03:39:28 UTC,signup_completed,web,referral
e_003142,u_003142,s_e_003142,2026-07-23 04:50:29 UTC,signup_completed,web,referral
e_003143,u_003143,s_e_003143,2026-07-24 09:26:59 UTC,signup_completed,android,organic
e_003144,u_003144,s_e_003144,2026-07-24 08:28:54 UTC,signup_completed,android,organic
e_003145,u_003145,s_e_003145,2026-07-24 13:56:16 UTC,signup_completed,web,organic
e_003146,u_003146,s_e_003146,2026-07-24 10:36:18 UTC,signup_completed,ios,organic
e_003147,u_003147,s_e_003147,2026-07-24 02:45:55 UTC,signup_completed,web,organic
e_003148,u_003148,s_e_003148,2026-07-24 15:14:42 UTC,signup_completed,ios,organic
e_003149,u_003149,s_e_003149,2026-07-24 15:29:29 UTC,signup_completed,web,organic
e_003150,u_003150,s_e_003150,2026-07-24 18:01:28 UTC,signup_completed,web,organic
e_003151,u_003151,s_e_003151,2026-07-24 11:39:27 UTC,signup_completed,android,organic
e_003152,u_003152,s_e_003152,2026-07-24 07:46:26 UTC,signup_completed,android,organic
e_003153,u_003153,s_e_003153,2026-07-24 17:31:43 UTC,signup_completed,android,organic
e_003154,u_003154,s_e_003154,2026-07-24 18:55:28 UTC,signup_completed,android,organic
e_003155,u_003155,s_e_003155,2026-07-24 21:06:21 UTC,signup_completed,ios,organic
e_003156,u_003156,s_e_003156,2026-07-24 03:09:43 UTC,signup_completed,web,organic
e_003157,u_003157,s_e_003157,2026-07-24 14:27:08 UTC,signup_completed,ios,organic
e_003158,u_003158,s_e_003158,2026-07-24 01:24:31 UTC,signup_completed,web,organic
e_003159,u_003159,s_e_003159,2026-07-24 04:24:56 UTC,signup_completed,web,organic
e_003160,u_003160,s_e_003160,2026-07-24 00:31:30 UTC,signup_completed,android,organic
e_003161,u_003161,s_e_003161,2026-07-24 00:19:14 UTC,signup_completed,web,organic
e_003162,u_003162,s_e_003162,2026-07-24 21:30:17 UTC,signup_completed,ios,organic
e_003163,u_003163,s_e_003163,2026-07-24 10:22:39 UTC,signup_completed,web,organic
e_003164,u_003164,s_e_003164,2026-07-24 13:58:35 UTC,signup_completed,ios,organic
e_003165,u_003165,s_e_003165,2026-07-24 10:36:45 UTC,signup_completed,ios,organic
e_003166,u_003166,s_e_003166,2026-07-24 09:55:59 UTC,signup_completed,web,organic
e_003167,u_003167,s_e_003167,2026-07-24 21:15:14 UTC,signup_completed,ios,organic
e_003168,u_003168,s_e_003168,2026-07-24 19:04:46 UTC,signup_completed,ios,organic
e_003169,u_003169,s_e_003169,2026-07-24 20:58:44 UTC,signup_completed,android,organic
e_003170,u_003170,s_e_003170,2026-07-24 18:26:44 UTC,signup_completed,android,organic
e_003171,u_003171,s_e_003171,2026-07-24 13:49:23 UTC,signup_completed,web,organic
e_003172,u_003172,s_e_003172,2026-07-24 01:27:53 UTC,signup_completed,ios,organic
e_003173,u_003173,s_e_003173,2026-07-24 07:15:09 UTC,signup_completed,web,organic
e_003174,u_003174,s_e_003174,2026-07-24 07:54:39 UTC,signup_completed,ios,organic
e_003175,u_003175,s_e_003175,2026-07-24 18:40:48 UTC,signup_completed,android,organic
e_003176,u_003176,s_e_003176,2026-07-24 19:18:44 UTC,signup_completed,web,organic
e_003177,u_003177,s_e_003177,2026-07-24 08:19:29 UTC,signup_completed,ios,organic
e_003178,u_003178,s_e_003178,2026-07-24 22:18:07 UTC,signup_completed,ios,organic
e_003179,u_003179,s_e_003179,2026-07-24 19:17:10 UTC,signup_completed,android,organic
e_003180,u_003180,s_e_003180,2026-07-24 11:29:16 UTC,signup_completed,android,organic
e_003181,u_003181,s_e_003181,2026-07-24 06:18:14 UTC,signup_completed,ios,organic
e_003182,u_003182,s_e_003182,2026-07-24 01:01:58 UTC,signup_completed,android,organic
e_003183,u_003183,s_e_003183,2026-07-24 19:39:24 UTC,signup_completed,android,paid_search
e_003184,u_003184,s_e_003184,2026-07-24 01:52:56 UTC,signup_completed,android,paid_search
e_003185,u_003185,s_e_003185,2026-07-24 04:10:59 UTC,signup_completed,web,paid_search
e_003186,u_003186,s_e_003186,2026-07-24 19:07:20 UTC,signup_completed,ios,paid_search
e_003187,u_003187,s_e_003187,2026-07-24 04:01:06 UTC,signup_completed,web,paid_search
e_003188,u_003188,s_e_003188,2026-07-24 10:33:16 UTC,signup_completed,android,paid_search
e_003189,u_003189,s_e_003189,2026-07-24 07:29:26 UTC,signup_completed,web,paid_search
e_003190,u_003190,s_e_003190,2026-07-24 17:35:15 UTC,signup_completed,android,paid_search
e_003191,u_003191,s_e_003191,2026-07-24 13:14:20 UTC,signup_completed,web,paid_search
e_003192,u_003192,s_e_003192,2026-07-24 13:54:03 UTC,signup_completed,web,paid_search
e_003193,u_003193,s_e_003193,2026-07-24 14:49:09 UTC,signup_completed,web,paid_search
e_003194,u_003194,s_e_003194,2026-07-24 11:52:02 UTC,signup_completed,web,paid_search
e_003195,u_003195,s_e_003195,2026-07-24 04:52:18 UTC,signup_completed,web,paid_search
e_003196,u_003196,s_e_003196,2026-07-24 06:21:41 UTC,signup_completed,ios,paid_search
e_003197,u_003197,s_e_003197,2026-07-24 16:13:38 UTC,signup_completed,ios,paid_search
e_003198,u_003198,s_e_003198,2026-07-24 02:34:54 UTC,signup_completed,android,paid_search
e_003199,u_003199,s_e_003199,2026-07-24 23:20:50 UTC,signup_completed,ios,paid_search
e_003200,u_003200,s_e_003200,2026-07-24 09:21:39 UTC,signup_completed,web,paid_search
e_003201,u_003201,s_e_003201,2026-07-24 18:40:50 UTC,signup_completed,ios,paid_search
e_003202,u_003202,s_e_003202,2026-07-24 07:54:13 UTC,signup_completed,android,paid_search
e_003203,u_003203,s_e_003203,2026-07-24 17:56:32 UTC,signup_completed,ios,paid_search
e_003204,u_003204,s_e_003204,2026-07-24 09:30:47 UTC,signup_completed,web,paid_search
e_003205,u_003205,s_e_003205,2026-07-24 15:38:22 UTC,signup_completed,ios,paid_search
e_003206,u_003206,s_e_003206,2026-07-24 14:40:31 UTC,signup_completed,ios,paid_search
e_003207,u_003207,s_e_003207,2026-07-24 11:37:37 UTC,signup_completed,web,paid_search
e_003208,u_003208,s_e_003208,2026-07-24 06:52:23 UTC,signup_completed,ios,paid_search
e_003209,u_003209,s_e_003209,2026-07-24 10:52:53 UTC,signup_completed,android,paid_search
e_003210,u_003210,s_e_003210,2026-07-24 16:19:17 UTC,signup_completed,android,push
e_003211,u_003211,s_e_003211,2026-07-24 05:38:01 UTC,signup_completed,web,push
e_003212,u_003212,s_e_003212,2026-07-24 18:33:10 UTC,signup_completed,ios,push
e_003213,u_003213,s_e_003213,2026-07-24 15:12:02 UTC,signup_completed,android,push
e_003214,u_003214,s_e_003214,2026-07-24 17:44:39 UTC,signup_completed,web,push
e_003215,u_003215,s_e_003215,2026-07-24 04:35:48 UTC,signup_completed,android,push
e_003216,u_003216,s_e_003216,2026-07-24 16:55:55 UTC,signup_completed,web,push
e_003217,u_003217,s_e_003217,2026-07-24 16:05:30 UTC,signup_completed,ios,push
e_003218,u_003218,s_e_003218,2026-07-24 20:17:59 UTC,signup_completed,ios,push
e_003219,u_003219,s_e_003219,2026-07-24 23:06:12 UTC,signup_completed,web,push
e_003220,u_003220,s_e_003220,2026-07-24 17:47:37 UTC,signup_completed,android,push
e_003221,u_003221,s_e_003221,2026-07-24 13:21:34 UTC,signup_completed,ios,push
e_003222,u_003222,s_e_003222,2026-07-24 00:07:07 UTC,signup_completed,android,push
e_003223,u_003223,s_e_003223,2026-07-24 18:13:59 UTC,signup_completed,web,push
e_003224,u_003224,s_e_003224,2026-07-24 04:07:53 UTC,signup_completed,android,push
e_003225,u_003225,s_e_003225,2026-07-24 17:36:01 UTC,signup_completed,ios,push
e_003226,u_003226,s_e_003226,2026-07-24 14:04:50 UTC,signup_completed,web,push
e_003227,u_003227,s_e_003227,2026-07-24 01:06:09 UTC,signup_completed,android,push
e_003228,u_003228,s_e_003228,2026-07-24 20:57:17 UTC,signup_completed,ios,push
e_003229,u_003229,s_e_003229,2026-07-24 23:20:09 UTC,signup_completed,ios,push
e_003230,u_003230,s_e_003230,2026-07-24 13:16:47 UTC,signup_completed,ios,push
e_003231,u_003231,s_e_003231,2026-07-24 09:42:47 UTC,signup_completed,android,push
e_003232,u_003232,s_e_003232,2026-07-24 04:05:27 UTC,signup_completed,android,push
e_003233,u_003233,s_e_003233,2026-07-24 12:51:11 UTC,signup_completed,ios,push
e_003234,u_003234,s_e_003234,2026-07-24 20:07:27 UTC,signup_completed,ios,push
e_003235,u_003235,s_e_003235,2026-07-24 06:14:11 UTC,signup_completed,android,push
e_003236,u_003236,s_e_003236,2026-07-24 19:16:41 UTC,signup_completed,web,push
e_003237,u_003237,s_e_003237,2026-07-24 21:26:52 UTC,signup_completed,ios,email
e_003238,u_003238,s_e_003238,2026-07-24 15:30:41 UTC,signup_completed,android,email
e_003239,u_003239,s_e_003239,2026-07-24 10:56:58 UTC,signup_completed,ios,email
e_003240,u_003240,s_e_003240,2026-07-24 05:43:08 UTC,signup_completed,ios,email
e_003241,u_003241,s_e_003241,2026-07-24 08:35:19 UTC,signup_completed,ios,email
e_003242,u_003242,s_e_003242,2026-07-24 18:07:57 UTC,signup_completed,ios,email
e_003243,u_003243,s_e_003243,2026-07-24 10:09:25 UTC,signup_completed,web,email
e_003244,u_003244,s_e_003244,2026-07-24 05:28:47 UTC,signup_completed,web,email
e_003245,u_003245,s_e_003245,2026-07-24 00:18:23 UTC,signup_completed,android,email
e_003246,u_003246,s_e_003246,2026-07-24 12:58:10 UTC,signup_completed,ios,email
e_003247,u_003247,s_e_003247,2026-07-24 07:31:09 UTC,signup_completed,android,email
e_003248,u_003248,s_e_003248,2026-07-24 09:30:16 UTC,signup_completed,web,email
e_003249,u_003249,s_e_003249,2026-07-24 09:09:35 UTC,signup_completed,android,email
e_003250,u_003250,s_e_003250,2026-07-24 19:29:24 UTC,signup_completed,android,email
e_003251,u_003251,s_e_003251,2026-07-24 00:01:00 UTC,signup_completed,android,email
e_003252,u_003252,s_e_003252,2026-07-24 04:38:56 UTC,signup_completed,web,email
e_003253,u_003253,s_e_003253,2026-07-24 10:04:08 UTC,signup_completed,android,email
e_003254,u_003254,s_e_003254,2026-07-24 16:10:21 UTC,signup_completed,web,email
e_003255,u_003255,s_e_003255,2026-07-24 19:48:10 UTC,signup_completed,web,email
e_003256,u_003256,s_e_003256,2026-07-24 11:11:54 UTC,signup_completed,ios,email
e_003257,u_003257,s_e_003257,2026-07-24 19:23:29 UTC,signup_completed,ios,referral
e_003258,u_003258,s_e_003258,2026-07-24 03:49:48 UTC,signup_completed,web,referral
e_003259,u_003259,s_e_003259,2026-07-24 08:54:24 UTC,signup_completed,android,referral
e_003260,u_003260,s_e_003260,2026-07-24 22:48:17 UTC,signup_completed,ios,referral
e_003261,u_003261,s_e_003261,2026-07-24 13:18:05 UTC,signup_completed,web,referral
e_003262,u_003262,s_e_003262,2026-07-24 19:18:40 UTC,signup_completed,android,referral
e_003263,u_003263,s_e_003263,2026-07-24 15:24:02 UTC,signup_completed,android,referral
e_003264,u_003264,s_e_003264,2026-07-24 17:03:46 UTC,signup_completed,ios,referral
e_003265,u_003265,s_e_003265,2026-07-24 03:19:16 UTC,signup_completed,web,referral
e_003266,u_003266,s_e_003266,2026-07-24 01:37:57 UTC,signup_completed,ios,referral
e_003267,u_003267,s_e_003267,2026-07-24 15:57:01 UTC,signup_completed,android,referral
e_003268,u_003268,s_e_003268,2026-07-24 22:31:31 UTC,signup_completed,android,referral
e_003269,u_003269,s_e_003269,2026-07-24 03:56:57 UTC,signup_completed,web,referral
e_003270,u_003270,s_e_003270,2026-07-24 01:36:30 UTC,signup_completed,ios,referral
e_003271,u_003271,s_e_003271,2026-07-24 06:29:17 UTC,signup_completed,ios,referral
e_003272,u_003272,s_e_003272,2026-07-24 22:24:43 UTC,signup_completed,ios,referral
e_003273,u_003273,s_e_003273,2026-07-24 17:08:02 UTC,signup_completed,ios,referral
e_003274,u_003274,s_e_003274,2026-07-24 23:23:22 UTC,signup_completed,ios,referral
e_003275,u_003275,s_e_003275,2026-07-24 06:21:12 UTC,signup_completed,ios,referral
e_003276,u_003276,s_e_003276,2026-07-24 14:43:58 UTC,signup_completed,ios,referral
e_003277,u_003277,s_e_003277,2026-07-25 15:52:38 UTC,signup_completed,web,organic
e_003278,u_003278,s_e_003278,2026-07-25 05:51:28 UTC,signup_completed,android,organic
e_003279,u_003279,s_e_003279,2026-07-25 21:01:40 UTC,signup_completed,android,organic
e_003280,u_003280,s_e_003280,2026-07-25 02:27:32 UTC,signup_completed,web,organic
e_003281,u_003281,s_e_003281,2026-07-25 22:55:29 UTC,signup_completed,ios,organic
e_003282,u_003282,s_e_003282,2026-07-25 22:41:17 UTC,signup_completed,ios,organic
e_003283,u_003283,s_e_003283,2026-07-25 09:00:42 UTC,signup_completed,android,organic
e_003284,u_003284,s_e_003284,2026-07-25 13:37:26 UTC,signup_completed,android,organic
e_003285,u_003285,s_e_003285,2026-07-25 18:23:07 UTC,signup_completed,web,organic
e_003286,u_003286,s_e_003286,2026-07-25 01:09:49 UTC,signup_completed,ios,organic
e_003287,u_003287,s_e_003287,2026-07-25 13:11:45 UTC,signup_completed,web,organic
e_003288,u_003288,s_e_003288,2026-07-25 00:04:57 UTC,signup_completed,android,organic
e_003289,u_003289,s_e_003289,2026-07-25 17:25:42 UTC,signup_completed,android,organic
e_003290,u_003290,s_e_003290,2026-07-25 14:04:38 UTC,signup_completed,android,organic
e_003291,u_003291,s_e_003291,2026-07-25 22:17:18 UTC,signup_completed,web,organic
e_003292,u_003292,s_e_003292,2026-07-25 05:50:06 UTC,signup_completed,android,organic
e_003293,u_003293,s_e_003293,2026-07-25 00:36:27 UTC,signup_completed,web,organic
e_003294,u_003294,s_e_003294,2026-07-25 13:37:44 UTC,signup_completed,android,organic
e_003295,u_003295,s_e_003295,2026-07-25 03:45:14 UTC,signup_completed,ios,organic
e_003296,u_003296,s_e_003296,2026-07-25 14:48:05 UTC,signup_completed,android,organic
e_003297,u_003297,s_e_003297,2026-07-25 01:42:56 UTC,signup_completed,android,organic
e_003298,u_003298,s_e_003298,2026-07-25 15:33:32 UTC,signup_completed,web,organic
e_003299,u_003299,s_e_003299,2026-07-25 17:38:20 UTC,signup_completed,ios,organic
e_003300,u_003300,s_e_003300,2026-07-25 14:39:44 UTC,signup_completed,web,organic
e_003301,u_003301,s_e_003301,2026-07-25 15:55:42 UTC,signup_completed,android,organic
e_003302,u_003302,s_e_003302,2026-07-25 00:33:16 UTC,signup_completed,android,organic
e_003303,u_003303,s_e_003303,2026-07-25 19:58:19 UTC,signup_completed,ios,organic
e_003304,u_003304,s_e_003304,2026-07-25 02:46:47 UTC,signup_completed,web,organic
e_003305,u_003305,s_e_003305,2026-07-25 18:22:12 UTC,signup_completed,android,organic
e_003306,u_003306,s_e_003306,2026-07-25 21:32:42 UTC,signup_completed,web,paid_search
e_003307,u_003307,s_e_003307,2026-07-25 22:16:09 UTC,signup_completed,android,paid_search
e_003308,u_003308,s_e_003308,2026-07-25 22:29:37 UTC,signup_completed,ios,paid_search
e_003309,u_003309,s_e_003309,2026-07-25 23:12:07 UTC,signup_completed,ios,paid_search
e_003310,u_003310,s_e_003310,2026-07-25 22:28:19 UTC,signup_completed,ios,paid_search
e_003311,u_003311,s_e_003311,2026-07-25 05:30:25 UTC,signup_completed,android,paid_search
e_003312,u_003312,s_e_003312,2026-07-25 04:53:38 UTC,signup_completed,web,paid_search
e_003313,u_003313,s_e_003313,2026-07-25 11:36:36 UTC,signup_completed,web,paid_search
e_003314,u_003314,s_e_003314,2026-07-25 05:54:32 UTC,signup_completed,ios,paid_search
e_003315,u_003315,s_e_003315,2026-07-25 18:29:59 UTC,signup_completed,web,paid_search
e_003316,u_003316,s_e_003316,2026-07-25 17:44:48 UTC,signup_completed,android,paid_search
e_003317,u_003317,s_e_003317,2026-07-25 08:41:21 UTC,signup_completed,web,paid_search
e_003318,u_003318,s_e_003318,2026-07-25 00:30:02 UTC,signup_completed,web,paid_search
e_003319,u_003319,s_e_003319,2026-07-25 05:14:35 UTC,signup_completed,web,paid_search
e_003320,u_003320,s_e_003320,2026-07-25 19:49:30 UTC,signup_completed,ios,paid_search
e_003321,u_003321,s_e_003321,2026-07-25 01:42:38 UTC,signup_completed,web,paid_search
e_003322,u_003322,s_e_003322,2026-07-25 09:00:44 UTC,signup_completed,android,paid_search
e_003323,u_003323,s_e_003323,2026-07-25 14:21:09 UTC,signup_completed,android,paid_search
e_003324,u_003324,s_e_003324,2026-07-25 07:02:22 UTC,signup_completed,android,paid_search
e_003325,u_003325,s_e_003325,2026-07-25 10:56:13 UTC,signup_completed,web,push
e_003326,u_003326,s_e_003326,2026-07-25 13:38:46 UTC,signup_completed,web,push
e_003327,u_003327,s_e_003327,2026-07-25 21:38:01 UTC,signup_completed,web,push
e_003328,u_003328,s_e_003328,2026-07-25 00:50:46 UTC,signup_completed,android,push
e_003329,u_003329,s_e_003329,2026-07-25 22:57:45 UTC,signup_completed,ios,push
e_003330,u_003330,s_e_003330,2026-07-25 04:55:07 UTC,signup_completed,web,push
e_003331,u_003331,s_e_003331,2026-07-25 06:16:14 UTC,signup_completed,web,push
e_003332,u_003332,s_e_003332,2026-07-25 02:15:58 UTC,signup_completed,web,push
e_003333,u_003333,s_e_003333,2026-07-25 04:51:54 UTC,signup_completed,ios,push
e_003334,u_003334,s_e_003334,2026-07-25 09:02:12 UTC,signup_completed,ios,push
e_003335,u_003335,s_e_003335,2026-07-25 16:22:15 UTC,signup_completed,ios,push
e_003336,u_003336,s_e_003336,2026-07-25 09:42:54 UTC,signup_completed,web,push
e_003337,u_003337,s_e_003337,2026-07-25 06:38:05 UTC,signup_completed,web,push
e_003338,u_003338,s_e_003338,2026-07-25 20:32:34 UTC,signup_completed,web,push
e_003339,u_003339,s_e_003339,2026-07-25 15:15:57 UTC,signup_completed,web,push
e_003340,u_003340,s_e_003340,2026-07-25 05:15:36 UTC,signup_completed,web,push
e_003341,u_003341,s_e_003341,2026-07-25 10:39:16 UTC,signup_completed,web,push
e_003342,u_003342,s_e_003342,2026-07-25 21:32:24 UTC,signup_completed,ios,push
e_003343,u_003343,s_e_003343,2026-07-25 06:53:04 UTC,signup_completed,web,push
e_003344,u_003344,s_e_003344,2026-07-25 14:48:21 UTC,signup_completed,web,email
e_003345,u_003345,s_e_003345,2026-07-25 02:06:28 UTC,signup_completed,web,email
e_003346,u_003346,s_e_003346,2026-07-25 17:21:56 UTC,signup_completed,ios,email
e_003347,u_003347,s_e_003347,2026-07-25 08:01:03 UTC,signup_completed,android,email
e_003348,u_003348,s_e_003348,2026-07-25 07:25:51 UTC,signup_completed,web,email
e_003349,u_003349,s_e_003349,2026-07-25 23:58:53 UTC,signup_completed,android,email
e_003350,u_003350,s_e_003350,2026-07-25 07:27:44 UTC,signup_completed,ios,email
e_003351,u_003351,s_e_003351,2026-07-25 01:31:11 UTC,signup_completed,web,email
e_003352,u_003352,s_e_003352,2026-07-25 21:43:42 UTC,signup_completed,web,email
e_003353,u_003353,s_e_003353,2026-07-25 00:32:09 UTC,signup_completed,android,email
e_003354,u_003354,s_e_003354,2026-07-25 11:58:43 UTC,signup_completed,ios,email
e_003355,u_003355,s_e_003355,2026-07-25 06:30:31 UTC,signup_completed,web,email
e_003356,u_003356,s_e_003356,2026-07-25 00:56:21 UTC,signup_completed,web,email
e_003357,u_003357,s_e_003357,2026-07-25 09:50:14 UTC,signup_completed,ios,email
e_003358,u_003358,s_e_003358,2026-07-25 08:27:50 UTC,signup_completed,android,referral
e_003359,u_003359,s_e_003359,2026-07-25 23:48:28 UTC,signup_completed,web,referral
e_003360,u_003360,s_e_003360,2026-07-25 14:42:13 UTC,signup_completed,ios,referral
e_003361,u_003361,s_e_003361,2026-07-25 22:19:56 UTC,signup_completed,ios,referral
e_003362,u_003362,s_e_003362,2026-07-25 04:22:25 UTC,signup_completed,android,referral
e_003363,u_003363,s_e_003363,2026-07-25 17:15:24 UTC,signup_completed,ios,referral
e_003364,u_003364,s_e_003364,2026-07-25 17:02:37 UTC,signup_completed,ios,referral
e_003365,u_003365,s_e_003365,2026-07-25 10:55:34 UTC,signup_completed,web,referral
e_003366,u_003366,s_e_003366,2026-07-25 08:49:34 UTC,signup_completed,web,referral
e_003367,u_003367,s_e_003367,2026-07-25 03:33:41 UTC,signup_completed,ios,referral
e_003368,u_003368,s_e_003368,2026-07-25 08:52:08 UTC,signup_completed,web,referral
e_003369,u_003369,s_e_003369,2026-07-25 21:08:24 UTC,signup_completed,android,referral
e_003370,u_003370,s_e_003370,2026-07-25 06:19:49 UTC,signup_completed,ios,referral
e_003371,u_003371,s_e_003371,2026-07-25 01:57:51 UTC,signup_completed,ios,referral
e_003372,u_003372,s_e_003372,2026-07-26 22:36:38 UTC,signup_completed,android,organic
e_003373,u_003373,s_e_003373,2026-07-26 01:33:19 UTC,signup_completed,ios,organic
e_003374,u_003374,s_e_003374,2026-07-26 13:51:32 UTC,signup_completed,web,organic
e_003375,u_003375,s_e_003375,2026-07-26 09:34:47 UTC,signup_completed,android,organic
e_003376,u_003376,s_e_003376,2026-07-26 14:44:41 UTC,signup_completed,ios,organic
e_003377,u_003377,s_e_003377,2026-07-26 23:36:54 UTC,signup_completed,android,organic
e_003378,u_003378,s_e_003378,2026-07-26 16:49:22 UTC,signup_completed,android,organic
e_003379,u_003379,s_e_003379,2026-07-26 17:17:16 UTC,signup_completed,web,organic
e_003380,u_003380,s_e_003380,2026-07-26 18:47:42 UTC,signup_completed,android,organic
e_003381,u_003381,s_e_003381,2026-07-26 09:00:34 UTC,signup_completed,android,organic
e_003382,u_003382,s_e_003382,2026-07-26 06:50:11 UTC,signup_completed,ios,organic
e_003383,u_003383,s_e_003383,2026-07-26 08:45:15 UTC,signup_completed,android,organic
e_003384,u_003384,s_e_003384,2026-07-26 04:35:40 UTC,signup_completed,web,organic
e_003385,u_003385,s_e_003385,2026-07-26 23:15:00 UTC,signup_completed,ios,organic
e_003386,u_003386,s_e_003386,2026-07-26 10:00:12 UTC,signup_completed,ios,organic
e_003387,u_003387,s_e_003387,2026-07-26 12:55:05 UTC,signup_completed,android,organic
e_003388,u_003388,s_e_003388,2026-07-26 23:27:06 UTC,signup_completed,android,organic
e_003389,u_003389,s_e_003389,2026-07-26 18:42:51 UTC,signup_completed,ios,organic
e_003390,u_003390,s_e_003390,2026-07-26 20:04:19 UTC,signup_completed,ios,organic
e_003391,u_003391,s_e_003391,2026-07-26 15:44:50 UTC,signup_completed,android,organic
e_003392,u_003392,s_e_003392,2026-07-26 09:24:08 UTC,signup_completed,ios,organic
e_003393,u_003393,s_e_003393,2026-07-26 11:24:49 UTC,signup_completed,web,organic
e_003394,u_003394,s_e_003394,2026-07-26 18:44:08 UTC,signup_completed,ios,organic
e_003395,u_003395,s_e_003395,2026-07-26 17:08:26 UTC,signup_completed,ios,organic
e_003396,u_003396,s_e_003396,2026-07-26 12:55:17 UTC,signup_completed,ios,organic
e_003397,u_003397,s_e_003397,2026-07-26 04:28:30 UTC,signup_completed,android,organic
e_003398,u_003398,s_e_003398,2026-07-26 16:52:51 UTC,signup_completed,android,organic
e_003399,u_003399,s_e_003399,2026-07-26 19:02:57 UTC,signup_completed,ios,organic
e_003400,u_003400,s_e_003400,2026-07-26 20:41:00 UTC,signup_completed,web,organic
e_003401,u_003401,s_e_003401,2026-07-26 08:38:32 UTC,signup_completed,web,organic
e_003402,u_003402,s_e_003402,2026-07-26 01:22:47 UTC,signup_completed,ios,organic
e_003403,u_003403,s_e_003403,2026-07-26 07:14:16 UTC,signup_completed,ios,organic
e_003404,u_003404,s_e_003404,2026-07-26 08:12:08 UTC,signup_completed,web,paid_search
e_003405,u_003405,s_e_003405,2026-07-26 16:39:29 UTC,signup_completed,ios,paid_search
e_003406,u_003406,s_e_003406,2026-07-26 02:18:35 UTC,signup_completed,android,paid_search
e_003407,u_003407,s_e_003407,2026-07-26 01:47:55 UTC,signup_completed,ios,paid_search
e_003408,u_003408,s_e_003408,2026-07-26 15:55:28 UTC,signup_completed,ios,paid_search
e_003409,u_003409,s_e_003409,2026-07-26 15:11:37 UTC,signup_completed,web,paid_search
e_003410,u_003410,s_e_003410,2026-07-26 17:34:02 UTC,signup_completed,ios,paid_search
e_003411,u_003411,s_e_003411,2026-07-26 16:45:47 UTC,signup_completed,web,paid_search
e_003412,u_003412,s_e_003412,2026-07-26 12:30:03 UTC,signup_completed,android,paid_search
e_003413,u_003413,s_e_003413,2026-07-26 05:15:19 UTC,signup_completed,ios,paid_search
e_003414,u_003414,s_e_003414,2026-07-26 08:14:08 UTC,signup_completed,web,paid_search
e_003415,u_003415,s_e_003415,2026-07-26 21:43:45 UTC,signup_completed,web,paid_search
e_003416,u_003416,s_e_003416,2026-07-26 13:41:52 UTC,signup_completed,android,paid_search
e_003417,u_003417,s_e_003417,2026-07-26 04:38:40 UTC,signup_completed,web,paid_search
e_003418,u_003418,s_e_003418,2026-07-26 03:54:09 UTC,signup_completed,ios,paid_search
e_003419,u_003419,s_e_003419,2026-07-26 21:54:21 UTC,signup_completed,web,paid_search
e_003420,u_003420,s_e_003420,2026-07-26 07:52:23 UTC,signup_completed,android,paid_search
e_003421,u_003421,s_e_003421,2026-07-26 20:22:49 UTC,signup_completed,android,paid_search
e_003422,u_003422,s_e_003422,2026-07-26 05:25:01 UTC,signup_completed,ios,paid_search
e_003423,u_003423,s_e_003423,2026-07-26 18:52:04 UTC,signup_completed,android,paid_search
e_003424,u_003424,s_e_003424,2026-07-26 12:15:49 UTC,signup_completed,android,paid_search
e_003425,u_003425,s_e_003425,2026-07-26 08:19:43 UTC,signup_completed,ios,push
e_003426,u_003426,s_e_003426,2026-07-26 15:07:56 UTC,signup_completed,web,push
e_003427,u_003427,s_e_003427,2026-07-26 16:53:07 UTC,signup_completed,ios,push
e_003428,u_003428,s_e_003428,2026-07-26 13:21:33 UTC,signup_completed,web,push
e_003429,u_003429,s_e_003429,2026-07-26 20:31:00 UTC,signup_completed,android,push
e_003430,u_003430,s_e_003430,2026-07-26 16:05:56 UTC,signup_completed,ios,push
e_003431,u_003431,s_e_003431,2026-07-26 00:49:26 UTC,signup_completed,web,push
e_003432,u_003432,s_e_003432,2026-07-26 12:04:49 UTC,signup_completed,android,push
e_003433,u_003433,s_e_003433,2026-07-26 10:19:11 UTC,signup_completed,android,push
e_003434,u_003434,s_e_003434,2026-07-26 12:11:21 UTC,signup_completed,ios,push
e_003435,u_003435,s_e_003435,2026-07-26 23:53:20 UTC,signup_completed,web,push
e_003436,u_003436,s_e_003436,2026-07-26 15:03:25 UTC,signup_completed,web,push
e_003437,u_003437,s_e_003437,2026-07-26 08:08:34 UTC,signup_completed,web,push
e_003438,u_003438,s_e_003438,2026-07-26 21:44:54 UTC,signup_completed,ios,push
e_003439,u_003439,s_e_003439,2026-07-26 15:55:02 UTC,signup_completed,ios,push
e_003440,u_003440,s_e_003440,2026-07-26 08:31:21 UTC,signup_completed,ios,push
e_003441,u_003441,s_e_003441,2026-07-26 22:01:07 UTC,signup_completed,web,push
e_003442,u_003442,s_e_003442,2026-07-26 15:50:53 UTC,signup_completed,android,push
e_003443,u_003443,s_e_003443,2026-07-26 16:24:35 UTC,signup_completed,android,push
e_003444,u_003444,s_e_003444,2026-07-26 21:30:08 UTC,signup_completed,android,push
e_003445,u_003445,s_e_003445,2026-07-26 21:00:39 UTC,signup_completed,android,push
e_003446,u_003446,s_e_003446,2026-07-26 04:58:26 UTC,signup_completed,android,email
e_003447,u_003447,s_e_003447,2026-07-26 18:39:27 UTC,signup_completed,android,email
e_003448,u_003448,s_e_003448,2026-07-26 05:30:26 UTC,signup_completed,web,email
e_003449,u_003449,s_e_003449,2026-07-26 01:17:42 UTC,signup_completed,android,email
e_003450,u_003450,s_e_003450,2026-07-26 17:21:45 UTC,signup_completed,android,email
e_003451,u_003451,s_e_003451,2026-07-26 21:12:41 UTC,signup_completed,ios,email
e_003452,u_003452,s_e_003452,2026-07-26 16:40:34 UTC,signup_completed,web,email
e_003453,u_003453,s_e_003453,2026-07-26 15:16:26 UTC,signup_completed,ios,email
e_003454,u_003454,s_e_003454,2026-07-26 05:17:48 UTC,signup_completed,ios,email
e_003455,u_003455,s_e_003455,2026-07-26 23:37:19 UTC,signup_completed,web,email
e_003456,u_003456,s_e_003456,2026-07-26 00:24:23 UTC,signup_completed,ios,email
e_003457,u_003457,s_e_003457,2026-07-26 12:24:17 UTC,signup_completed,web,email
e_003458,u_003458,s_e_003458,2026-07-26 23:34:36 UTC,signup_completed,android,email
e_003459,u_003459,s_e_003459,2026-07-26 08:39:25 UTC,signup_completed,web,email
e_003460,u_003460,s_e_003460,2026-07-26 18:20:46 UTC,signup_completed,ios,email
e_003461,u_003461,s_e_003461,2026-07-26 00:22:04 UTC,signup_completed,web,email
e_003462,u_003462,s_e_003462,2026-07-26 03:37:42 UTC,signup_completed,android,referral
e_003463,u_003463,s_e_003463,2026-07-26 11:53:42 UTC,signup_completed,android,referral
e_003464,u_003464,s_e_003464,2026-07-26 23:02:57 UTC,signup_completed,android,referral
e_003465,u_003465,s_e_003465,2026-07-26 12:19:17 UTC,signup_completed,ios,referral
e_003466,u_003466,s_e_003466,2026-07-26 07:23:10 UTC,signup_completed,web,referral
e_003467,u_003467,s_e_003467,2026-07-26 14:15:04 UTC,signup_completed,android,referral
e_003468,u_003468,s_e_003468,2026-07-26 22:54:14 UTC,signup_completed,web,referral
e_003469,u_003469,s_e_003469,2026-07-26 03:31:11 UTC,signup_completed,android,referral
e_003470,u_003470,s_e_003470,2026-07-26 16:20:41 UTC,signup_completed,android,referral
e_003471,u_003471,s_e_003471,2026-07-26 23:55:51 UTC,signup_completed,ios,referral
e_003472,u_003472,s_e_003472,2026-07-26 18:54:12 UTC,signup_completed,web,referral
e_003473,u_003473,s_e_003473,2026-07-26 19:28:38 UTC,signup_completed,ios,referral
e_003474,u_003474,s_e_003474,2026-07-26 16:17:19 UTC,signup_completed,android,referral
e_003475,u_003475,s_e_003475,2026-07-26 16:20:55 UTC,signup_completed,ios,referral
e_003476,u_003476,s_e_003476,2026-07-26 23:36:24 UTC,signup_completed,ios,referral
e_003477,u_003477,s_e_003477,2026-07-26 04:11:57 UTC,signup_completed,android,referral
