attempt_id,event_id,user_id,ts,status,amount_cents
pa_000001,e_000001,u_000001,2026-06-29 19:02:53 UTC,succeeded,1999
pa_000002,e_000002,u_000002,2026-06-29 16:13:08 UTC,succeeded,1999
pa_000003,e_000003,u_000003,2026-06-29 03:38:55 UTC,succeeded,1999
pa_000004,e_000004,u_000004,2026-06-29 04:02:36 UTC,succeeded,1999
pa_000005,e_000005,u_000005,2026-06-29 20:34:49 UTC,succeeded,1999
pa_000006,e_000006,u_000006,2026-06-29 19:52:17 UTC,succeeded,1999
pa_000007,e_000007,u_000007,2026-06-29 23:45:37 UTC,succeeded,1999
pa_000008,e_000008,u_000008,2026-06-29 17:18:07 UTC,succeeded,1999
pa_000009,e_000009,u_000009,2026-06-29 09:22:58 UTC,succeeded,1999
pa_000010,e_000010,u_000010,2026-06-29 05:50:16 UTC,succeeded,1999
pa_000011,e_000011,u_000011,2026-06-29 07:28:53 UTC,succeeded,1999
pa_000012,e_000012,u_000012,2026-06-29 03:46:25 UTC,succeeded,1999
pa_000013,e_000013,u_000013,2026-06-29 20:08:23 UTC,succeeded,1999
pa_000014,e_000014,u_000014,2026-06-29 22:48:30 UTC,succeeded,1999
pa_000015,e_000015,u_000015,2026-06-29 15:19:39 UTC,succeeded,1999
pa_000016,e_000016,u_000016,2026-06-29 07:45:29 UTC,succeeded,1999
pa_000017,e_000017,u_000017,2026-06-29 18:52:19 UTC,succeeded,1999
pa_000018,e_000018,u_000018,2026-06-29 20:53:50 UTC,succeeded,1999
pa_000019,e_000019,u_000019,2026-06-29 03:32:11 UTC,succeeded,1999
pa_000020,e_000020,u_000020,2026-06-29 21:58:03 UTC,succeeded,1999
pa_000021,e_000021,u_000021,2026-06-29 17:42:18 UTC,succeeded,1999
pa_000022,e_000022,u_000022,2026-06-29 22:35:47 UTC,succeeded,1999
pa_000023,e_000023,u_000023,2026-06-29 18:32:22 UTC,succeeded,1999
pa_000024,e_000024,u_000024,2026-06-29 23:43:22 UTC,succeeded,1999
pa_000025,e_000025,u_000025,2026-06-29 00:43:56 UTC,succeeded,1999
pa_000026,e_000026,u_000026,2026-06-29 07:15:34 UTC,succeeded,1999
pa_000027,e_000027,u_000027,2026-06-29 22:19:44 UTC,succeeded,1999
pa_000028,e_000028,u_000028,2026-06-29 03:57:28 UTC,succeeded,1999
pa_000029,e_000029,u_000029,2026-06-29 04:32:11 UTC,succeeded,1999
pa_000030,e_000030,u_000030,2026-06-29 00:27:17 UTC,succeeded,1999
pa_000031,e_000031,u_000031,2026-06-29 06:20:31 UTC,succeeded,1999
pa_000032,e_000032,u_000032,2026-06-29 17:05:47 UTC,succeeded,1999
pa_000033,e_000033,u_000033,2026-06-29 03:58:54 UTC,succeeded,1999
pa_000034,e_000034,u_000034,2026-06-29 15:07:20 UTC,succeeded,1999
pa_000035,e_000035,u_000035,2026-06-29 11:04:17 UTC,succeeded,1999
pa_000036,e_000036,u_000036,2026-06-29 23:09:03 UTC,succeeded,1999
pa_000037,e_000037,u_000037,2026-06-29 21:24:55 UTC,succeeded,1999
pa_000038,e_000038,u_000038,2026-06-29 02:10:04 UTC,succeeded,1999
pa_000039,e_000039,u_000039,2026-06-29 07:33:10 UTC,succeeded,1999
pa_000040,e_000040,u_000040,2026-06-29 00:56:06 UTC,succeeded,1999
pa_000041,e_000041,u_000041,2026-06-29 03:04:31 UTC,succeeded,1999
pa_000042,e_000042,u_000042,2026-06-29 02:45:18 UTC,succeeded,1999
pa_000043,e_000043,u_000043,2026-06-29 05:34:09 UTC,succeeded,1999
pa_000044,e_000044,u_000044,2026-06-29 18:46:04 UTC,succeeded,1999
pa_000045,e_000045,u_000045,2026-06-29 17:53:12 UTC,succeeded,1999
pa_000046,e_000046,u_000046,2026-06-29 01:40:50 UTC,succeeded,1999
pa_000047,e_000047,u_000047,2026-06-29 03:32:08 UTC,succeeded,1999
pa_000048,e_000048,u_000048,2026-06-29 16:19:52 UTC,succeeded,1999
pa_000049,e_000049,u_000049,2026-06-29 02:32:50 UTC,succeeded,1999
pa_000050,e_000050,u_000050,2026-06-29 03:27:03 UTC,succeeded,1999
pa_000051,e_000051,u_000051,2026-06-29 14:40:17 UTC,succeeded,1999
pa_000052,e_000052,u_000052,2026-06-29 09:08:51 UTC,succeeded,1999
pa_000053,e_000053,u_000053,2026-06-29 14:04:21 UTC,succeeded,1999
pa_000054,e_000054,u_000054,2026-06-29 15:36:28 UTC,succeeded,1999
pa_000055,e_000055,u_000055,2026-06-29 14:47:38 UTC,succeeded,1999
pa_000056,e_000056,u_000056,2026-06-29 20:25:56 UTC,succeeded,1999
pa_000057,e_000057,u_000057,2026-06-29 04:59:36 UTC,succeeded,1999
pa_000058,e_000058,u_000058,2026-06-29 13:52:42 UTC,succeeded,1999
pa_000059,e_000059,u_000059,2026-06-29 08:39:29 UTC,succeeded,1999
pa_000060,e_000060,u_000060,2026-06-29 10:58:04 UTC,succeeded,1999
pa_000061,e_000061,u_000061,2026-06-29 22:45:07 UTC,succeeded,1999
pa_000062,e_000062,u_000062,2026-06-29 20:00:28 UTC,succeeded,1999
pa_000063,e_000063,u_000063,2026-06-29 08:07:37 UTC,succeeded,1999
pa_000064,e_000064,u_000064,2026-06-29 21:32:00 UTC,succeeded,1999
pa_000065,e_000065,u_000065,2026-06-29 12:28:55 UTC,succeeded,1999
pa_000066,e_000066,u_000066,2026-06-29 18:25:21 UTC,succeeded,1999
pa_000067,e_000067,u_000067,2026-06-29 17:27:01 UTC,succeeded,1999
pa_000068,e_000068,u_000068,2026-06-29 23:29:31 UTC,succeeded,1999
pa_000069,e_000069,u_000069,2026-06-29 19:33:53 UTC,succeeded,1999
pa_000070,e_000070,u_000070,2026-06-29 12:57:42 UTC,succeeded,1999
pa_000071,e_000071,u_000071,2026-06-29 16:08:43 UTC,succeeded,1999
pa_000072,e_000072,u_000072,2026-06-29 04:43:44 UTC,succeeded,1999
pa_000073,e_000073,u_000073,2026-06-29 16:42:55 UTC,succeeded,1999
pa_000074,e_000074,u_000074,2026-06-29 03:21:35 UTC,succeeded,1999
pa_000075,e_000075,u_000075,2026-06-29 15:36:06 UTC,succeeded,1999
pa_000076,e_000076,u_000076,2026-06-29 13:30:57 UTC,succeeded,1999
pa_000077,e_000077,u_000077,2026-06-29 12:33:11 UTC,succeeded,1999
pa_000078,e_000078,u_000078,2026-06-29 00:03:42 UTC,succeeded,1999
pa_000079,e_000079,u_000079,2026-06-29 15:35:13 UTC,succeeded,1999
pa_000080,e_000080,u_000080,2026-06-29 23:43:34 UTC,succeeded,1999
pa_000081,e_000081,u_000081,2026-06-29 19:11:52 UTC,succeeded,1999
pa_000082,e_000082,u_000082,2026-06-29 10:44:46 UTC,succeeded,1999
pa_000083,e_000083,u_000083,2026-06-29 13:29:34 UTC,succeeded,1999
pa_000084,e_000084,u_000084,2026-06-29 22:09:05 UTC,succeeded,1999
pa_000085,e_000085,u_000085,2026-06-29 00:34:56 UTC,succeeded,1999
pa_000086,e_000086,u_000086,2026-06-29 19:03:00 UTC,succeeded,1999
pa_000087,e_000087,u_000087,2026-06-29 06:14:59 UTC,succeeded,1999
pa_000088,e_000088,u_000088,2026-06-29 17:49:19 UTC,succeeded,1999
pa_000089,e_000089,u_000089,2026-06-29 18:07:52 UTC,succeeded,1999
pa_000090,e_000090,u_000090,2026-06-29 01:49:08 UTC,succeeded,1999
pa_000091,e_000091,u_000091,2026-06-29 15:00:47 UTC,succeeded,1999
pa_000092,e_000092,u_000092,2026-06-29 17:44:36 UTC,succeeded,1999
pa_000093,e_000093,u_000093,2026-06-29 17:10:48 UTC,succeeded,1999
pa_000094,e_000094,u_000094,2026-06-29 23:32:39 UTC,succeeded,1999
pa_000095,e_000095,u_000095,2026-06-29 07:10:50 UTC,succeeded,1999
pa_000096,e_000096,u_000096,2026-06-29 07:05:32 UTC,succeeded,1999
pa_000097,e_000097,u_000097,2026-06-29 21:04:35 UTC,succeeded,1999
pa_000098,e_000098,u_000098,2026-06-29 15:47:39 UTC,succeeded,1999
pa_000099,e_000099,u_000099,2026-06-29 04:01:00 UTC,succeeded,1999
pa_000100,e_000100,u_000100,2026-06-29 19:30:39 UTC,succeeded,1999
pa_000101,e_000101,u_000101,2026-06-29 19:45:05 UTC,succeeded,1999
pa_000102,e_000102,u_000102,2026-06-29 04:23:51 UTC,succeeded,1999
pa_000103,e_000103,u_000103,2026-06-29 15:25:20 UTC,succeeded,1999
pa_000104,e_000104,u_000104,2026-06-29 19:00:38 UTC,succeeded,1999
pa_000105,e_000105,u_000105,2026-06-29 18:14:44 UTC,succeeded,1999
pa_000106,e_000106,u_000106,2026-06-29 00:31:08 UTC,succeeded,1999
pa_000107,e_000107,u_000107,2026-06-29 14:58:55 UTC,succeeded,1999
pa_000108,e_000108,u_000108,2026-06-29 01:09:00 UTC,succeeded,1999
pa_000109,e_000109,u_000109,2026-06-29 05:57:33 UTC,succeeded,1999
pa_000110,e_000110,u_000110,2026-06-29 05:24:52 UTC,succeeded,1999
pa_000111,e_000111,u_000111,2026-06-29 07:29:48 UTC,succeeded,1999
pa_000112,e_000112,u_000112,2026-06-29 05:19:28 UTC,succeeded,1999
pa_000113,e_000113,u_000113,2026-06-29 23:51:44 UTC,succeeded,1999
pa_000114,e_000114,u_000114,2026-06-29 04:49:33 UTC,succeeded,1999
pa_000115,e_000115,u_000115,2026-06-29 23:02:24 UTC,succeeded,1999
pa_000116,e_000116,u_000116,2026-06-29 17:05:40 UTC,succeeded,1999
pa_000117,e_000117,u_000117,2026-06-29 22:04:55 UTC,succeeded,1999
pa_000118,e_000118,u_000118,2026-06-29 01:54:37 UTC,succeeded,1999
pa_000119,e_000119,u_000119,2026-06-29 20:16:04 UTC,succeeded,1999
pa_000120,e_000120,u_000120,2026-06-29 22:42:13 UTC,succeeded,1999
pa_000121,e_000121,u_000121,2026-06-29 23:04:12 UTC,succeeded,1999
pa_000122,e_000122,u_000122,2026-06-29 05:42:43 UTC,succeeded,1999
pa_000123,e_000123,u_000123,2026-06-29 01:03:36 UTC,succeeded,1999
pa_000124,e_000124,u_000124,2026-06-29 09:13:27 UTC,succeeded,1999
pa_000125,e_000125,u_000125,2026-06-29 14:32:32 UTC,succeeded,1999
pa_000126,e_000126,u_000126,2026-06-29 03:22:53 UTC,succeeded,1999
pa_000127,e_000127,u_000127,2026-06-29 20:04:25 UTC,succeeded,1999
pa_000128,e_000128,u_000128,2026-06-29 02:33:12 UTC,succeeded,1999
pa_000129,e_000129,u_000129,2026-06-29 05:04:01 UTC,succeeded,1999
pa_000130,e_000130,u_000130,2026-06-29 15:36:51 UTC,succeeded,1999
pa_000131,e_000131,u_000131,2026-06-29 03:06:32 UTC,succeeded,1999
pa_000132,e_000132,u_000132,2026-06-29 22:53:13 UTC,succeeded,1999
pa_000133,e_000133,u_000133,2026-06-29 04:07:32 UTC,succeeded,1999
pa_000134,e_000134,u_000134,2026-06-29 02:43:56 UTC,succeeded,1999
pa_000135,e_000135,u_000135,2026-06-29 23:34:16 UTC,succeeded,1999
pa_000136,e_000136,u_000136,2026-06-29 23:17:45 UTC,succeeded,1999
pa_000137,e_000137,u_000137,2026-06-29 09:20:42 UTC,succeeded,1999
pa_000138,e_000138,u_000138,2026-06-29 19:55:32 UTC,succeeded,1999
pa_000139,e_000139,u_000139,2026-06-29 13:45:09 UTC,succeeded,1999
pa_000140,e_000140,u_000140,2026-06-29 16:26:10 UTC,succeeded,1999
pa_000141,e_000141,u_000141,2026-06-30 10:52:05 UTC,succeeded,1999
pa_000142,e_000142,u_000142,2026-06-30 06:02:45 UTC,succeeded,1999
pa_000143,e_000143,u_000143,2026-06-30 10:03:20 UTC,succeeded,1999
pa_000144,e_000144,u_000144,2026-06-30 09:02:13 UTC,succeeded,1999
pa_000145,e_000145,u_000145,2026-06-30 19:05:05 UTC,succeeded,1999
pa_000146,e_000146,u_000146,2026-06-30 15:05:36 UTC,succeeded,1999
pa_000147,e_000147,u_000147,2026-06-30 02:53:06 UTC,succeeded,1999
pa_000148,e_000148,u_000148,2026-06-30 20:44:45 UTC,succeeded,1999
pa_000149,e_000149,u_000149,2026-06-30 13:36:21 UTC,succeeded,1999
pa_000150,e_000150,u_000150,2026-06-30 07:15:37 UTC,succeeded,1999
pa_000151,e_000151,u_000151,2026-06-30 15:12:53 UTC,succeeded,1999
pa_000152,e_000152,u_000152,2026-06-30 00:53:00 UTC,succeeded,1999
pa_000153,e_000153,u_000153,2026-06-30 08:39:54 UTC,succeeded,1999
pa_000154,e_000154,u_000154,2026-06-30 21:51:48 UTC,succeeded,1999
pa_000155,e_000155,u_000155,2026-06-30 20:35:12 UTC,succeeded,1999
pa_000156,e_000156,u_000156,2026-06-30 18:56:13 UTC,succeeded,1999
pa_000157,e_000157,u_000157,2026-06-30 23:08:37 UTC,succeeded,1999
pa_000158,e_000158,u_000158,2026-06-30 19:10:01 UTC,succeeded,1999
pa_000159,e_000159,u_000159,2026-06-30 02:10:40 UTC,succeeded,1999
pa_000160,e_000160,u_000160,2026-06-30 11:26:13 UTC,succeeded,1999
pa_000161,e_000161,u_000161,2026-06-30 14:30:50 UTC,succeeded,1999
pa_000162,e_000162,u_000162,2026-06-30 12:12:37 UTC,succeeded,1999
pa_000163,e_000163,u_000163,2026-06-30 14:55:36 UTC,succeeded,1999
pa_000164,e_000164,u_000164,2026-06-30 13:54:41 UTC,succeeded,1999
pa_000165,e_000165,u_000165,2026-06-30 18:58:34 UTC,succeeded,1999
pa_000166,e_000166,u_000166,2026-06-30 02:27:14 UTC,succeeded,1999
pa_000167,e_000167,u_000167,2026-06-30 08:08:21 UTC,succeeded,1999
pa_000168,e_000168,u_000168,2026-06-30 15:03:36 UTC,succeeded,1999
pa_000169,e_000169,u_000169,2026-06-30 08:04:44 UTC,succeeded,1999
pa_000170,e_000170,u_000170,2026-06-30 08:30:07 UTC,succeeded,1999
pa_000171,e_000171,u_000171,2026-06-30 17:01:01 UTC,succeeded,1999
pa_000172,e_000172,u_000172,2026-06-30 17:20:58 UTC,succeeded,1999
pa_000173,e_000173,u_000173,2026-06-30 20:46:00 UTC,succeeded,1999
pa_000174,e_000174,u_000174,2026-06-30 15:30:36 UTC,succeeded,1999
pa_000175,e_000175,u_000175,2026-06-30 19:15:21 UTC,succeeded,1999
pa_000176,e_000176,u_000176,2026-06-30 23:16:11 UTC,succeeded,1999
pa_000177,e_000177,u_000177,2026-06-30 04:33:47 UTC,succeeded,1999
pa_000178,e_000178,u_000178,2026-06-30 15:08:26 UTC,succeeded,1999
pa_000179,e_000179,u_000179,2026-06-30 19:04:54 UTC,succeeded,1999
pa_000180,e_000180,u_000180,2026-06-30 18:25:46 UTC,succeeded,1999
pa_000181,e_000181,u_000181,2026-06-30 09:38:05 UTC,succeeded,1999
pa_000182,e_000182,u_000182,2026-06-30 17:24:46 UTC,succeeded,1999
pa_000183,e_000183,u_000183,2026-06-30 10:57:07 UTC,succeeded,1999
pa_000184,e_000184,u_000184,2026-06-30 19:13:37 UTC,succeeded,1999
pa_000185,e_000185,u_000185,2026-06-30 14:55:06 UTC,succeeded,1999
pa_000186,e_000186,u_000186,2026-06-30 08:56:01 UTC,succeeded,1999
pa_000187,e_000187,u_000187,2026-06-30 05:54:00 UTC,succeeded,1999
pa_000188,e_000188,u_000188,2026-06-30 22:52:23 UTC,succeeded,1999
pa_000189,e_000189,u_000189,2026-06-30 09:11:37 UTC,succeeded,1999
pa_000190,e_000190,u_000190,2026-06-30 05:33:39 UTC,succeeded,1999
pa_000191,e_000191,u_000191,2026-06-30 22:43:54 UTC,succeeded,1999
pa_000192,e_000192,u_000192,2026-06-30 14:15:13 UTC,succeeded,1999
pa_000193,e_000193,u_000193,2026-06-30 01:07:00 UTC,succeeded,1999
pa_000194,e_000194,u_000194,2026-06-30 23:55:55 UTC,succeeded,1999
pa_000195,e_000195,u_000195,2026-06-30 18:50:25 UTC,succeeded,1999
pa_000196,e_000196,u_000196,2026-06-30 05:24:08 UTC,succeeded,1999
pa_000197,e_000197,u_000197,2026-06-30 07:09:57 UTC,succeeded,1999
pa_000198,e_000198,u_000198,2026-06-30 08:32:10 UTC,succeeded,1999
pa_000199,e_000199,u_000199,2026-06-30 12:59:41 UTC,succeeded,1999
pa_000200,e_000200,u_000200,2026-06-30 11:03:54 UTC,succeeded,1999
pa_000201,e_000201,u_000201,2026-06-30 11:54:57 UTC,succeeded,1999
pa_000202,e_000202,u_000202,2026-06-30 12:08:51 UTC,succeeded,1999
pa_000203,e_000203,u_000203,2026-06-30 11:13:14 UTC,succeeded,1999
pa_000204,e_000204,u_000204,2026-06-30 18:46:34 UTC,succeeded,1999
pa_000205,e_000205,u_000205,2026-06-30 05:54:45 UTC,succeeded,1999
pa_000206,e_000206,u_000206,2026-06-30 10:17:17 UTC,succeeded,1999
pa_000207,e_000207,u_000207,2026-06-30 09:11:28 UTC,succeeded,1999
pa_000208,e_000208,u_000208,2026-06-30 07:49:51 UTC,succeeded,1999
pa_000209,e_000209,u_000209,2026-06-30 02:17:23 UTC,succeeded,1999
pa_000210,e_000210,u_000210,2026-06-30 12:50:37 UTC,succeeded,1999
pa_000211,e_000211,u_000211,2026-06-30 21:24:57 UTC,succeeded,1999
pa_000212,e_000212,u_000212,2026-06-30 16:35:53 UTC,succeeded,1999
pa_000213,e_000213,u_000213,2026-06-30 14:54:19 UTC,succeeded,1999
pa_000214,e_000214,u_000214,2026-06-30 04:57:44 UTC,succeeded,1999
pa_000215,e_000215,u_000215,2026-06-30 00:15:02 UTC,succeeded,1999
pa_000216,e_000216,u_000216,2026-06-30 05:08:22 UTC,succeeded,1999
pa_000217,e_000217,u_000217,2026-06-30 02:37:24 UTC,succeeded,1999
pa_000218,e_000218,u_000218,2026-06-30 23:10:41 UTC,succeeded,1999
pa_000219,e_000219,u_000219,2026-06-30 17:35:54 UTC,succeeded,1999
pa_000220,e_000220,u_000220,2026-06-30 13:07:20 UTC,succeeded,1999
pa_000221,e_000221,u_000221,2026-06-30 19:23:36 UTC,succeeded,1999
pa_000222,e_000222,u_000222,2026-06-30 10:51:39 UTC,succeeded,1999
pa_000223,e_000223,u_000223,2026-06-30 19:36:22 UTC,succeeded,1999
pa_000224,e_000224,u_000224,2026-06-30 07:45:42 UTC,succeeded,1999
pa_000225,e_000225,u_000225,2026-06-30 14:09:37 UTC,succeeded,1999
pa_000226,e_000226,u_000226,2026-06-30 06:07:05 UTC,succeeded,1999
pa_000227,e_000227,u_000227,2026-06-30 14:44:50 UTC,succeeded,1999
pa_000228,e_000228,u_000228,2026-06-30 19:45:36 UTC,succeeded,1999
pa_000229,e_000229,u_000229,2026-06-30 20:23:43 UTC,succeeded,1999
pa_000230,e_000230,u_000230,2026-06-30 12:45:44 UTC,succeeded,1999
pa_000231,e_000231,u_000231,2026-06-30 11:24:14 UTC,succeeded,1999
pa_000232,e_000232,u_000232,2026-06-30 04:41:14 UTC,succeeded,1999
pa_000233,e_000233,u_000233,2026-06-30 18:50:52 UTC,succeeded,1999
pa_000234,e_000234,u_000234,2026-06-30 15:37:10 UTC,succeeded,1999
pa_000235,e_000235,u_000235,2026-06-30 16:02:42 UTC,succeeded,1999
pa_000236,e_000236,u_000236,2026-06-30 18:43:49 UTC,succeeded,1999
pa_000237,e_000237,u_000237,2026-06-30 05:54:02 UTC,succeeded,1999
pa_000238,e_000238,u_000238,2026-06-30 01:58:43 UTC,succeeded,1999
pa_000239,e_000239,u_000239,2026-06-30 06:38:53 UTC,succeeded,1999
pa_000240,e_000240,u_000240,2026-06-30 06:20:46 UTC,succeeded,1999
pa_000241,e_000241,u_000241,2026-06-30 05:47:39 UTC,succeeded,1999
pa_000242,e_000242,u_000242,2026-06-30 21:18:44 UTC,succeeded,1999
pa_000243,e_000243,u_000243,2026-07-01 08:44:11 UTC,succeeded,1999
pa_000244,e_000244,u_000244,2026-07-01 00:37:46 UTC,succeeded,1999
pa_000245,e_000245,u_000245,2026-07-01 05:27:35 UTC,succeeded,1999
pa_000246,e_000246,u_000246,2026-07-01 03:31:13 UTC,succeeded,1999
pa_000247,e_000247,u_000247,2026-07-01 03:57:19 UTC,succeeded,1999
pa_000248,e_000248,u_000248,2026-07-01 10:05:33 UTC,succeeded,1999
pa_000249,e_000249,u_000249,2026-07-01 00:25:17 UTC,succeeded,1999
pa_000250,e_000250,u_000250,2026-07-01 03:39:25 UTC,succeeded,1999
pa_000251,e_000251,u_000251,2026-07-01 15:02:59 UTC,succeeded,1999
pa_000252,e_000252,u_000252,2026-07-01 04:13:45 UTC,succeeded,1999
pa_000253,e_000253,u_000253,2026-07-01 10:02:54 UTC,succeeded,1999
pa_000254,e_000254,u_000254,2026-07-01 01:26:03 UTC,succeeded,1999
pa_000255,e_000255,u_000255,2026-07-01 08:46:28 UTC,succeeded,1999
pa_000256,e_000256,u_000256,2026-07-01 00:22:18 UTC,succeeded,1999
pa_000257,e_000257,u_000257,2026-07-01 15:18:45 UTC,succeeded,1999
pa_000258,e_000258,u_000258,2026-07-01 13:03:12 UTC,succeeded,1999
pa_000259,e_000259,u_000259,2026-07-01 03:19:01 UTC,succeeded,1999
pa_000260,e_000260,u_000260,2026-07-01 07:53:54 UTC,succeeded,1999
pa_000261,e_000261,u_000261,2026-07-01 11:23:42 UTC,succeeded,1999
pa_000262,e_000262,u_000262,2026-07-01 21:11:08 UTC,succeeded,1999
pa_000263,e_000263,u_000263,2026-07-01 17:40:04 UTC,succeeded,1999
pa_000264,e_000264,u_000264,2026-07-01 20:32:16 UTC,succeeded,1999
pa_000265,e_000265,u_000265,2026-07-01 02:51:37 UTC,succeeded,1999
pa_000266,e_000266,u_000266,2026-07-01 22:04:22 UTC,succeeded,1999
pa_000267,e_000267,u_000267,2026-07-01 01:22:25 UTC,succeeded,1999
pa_000268,e_000268,u_000268,2026-07-01 14:24:37 UTC,succeeded,1999
pa_000269,e_000269,u_000269,2026-07-01 09:12:32 UTC,succeeded,1999
pa_000270,e_000270,u_000270,2026-07-01 12:48:34 UTC,succeeded,1999
pa_000271,e_000271,u_000271,2026-07-01 04:45:07 UTC,succeeded,1999
pa_000272,e_000272,u_000272,2026-07-01 20:26:13 UTC,succeeded,1999
pa_000273,e_000273,u_000273,2026-07-01 12:03:28 UTC,succeeded,1999
pa_000274,e_000274,u_000274,2026-07-01 05:34:12 UTC,succeeded,1999
pa_000275,e_000275,u_000275,2026-07-01 10:40:31 UTC,succeeded,1999
pa_000276,e_000276,u_000276,2026-07-01 08:23:04 UTC,succeeded,1999
pa_000277,e_000277,u_000277,2026-07-01 15:56:41 UTC,succeeded,1999
pa_000278,e_000278,u_000278,2026-07-01 12:29:39 UTC,succeeded,1999
pa_000279,e_000279,u_000279,2026-07-01 04:41:57 UTC,succeeded,1999
pa_000280,e_000280,u_000280,2026-07-01 03:53:03 UTC,succeeded,1999
pa_000281,e_000281,u_000281,2026-07-01 23:54:51 UTC,succeeded,1999
pa_000282,e_000282,u_000282,2026-07-01 21:49:56 UTC,succeeded,1999
pa_000283,e_000283,u_000283,2026-07-01 10:34:38 UTC,succeeded,1999
pa_000284,e_000284,u_000284,2026-07-01 08:49:54 UTC,succeeded,1999
pa_000285,e_000285,u_000285,2026-07-01 19:29:32 UTC,succeeded,1999
pa_000286,e_000286,u_000286,2026-07-01 18:33:10 UTC,succeeded,1999
pa_000287,e_000287,u_000287,2026-07-01 10:30:03 UTC,succeeded,1999
pa_000288,e_000288,u_000288,2026-07-01 17:43:58 UTC,succeeded,1999
pa_000289,e_000289,u_000289,2026-07-01 01:22:17 UTC,succeeded,1999
pa_000290,e_000290,u_000290,2026-07-01 22:57:52 UTC,succeeded,1999
pa_000291,e_000291,u_000291,2026-07-01 02:45:04 UTC,succeeded,1999
pa_000292,e_000292,u_000292,2026-07-01 01:48:48 UTC,succeeded,1999
pa_000293,e_000293,u_000293,2026-07-01 18:38:01 UTC,succeeded,1999
pa_000294,e_000294,u_000294,2026-07-01 07:50:50 UTC,succeeded,1999
pa_000295,e_000295,u_000295,2026-07-01 19:10:44 UTC,succeeded,1999
pa_000296,e_000296,u_000296,2026-07-01 04:11:06 UTC,succeeded,1999
pa_000297,e_000297,u_000297,2026-07-01 19:02:11 UTC,succeeded,1999
pa_000298,e_000298,u_000298,2026-07-01 13:45:28 UTC,succeeded,1999
pa_000299,e_000299,u_000299,2026-07-01 06:45:11 UTC,succeeded,1999
pa_000300,e_000300,u_000300,2026-07-01 04:10:24 UTC,succeeded,1999
pa_000301,e_000301,u_000301,2026-07-01 20:05:08 UTC,succeeded,1999
pa_000302,e_000302,u_000302,2026-07-01 15:14:12 UTC,succeeded,1999
pa_000303,e_000303,u_000303,2026-07-01 00:37:00 UTC,succeeded,1999
pa_000304,e_000304,u_000304,2026-07-01 09:36:51 UTC,succeeded,1999
pa_000305,e_000305,u_000305,2026-07-01 19:46:49 UTC,succeeded,1999
pa_000306,e_000306,u_000306,2026-07-01 13:38:13 UTC,succeeded,1999
pa_000307,e_000307,u_000307,2026-07-01 15:11:42 UTC,succeeded,1999
pa_000308,e_000308,u_000308,2026-07-01 08:30:09 UTC,succeeded,1999
pa_000309,e_000309,u_000309,2026-07-01 23:24:02 UTC,succeeded,1999
pa_000310,e_000310,u_000310,2026-07-01 16:53:10 UTC,succeeded,1999
pa_000311,e_000311,u_000311,2026-07-01 01:10:49 UTC,succeeded,1999
pa_000312,e_000312,u_000312,2026-07-01 18:40:59 UTC,succeeded,1999
pa_000313,e_000313,u_000313,2026-07-01 19:34:38 UTC,succeeded,1999
pa_000314,e_000314,u_000314,2026-07-01 12:57:50 UTC,succeeded,1999
pa_000315,e_000315,u_000315,2026-07-01 20:28:14 UTC,succeeded,1999
pa_000316,e_000316,u_000316,2026-07-01 04:09:12 UTC,succeeded,1999
pa_000317,e_000317,u_000317,2026-07-01 09:22:54 UTC,succeeded,1999
pa_000318,e_000318,u_000318,2026-07-01 13:18:58 UTC,succeeded,1999
pa_000319,e_000319,u_000319,2026-07-01 23:20:47 UTC,succeeded,1999
pa_000320,e_000320,u_000320,2026-07-01 17:02:24 UTC,succeeded,1999
pa_000321,e_000321,u_000321,2026-07-01 00:18:14 UTC,succeeded,1999
pa_000322,e_000322,u_000322,2026-07-01 16:17:41 UTC,succeeded,1999
pa_000323,e_000323,u_000323,2026-07-01 04:24:39 UTC,succeeded,1999
pa_000324,e_000324,u_000324,2026-07-01 18:57:57 UTC,succeeded,1999
pa_000325,e_000325,u_000325,2026-07-01 20:34:36 UTC,succeeded,1999
pa_000326,e_000326,u_000326,2026-07-01 11:10:55 UTC,succeeded,1999
pa_000327,e_000327,u_000327,2026-07-01 08:40:13 UTC,succeeded,1999
pa_000328,e_000328,u_000328,2026-07-01 21:58:20 UTC,succeeded,1999
pa_000329,e_000329,u_000329,2026-07-01 07:40:12 UTC,succeeded,1999
pa_000330,e_000330,u_000330,2026-07-01 12:02:33 UTC,succeeded,1999
pa_000331,e_000331,u_000331,2026-07-01 21:02:45 UTC,succeeded,1999
pa_000332,e_000332,u_000332,2026-07-01 17:58:16 UTC,succeeded,1999
pa_000333,e_000333,u_000333,2026-07-01 21:16:08 UTC,succeeded,1999
pa_000334,e_000334,u_000334,2026-07-01 17:56:12 UTC,succeeded,1999
pa_000335,e_000335,u_000335,2026-07-01 07:20:30 UTC,succeeded,1999
pa_000336,e_000336,u_000336,2026-07-01 22:59:21 UTC,succeeded,1999
pa_000337,e_000337,u_000337,2026-07-01 15:47:09 UTC,succeeded,1999
pa_000338,e_000338,u_000338,2026-07-01 08:14:09 UTC,succeeded,1999
pa_000339,e_000339,u_000339,2026-07-01 20:31:03 UTC,succeeded,1999
pa_000340,e_000340,u_000340,2026-07-01 12:21:01 UTC,succeeded,1999
pa_000341,e_000341,u_000341,2026-07-01 05:29:32 UTC,succeeded,1999
pa_000342,e_000342,u_000342,2026-07-01 02:07:49 UTC,succeeded,1999
pa_000343,e_000343,u_000343,2026-07-01 04:00:46 UTC,succeeded,1999
pa_000344,e_000344,u_000344,2026-07-01 21:23:46 UTC,succeeded,1999
pa_000345,e_000345,u_000345,2026-07-01 15:38:44 UTC,succeeded,1999
pa_000346,e_000346,u_000346,2026-07-01 03:46:30 UTC,succeeded,1999
pa_000347,e_000347,u_000347,2026-07-01 10:47:53 UTC,succeeded,1999
pa_000348,e_000348,u_000348,2026-07-01 10:29:12 UTC,succeeded,1999
pa_000349,e_000349,u_000349,2026-07-01 19:09:29 UTC,succeeded,1999
pa_000350,e_000350,u_000350,2026-07-01 04:57:19 UTC,succeeded,1999
pa_000351,e_000351,u_000351,2026-07-01 03:49:01 UTC,succeeded,1999
pa_000352,e_000352,u_000352,2026-07-01 16:25:22 UTC,succeeded,1999
pa_000353,e_000353,u_000353,2026-07-01 22:58:00 UTC,succeeded,1999
pa_000354,e_000354,u_000354,2026-07-01 13:30:33 UTC,succeeded,1999
pa_000355,e_000355,u_000355,2026-07-01 12:43:07 UTC,succeeded,1999
pa_000356,e_000356,u_000356,2026-07-01 10:54:24 UTC,succeeded,1999
pa_000357,e_000357,u_000357,2026-07-01 02:24:22 UTC,succeeded,1999
pa_000358,e_000358,u_000358,2026-07-01 04:13:07 UTC,succeeded,1999
pa_000359,e_000359,u_000359,2026-07-01 13:18:24 UTC,succeeded,1999
pa_000360,e_000360,u_000360,2026-07-01 16:41:40 UTC,succeeded,1999
pa_000361,e_000361,u_000361,2026-07-01 07:37:50 UTC,succeeded,1999
pa_000362,e_000362,u_000362,2026-07-01 23:00:51 UTC,succeeded,1999
pa_000363,e_000363,u_000363,2026-07-01 19:22:06 UTC,succeeded,1999
pa_000364,e_000364,u_000364,2026-07-01 11:32:38 UTC,succeeded,1999
pa_000365,e_000365,u_000365,2026-07-01 05:21:04 UTC,succeeded,1999
pa_000366,e_000366,u_000366,2026-07-01 21:10:05 UTC,succeeded,1999
pa_000367,e_000367,u_000367,2026-07-01 04:20:41 UTC,succeeded,1999
pa_000368,e_000368,u_000368,2026-07-01 23:31:38 UTC,succeeded,1999
pa_000369,e_000369,u_000369,2026-07-01 06:04:52 UTC,succeeded,1999
pa_000370,e_000370,u_000370,2026-07-01 13:27:00 UTC,succeeded,1999
pa_000371,e_000371,u_000371,2026-07-01 17:50:45 UTC,succeeded,1999
pa_000372,e_000372,u_000372,2026-07-01 22:27:34 UTC,succeeded,1999
pa_000373,e_000373,u_000373,2026-07-01 04:26:22 UTC,succeeded,1999
pa_000374,e_000374,u_000374,2026-07-01 14:55:32 UTC,succeeded,1999
pa_000375,e_000375,u_000375,2026-07-01 03:14:15 UTC,succeeded,1999
pa_000376,e_000376,u_000376,2026-07-01 16:53:22 UTC,succeeded,1999
pa_000377,e_000377,u_000377,2026-07-01 04:20:20 UTC,succeeded,1999
pa_000378,e_000378,u_000378,2026-07-01 03:04:07 UTC,succeeded,1999
pa_000379,e_000379,u_000379,2026-07-01 09:22:51 UTC,succeeded,1999
pa_000380,e_000380,u_000380,2026-07-01 13:06:36 UTC,succeeded,1999
pa_000381,e_000381,u_000381,2026-07-01 05:14:15 UTC,succeeded,1999
pa_000382,e_000382,u_000382,2026-07-01 00:48:49 UTC,succeeded,1999
pa_000383,e_000383,u_000383,2026-07-02 00:13:44 UTC,succeeded,1999
pa_000384,e_000384,u_000384,2026-07-02 01:52:39 UTC,succeeded,1999
pa_000385,e_000385,u_000385,2026-07-02 05:06:59 UTC,succeeded,1999
pa_000386,e_000386,u_000386,2026-07-02 11:32:31 UTC,succeeded,1999
pa_000387,e_000387,u_000387,2026-07-02 23:07:26 UTC,succeeded,1999
pa_000388,e_000388,u_000388,2026-07-02 21:58:19 UTC,succeeded,1999
pa_000389,e_000389,u_000389,2026-07-02 18:30:54 UTC,succeeded,1999
pa_000390,e_000390,u_000390,2026-07-02 03:46:31 UTC,succeeded,1999
pa_000391,e_000391,u_000391,2026-07-02 22:43:04 UTC,succeeded,1999
pa_000392,e_000392,u_000392,2026-07-02 07:44:30 UTC,succeeded,1999
pa_000393,e_000393,u_000393,2026-07-02 08:21:48 UTC,succeeded,1999
pa_000394,e_000394,u_000394,2026-07-02 05:40:36 UTC,succeeded,1999
pa_000395,e_000395,u_000395,2026-07-02 01:54:33 UTC,succeeded,1999
pa_000396,e_000396,u_000396,2026-07-02 15:39:02 UTC,succeeded,1999
pa_000397,e_000397,u_000397,2026-07-02 10:24:16 UTC,succeeded,1999
pa_000398,e_000398,u_000398,2026-07-02 12:34:54 UTC,succeeded,1999
pa_000399,e_000399,u_000399,2026-07-02 09:12:48 UTC,succeeded,1999
pa_000400,e_000400,u_000400,2026-07-02 17:35:21 UTC,succeeded,1999
pa_000401,e_000401,u_000401,2026-07-02 02:26:33 UTC,succeeded,1999
pa_000402,e_000402,u_000402,2026-07-02 10:40:41 UTC,succeeded,1999
pa_000403,e_000403,u_000403,2026-07-02 15:58:00 UTC,succeeded,1999
pa_000404,e_000404,u_000404,2026-07-02 08:29:28 UTC,succeeded,1999
pa_000405,e_000405,u_000405,2026-07-02 11:11:06 UTC,succeeded,1999
pa_000406,e_000406,u_000406,2026-07-02 11:11:29 UTC,succeeded,1999
pa_000407,e_000407,u_000407,2026-07-02 22:59:11 UTC,succeeded,1999
pa_000408,e_000408,u_000408,2026-07-02 17:43:25 UTC,succeeded,1999
pa_000409,e_000409,u_000409,2026-07-02 03:28:28 UTC,succeeded,1999
pa_000410,e_000410,u_000410,2026-07-02 18:26:25 UTC,succeeded,1999
pa_000411,e_000411,u_000411,2026-07-02 17:35:20 UTC,succeeded,1999
pa_000412,e_000412,u_000412,2026-07-02 00:43:45 UTC,succeeded,1999
pa_000413,e_000413,u_000413,2026-07-02 19:43:41 UTC,succeeded,1999
pa_000414,e_000414,u_000414,2026-07-02 19:24:17 UTC,succeeded,1999
pa_000415,e_000415,u_000415,2026-07-02 10:14:41 UTC,succeeded,1999
pa_000416,e_000416,u_000416,2026-07-02 11:24:22 UTC,succeeded,1999
pa_000417,e_000417,u_000417,2026-07-02 01:02:30 UTC,succeeded,1999
pa_000418,e_000418,u_000418,2026-07-02 17:04:37 UTC,succeeded,1999
pa_000419,e_000419,u_000419,2026-07-02 14:02:27 UTC,succeeded,1999
pa_000420,e_000420,u_000420,2026-07-02 04:04:56 UTC,succeeded,1999
pa_000421,e_000421,u_000421,2026-07-02 10:09:45 UTC,succeeded,1999
pa_000422,e_000422,u_000422,2026-07-02 08:52:31 UTC,succeeded,1999
pa_000423,e_000423,u_000423,2026-07-02 07:42:00 UTC,succeeded,1999
pa_000424,e_000424,u_000424,2026-07-02 07:52:04 UTC,succeeded,1999
pa_000425,e_000425,u_000425,2026-07-02 03:13:25 UTC,succeeded,1999
pa_000426,e_000426,u_000426,2026-07-02 22:27:58 UTC,succeeded,1999
pa_000427,e_000427,u_000427,2026-07-02 05:19:48 UTC,succeeded,1999
pa_000428,e_000428,u_000428,2026-07-02 00:58:40 UTC,succeeded,1999
pa_000429,e_000429,u_000429,2026-07-02 19:32:49 UTC,succeeded,1999
pa_000430,e_000430,u_000430,2026-07-02 19:40:41 UTC,succeeded,1999
pa_000431,e_000431,u_000431,2026-07-02 17:58:52 UTC,succeeded,1999
pa_000432,e_000432,u_000432,2026-07-02 04:47:53 UTC,succeeded,1999
pa_000433,e_000433,u_000433,2026-07-02 05:39:14 UTC,succeeded,1999
pa_000434,e_000434,u_000434,2026-07-02 07:21:02 UTC,succeeded,1999
pa_000435,e_000435,u_000435,2026-07-02 02:55:23 UTC,succeeded,1999
pa_000436,e_000436,u_000436,2026-07-02 14:33:44 UTC,succeeded,1999
pa_000437,e_000437,u_000437,2026-07-02 08:40:07 UTC,succeeded,1999
pa_000438,e_000438,u_000438,2026-07-02 14:02:51 UTC,succeeded,1999
pa_000439,e_000439,u_000439,2026-07-02 10:40:46 UTC,succeeded,1999
pa_000440,e_000440,u_000440,2026-07-02 06:16:11 UTC,succeeded,1999
pa_000441,e_000441,u_000441,2026-07-02 17:33:06 UTC,succeeded,1999
pa_000442,e_000442,u_000442,2026-07-02 14:39:47 UTC,succeeded,1999
pa_000443,e_000443,u_000443,2026-07-02 07:46:45 UTC,succeeded,1999
pa_000444,e_000444,u_000444,2026-07-02 01:24:52 UTC,succeeded,1999
pa_000445,e_000445,u_000445,2026-07-02 10:58:34 UTC,succeeded,1999
pa_000446,e_000446,u_000446,2026-07-02 03:11:33 UTC,succeeded,1999
pa_000447,e_000447,u_000447,2026-07-02 23:50:14 UTC,succeeded,1999
pa_000448,e_000448,u_000448,2026-07-02 03:52:20 UTC,succeeded,1999
pa_000449,e_000449,u_000449,2026-07-02 18:19:03 UTC,succeeded,1999
pa_000450,e_000450,u_000450,2026-07-02 04:23:47 UTC,succeeded,1999
pa_000451,e_000451,u_000451,2026-07-02 14:10:44 UTC,succeeded,1999
pa_000452,e_000452,u_000452,2026-07-02 15:35:19 UTC,succeeded,1999
pa_000453,e_000453,u_000453,2026-07-02 05:52:56 UTC,succeeded,1999
pa_000454,e_000454,u_000454,2026-07-02 16:43:09 UTC,succeeded,1999
pa_000455,e_000455,u_000455,2026-07-02 05:54:25 UTC,succeeded,1999
pa_000456,e_000456,u_000456,2026-07-02 19:53:43 UTC,succeeded,1999
pa_000457,e_000457,u_000457,2026-07-02 12:38:24 UTC,succeeded,1999
pa_000458,e_000458,u_000458,2026-07-02 09:26:10 UTC,succeeded,1999
pa_000459,e_000459,u_000459,2026-07-02 11:47:40 UTC,succeeded,1999
pa_000460,e_000460,u_000460,2026-07-02 12:31:55 UTC,succeeded,1999
pa_000461,e_000461,u_000461,2026-07-02 00:28:02 UTC,succeeded,1999
pa_000462,e_000462,u_000462,2026-07-02 03:52:05 UTC,succeeded,1999
pa_000463,e_000463,u_000463,2026-07-02 22:54:37 UTC,succeeded,1999
pa_000464,e_000464,u_000464,2026-07-02 15:34:58 UTC,succeeded,1999
pa_000465,e_000465,u_000465,2026-07-02 05:29:31 UTC,succeeded,1999
pa_000466,e_000466,u_000466,2026-07-02 04:06:17 UTC,succeeded,1999
pa_000467,e_000467,u_000467,2026-07-02 10:00:18 UTC,succeeded,1999
pa_000468,e_000468,u_000468,2026-07-02 04:11:48 UTC,succeeded,1999
pa_000469,e_000469,u_000469,2026-07-02 16:06:01 UTC,succeeded,1999
pa_000470,e_000470,u_000470,2026-07-02 11:03:33 UTC,succeeded,1999
pa_000471,e_000471,u_000471,2026-07-02 12:33:17 UTC,succeeded,1999
pa_000472,e_000472,u_000472,2026-07-02 04:51:17 UTC,succeeded,1999
pa_000473,e_000473,u_000473,2026-07-02 12:23:07 UTC,succeeded,1999
pa_000474,e_000474,u_000474,2026-07-02 15:28:58 UTC,succeeded,1999
pa_000475,e_000475,u_000475,2026-07-02 10:51:57 UTC,succeeded,1999
pa_000476,e_000476,u_000476,2026-07-02 04:33:11 UTC,succeeded,1999
pa_000477,e_000477,u_000477,2026-07-02 09:12:52 UTC,succeeded,1999
pa_000478,e_000478,u_000478,2026-07-02 02:47:30 UTC,succeeded,1999
pa_000479,e_000479,u_000479,2026-07-02 06:14:23 UTC,succeeded,1999
pa_000480,e_000480,u_000480,2026-07-02 02:47:40 UTC,succeeded,1999
pa_000481,e_000481,u_000481,2026-07-02 09:12:23 UTC,succeeded,1999
pa_000482,e_000482,u_000482,2026-07-02 15:02:28 UTC,succeeded,1999
pa_000483,e_000483,u_000483,2026-07-02 10:14:16 UTC,succeeded,1999
pa_000484,e_000484,u_000484,2026-07-02 05:27:23 UTC,succeeded,1999
pa_000485,e_000485,u_000485,2026-07-02 08:27:14 UTC,succeeded,1999
pa_000486,e_000486,u_000486,2026-07-02 09:44:49 UTC,succeeded,1999
pa_000487,e_000487,u_000487,2026-07-02 08:34:51 UTC,succeeded,1999
pa_000488,e_000488,u_000488,2026-07-02 11:48:01 UTC,succeeded,1999
pa_000489,e_000489,u_000489,2026-07-02 05:28:45 UTC,succeeded,1999
pa_000490,e_000490,u_000490,2026-07-02 18:13:05 UTC,succeeded,1999
pa_000491,e_000491,u_000491,2026-07-02 01:00:38 UTC,succeeded,1999
pa_000492,e_000492,u_000492,2026-07-02 23:39:33 UTC,succeeded,1999
pa_000493,e_000493,u_000493,2026-07-02 00:19:12 UTC,succeeded,1999
pa_000494,e_000494,u_000494,2026-07-02 08:01:33 UTC,succeeded,1999
pa_000495,e_000495,u_000495,2026-07-02 12:20:25 UTC,succeeded,1999
pa_000496,e_000496,u_000496,2026-07-02 00:43:06 UTC,succeeded,1999
pa_000497,e_000497,u_000497,2026-07-02 15:51:20 UTC,succeeded,1999
pa_000498,e_000498,u_000498,2026-07-02 21:56:45 UTC,succeeded,1999
pa_000499,e_000499,u_000499,2026-07-02 04:35:42 UTC,succeeded,1999
pa_000500,e_000500,u_000500,2026-07-02 05:36:58 UTC,succeeded,1999
pa_000501,e_000501,u_000501,2026-07-02 15:52:30 UTC,succeeded,1999
pa_000502,e_000502,u_000502,2026-07-02 16:50:40 UTC,succeeded,1999
pa_000503,e_000503,u_000503,2026-07-02 16:13:04 UTC,succeeded,1999
pa_000504,e_000504,u_000504,2026-07-02 14:12:24 UTC,succeeded,1999
pa_000505,e_000505,u_000505,2026-07-02 02:21:42 UTC,succeeded,1999
pa_000506,e_000506,u_000506,2026-07-02 03:34:11 UTC,succeeded,1999
pa_000507,e_000507,u_000507,2026-07-02 07:38:31 UTC,succeeded,1999
pa_000508,e_000508,u_000508,2026-07-02 23:57:16 UTC,succeeded,1999
pa_000509,e_000509,u_000509,2026-07-02 10:01:00 UTC,succeeded,1999
pa_000510,e_000510,u_000510,2026-07-02 16:07:41 UTC,succeeded,1999
pa_000511,e_000511,u_000511,2026-07-02 10:52:44 UTC,succeeded,1999
pa_000512,e_000512,u_000512,2026-07-02 20:26:47 UTC,succeeded,1999
pa_000513,e_000513,u_000513,2026-07-02 20:56:48 UTC,succeeded,1999
pa_000514,e_000514,u_000514,2026-07-02 10:39:48 UTC,succeeded,1999
pa_000515,e_000515,u_000515,2026-07-02 09:59:46 UTC,succeeded,1999
pa_000516,e_000516,u_000516,2026-07-02 01:30:04 UTC,succeeded,1999
pa_000517,e_000517,u_000517,2026-07-02 10:43:04 UTC,succeeded,1999
pa_000518,e_000518,u_000518,2026-07-02 09:11:06 UTC,succeeded,1999
pa_000519,e_000519,u_000519,2026-07-02 03:07:49 UTC,succeeded,1999
pa_000520,e_000520,u_000520,2026-07-02 12:54:21 UTC,succeeded,1999
pa_000521,e_000521,u_000521,2026-07-02 20:00:18 UTC,succeeded,1999
pa_000522,e_000522,u_000522,2026-07-02 01:10:23 UTC,succeeded,1999
pa_000523,e_000523,u_000523,2026-07-02 23:16:13 UTC,succeeded,1999
pa_000524,e_000524,u_000524,2026-07-02 22:54:35 UTC,succeeded,1999
pa_000525,e_000525,u_000525,2026-07-02 21:27:18 UTC,succeeded,1999
pa_000526,e_000526,u_000526,2026-07-03 18:50:28 UTC,succeeded,1999
pa_000527,e_000527,u_000527,2026-07-03 07:49:58 UTC,succeeded,1999
pa_000528,e_000528,u_000528,2026-07-03 12:58:26 UTC,succeeded,1999
pa_000529,e_000529,u_000529,2026-07-03 02:57:26 UTC,succeeded,1999
pa_000530,e_000530,u_000530,2026-07-03 20:13:04 UTC,succeeded,1999
pa_000531,e_000531,u_000531,2026-07-03 16:37:29 UTC,succeeded,1999
pa_000532,e_000532,u_000532,2026-07-03 02:55:45 UTC,succeeded,1999
pa_000533,e_000533,u_000533,2026-07-03 16:47:08 UTC,succeeded,1999
pa_000534,e_000534,u_000534,2026-07-03 23:04:49 UTC,succeeded,1999
pa_000535,e_000535,u_000535,2026-07-03 05:30:21 UTC,succeeded,1999
pa_000536,e_000536,u_000536,2026-07-03 21:08:12 UTC,succeeded,1999
pa_000537,e_000537,u_000537,2026-07-03 00:00:38 UTC,succeeded,1999
pa_000538,e_000538,u_000538,2026-07-03 06:02:05 UTC,succeeded,1999
pa_000539,e_000539,u_000539,2026-07-03 23:32:25 UTC,succeeded,1999
pa_000540,e_000540,u_000540,2026-07-03 13:30:56 UTC,succeeded,1999
pa_000541,e_000541,u_000541,2026-07-03 19:58:17 UTC,succeeded,1999
pa_000542,e_000542,u_000542,2026-07-03 03:43:44 UTC,succeeded,1999
pa_000543,e_000543,u_000543,2026-07-03 03:50:20 UTC,succeeded,1999
pa_000544,e_000544,u_000544,2026-07-03 11:43:14 UTC,succeeded,1999
pa_000545,e_000545,u_000545,2026-07-03 14:42:36 UTC,succeeded,1999
pa_000546,e_000546,u_000546,2026-07-03 11:25:51 UTC,succeeded,1999
pa_000547,e_000547,u_000547,2026-07-03 09:07:10 UTC,succeeded,1999
pa_000548,e_000548,u_000548,2026-07-03 03:03:06 UTC,succeeded,1999
pa_000549,e_000549,u_000549,2026-07-03 07:40:21 UTC,succeeded,1999
pa_000550,e_000550,u_000550,2026-07-03 11:43:15 UTC,succeeded,1999
pa_000551,e_000551,u_000551,2026-07-03 02:26:33 UTC,succeeded,1999
pa_000552,e_000552,u_000552,2026-07-03 13:38:52 UTC,succeeded,1999
pa_000553,e_000553,u_000553,2026-07-03 03:25:52 UTC,succeeded,1999
pa_000554,e_000554,u_000554,2026-07-03 13:35:48 UTC,succeeded,1999
pa_000555,e_000555,u_000555,2026-07-03 03:04:47 UTC,succeeded,1999
pa_000556,e_000556,u_000556,2026-07-03 23:38:02 UTC,succeeded,1999
pa_000557,e_000557,u_000557,2026-07-03 11:10:43 UTC,succeeded,1999
pa_000558,e_000558,u_000558,2026-07-03 04:32:31 UTC,succeeded,1999
pa_000559,e_000559,u_000559,2026-07-03 12:36:24 UTC,succeeded,1999
pa_000560,e_000560,u_000560,2026-07-03 03:13:55 UTC,succeeded,1999
pa_000561,e_000561,u_000561,2026-07-03 21:33:13 UTC,succeeded,1999
pa_000562,e_000562,u_000562,2026-07-03 04:48:44 UTC,succeeded,1999
pa_000563,e_000563,u_000563,2026-07-03 02:49:56 UTC,succeeded,1999
pa_000564,e_000564,u_000564,2026-07-03 00:47:59 UTC,succeeded,1999
pa_000565,e_000565,u_000565,2026-07-03 01:52:18 UTC,succeeded,1999
pa_000566,e_000566,u_000566,2026-07-03 10:07:55 UTC,succeeded,1999
pa_000567,e_000567,u_000567,2026-07-03 02:20:06 UTC,succeeded,1999
pa_000568,e_000568,u_000568,2026-07-03 22:47:23 UTC,succeeded,1999
pa_000569,e_000569,u_000569,2026-07-03 09:35:17 UTC,succeeded,1999
pa_000570,e_000570,u_000570,2026-07-03 15:15:34 UTC,succeeded,1999
pa_000571,e_000571,u_000571,2026-07-03 08:22:32 UTC,succeeded,1999
pa_000572,e_000572,u_000572,2026-07-03 12:20:04 UTC,succeeded,1999
pa_000573,e_000573,u_000573,2026-07-03 16:21:59 UTC,succeeded,1999
pa_000574,e_000574,u_000574,2026-07-03 01:16:13 UTC,succeeded,1999
pa_000575,e_000575,u_000575,2026-07-03 10:05:11 UTC,succeeded,1999
pa_000576,e_000576,u_000576,2026-07-03 07:38:21 UTC,succeeded,1999
pa_000577,e_000577,u_000577,2026-07-03 06:45:27 UTC,succeeded,1999
pa_000578,e_000578,u_000578,2026-07-03 19:32:33 UTC,succeeded,1999
pa_000579,e_000579,u_000579,2026-07-03 08:44:54 UTC,succeeded,1999
pa_000580,e_000580,u_000580,2026-07-03 23:11:10 UTC,succeeded,1999
pa_000581,e_000581,u_000581,2026-07-03 03:35:52 UTC,succeeded,1999
pa_000582,e_000582,u_000582,2026-07-03 11:17:17 UTC,succeeded,1999
pa_000583,e_000583,u_000583,2026-07-03 06:35:47 UTC,succeeded,1999
pa_000584,e_000584,u_000584,2026-07-03 21:48:11 UTC,succeeded,1999
pa_000585,e_000585,u_000585,2026-07-03 20:43:59 UTC,succeeded,1999
pa_000586,e_000586,u_000586,2026-07-03 08:31:27 UTC,succeeded,1999
pa_000587,e_000587,u_000587,2026-07-03 10:20:12 UTC,succeeded,1999
pa_000588,e_000588,u_000588,2026-07-03 19:17:56 UTC,succeeded,1999
pa_000589,e_000589,u_000589,2026-07-03 20:45:25 UTC,succeeded,1999
pa_000590,e_000590,u_000590,2026-07-03 08:16:26 UTC,succeeded,1999
pa_000591,e_000591,u_000591,2026-07-03 15:30:39 UTC,succeeded,1999
pa_000592,e_000592,u_000592,2026-07-03 20:22:00 UTC,succeeded,1999
pa_000593,e_000593,u_000593,2026-07-03 14:04:30 UTC,succeeded,1999
pa_000594,e_000594,u_000594,2026-07-03 07:15:32 UTC,succeeded,1999
pa_000595,e_000595,u_000595,2026-07-03 01:49:05 UTC,succeeded,1999
pa_000596,e_000596,u_000596,2026-07-03 20:31:52 UTC,succeeded,1999
pa_000597,e_000597,u_000597,2026-07-03 22:54:24 UTC,succeeded,1999
pa_000598,e_000598,u_000598,2026-07-03 01:20:48 UTC,succeeded,1999
pa_000599,e_000599,u_000599,2026-07-03 18:08:05 UTC,succeeded,1999
pa_000600,e_000600,u_000600,2026-07-03 11:20:47 UTC,succeeded,1999
pa_000601,e_000601,u_000601,2026-07-03 10:27:09 UTC,succeeded,1999
pa_000602,e_000602,u_000602,2026-07-03 23:15:41 UTC,succeeded,1999
pa_000603,e_000603,u_000603,2026-07-03 01:09:35 UTC,succeeded,1999
pa_000604,e_000604,u_000604,2026-07-03 21:11:03 UTC,succeeded,1999
pa_000605,e_000605,u_000605,2026-07-03 15:06:11 UTC,succeeded,1999
pa_000606,e_000606,u_000606,2026-07-03 19:48:57 UTC,succeeded,1999
pa_000607,e_000607,u_000607,2026-07-03 19:00:20 UTC,succeeded,1999
pa_000608,e_000608,u_000608,2026-07-03 14:43:39 UTC,succeeded,1999
pa_000609,e_000609,u_000609,2026-07-03 10:11:45 UTC,succeeded,1999
pa_000610,e_000610,u_000610,2026-07-03 21:22:08 UTC,succeeded,1999
pa_000611,e_000611,u_000611,2026-07-03 09:11:00 UTC,succeeded,1999
pa_000612,e_000612,u_000612,2026-07-03 16:51:11 UTC,succeeded,1999
pa_000613,e_000613,u_000613,2026-07-03 04:48:27 UTC,succeeded,1999
pa_000614,e_000614,u_000614,2026-07-03 01:01:22 UTC,succeeded,1999
pa_000615,e_000615,u_000615,2026-07-03 23:20:39 UTC,succeeded,1999
pa_000616,e_000616,u_000616,2026-07-03 16:33:12 UTC,succeeded,1999
pa_000617,e_000617,u_000617,2026-07-03 16:32:14 UTC,succeeded,1999
pa_000618,e_000618,u_000618,2026-07-03 06:08:45 UTC,succeeded,1999
pa_000619,e_000619,u_000619,2026-07-03 21:03:01 UTC,succeeded,1999
pa_000620,e_000620,u_000620,2026-07-03 23:39:51 UTC,succeeded,1999
pa_000621,e_000621,u_000621,2026-07-03 02:39:14 UTC,succeeded,1999
pa_000622,e_000622,u_000622,2026-07-03 06:23:09 UTC,succeeded,1999
pa_000623,e_000623,u_000623,2026-07-03 21:47:04 UTC,succeeded,1999
pa_000624,e_000624,u_000624,2026-07-03 23:55:28 UTC,succeeded,1999
pa_000625,e_000625,u_000625,2026-07-03 23:55:23 UTC,succeeded,1999
pa_000626,e_000626,u_000626,2026-07-03 06:14:06 UTC,succeeded,1999
pa_000627,e_000627,u_000627,2026-07-03 08:33:00 UTC,succeeded,1999
pa_000628,e_000628,u_000628,2026-07-03 11:09:28 UTC,succeeded,1999
pa_000629,e_000629,u_000629,2026-07-03 14:34:55 UTC,succeeded,1999
pa_000630,e_000630,u_000630,2026-07-03 05:29:04 UTC,succeeded,1999
pa_000631,e_000631,u_000631,2026-07-03 18:38:45 UTC,succeeded,1999
pa_000632,e_000632,u_000632,2026-07-03 11:54:54 UTC,succeeded,1999
pa_000633,e_000633,u_000633,2026-07-03 02:21:12 UTC,succeeded,1999
pa_000634,e_000634,u_000634,2026-07-03 09:50:18 UTC,succeeded,1999
pa_000635,e_000635,u_000635,2026-07-03 14:40:42 UTC,succeeded,1999
pa_000636,e_000636,u_000636,2026-07-03 01:43:32 UTC,succeeded,1999
pa_000637,e_000637,u_000637,2026-07-03 17:02:22 UTC,succeeded,1999
pa_000638,e_000638,u_000638,2026-07-03 11:11:02 UTC,succeeded,1999
pa_000639,e_000639,u_000639,2026-07-03 03:17:41 UTC,succeeded,1999
pa_000640,e_000640,u_000640,2026-07-03 08:38:20 UTC,succeeded,1999
pa_000641,e_000641,u_000641,2026-07-03 00:26:41 UTC,succeeded,1999
pa_000642,e_000642,u_000642,2026-07-03 15:21:29 UTC,succeeded,1999
pa_000643,e_000643,u_000643,2026-07-03 06:46:32 UTC,succeeded,1999
pa_000644,e_000644,u_000644,2026-07-03 21:05:16 UTC,succeeded,1999
pa_000645,e_000645,u_000645,2026-07-03 02:04:49 UTC,succeeded,1999
pa_000646,e_000646,u_000646,2026-07-03 10:45:09 UTC,succeeded,1999
pa_000647,e_000647,u_000647,2026-07-03 21:29:22 UTC,succeeded,1999
pa_000648,e_000648,u_000648,2026-07-03 02:12:39 UTC,succeeded,1999
pa_000649,e_000649,u_000649,2026-07-03 05:07:43 UTC,succeeded,1999
pa_000650,e_000650,u_000650,2026-07-03 06:00:47 UTC,succeeded,1999
pa_000651,e_000651,u_000651,2026-07-03 04:38:56 UTC,succeeded,1999
pa_000652,e_000652,u_000652,2026-07-03 06:38:35 UTC,succeeded,1999
pa_000653,e_000653,u_000653,2026-07-03 01:14:07 UTC,succeeded,1999
pa_000654,e_000654,u_000654,2026-07-03 03:05:15 UTC,succeeded,1999
pa_000655,e_000655,u_000655,2026-07-03 22:29:00 UTC,succeeded,1999
pa_000656,e_000656,u_000656,2026-07-03 01:09:22 UTC,succeeded,1999
pa_000657,e_000657,u_000657,2026-07-03 23:59:05 UTC,succeeded,1999
pa_000658,e_000658,u_000658,2026-07-03 04:41:04 UTC,succeeded,1999
pa_000659,e_000659,u_000659,2026-07-03 06:41:25 UTC,succeeded,1999
pa_000660,e_000660,u_000660,2026-07-03 03:59:01 UTC,succeeded,1999
pa_000661,e_000661,u_000661,2026-07-03 12:10:21 UTC,succeeded,1999
pa_000662,e_000662,u_000662,2026-07-03 19:15:06 UTC,succeeded,1999
pa_000663,e_000663,u_000663,2026-07-04 17:52:22 UTC,succeeded,1999
pa_000664,e_000664,u_000664,2026-07-04 03:32:12 UTC,succeeded,1999
pa_000665,e_000665,u_000665,2026-07-04 04:00:27 UTC,succeeded,1999
pa_000666,e_000666,u_000666,2026-07-04 12:48:04 UTC,succeeded,1999
pa_000667,e_000667,u_000667,2026-07-04 13:10:13 UTC,succeeded,1999
pa_000668,e_000668,u_000668,2026-07-04 20:31:28 UTC,succeeded,1999
pa_000669,e_000669,u_000669,2026-07-04 14:27:56 UTC,succeeded,1999
pa_000670,e_000670,u_000670,2026-07-04 04:53:21 UTC,succeeded,1999
pa_000671,e_000671,u_000671,2026-07-04 10:29:56 UTC,succeeded,1999
pa_000672,e_000672,u_000672,2026-07-04 15:28:20 UTC,succeeded,1999
pa_000673,e_000673,u_000673,2026-07-04 07:17:44 UTC,succeeded,1999
pa_000674,e_000674,u_000674,2026-07-04 18:02:54 UTC,succeeded,1999
pa_000675,e_000675,u_000675,2026-07-04 23:26:11 UTC,succeeded,1999
pa_000676,e_000676,u_000676,2026-07-04 13:31:47 UTC,succeeded,1999
pa_000677,e_000677,u_000677,2026-07-04 16:22:50 UTC,succeeded,1999
pa_000678,e_000678,u_000678,2026-07-04 05:06:48 UTC,succeeded,1999
pa_000679,e_000679,u_000679,2026-07-04 00:52:50 UTC,succeeded,1999
pa_000680,e_000680,u_000680,2026-07-04 21:21:57 UTC,succeeded,1999
pa_000681,e_000681,u_000681,2026-07-04 23:12:33 UTC,succeeded,1999
pa_000682,e_000682,u_000682,2026-07-04 08:57:51 UTC,succeeded,1999
pa_000683,e_000683,u_000683,2026-07-04 01:23:27 UTC,succeeded,1999
pa_000684,e_000684,u_000684,2026-07-04 03:14:14 UTC,succeeded,1999
pa_000685,e_000685,u_000685,2026-07-04 17:57:23 UTC,succeeded,1999
pa_000686,e_000686,u_000686,2026-07-04 21:50:21 UTC,succeeded,1999
pa_000687,e_000687,u_000687,2026-07-04 21:59:30 UTC,succeeded,1999
pa_000688,e_000688,u_000688,2026-07-04 11:44:55 UTC,succeeded,1999
pa_000689,e_000689,u_000689,2026-07-04 20:39:16 UTC,succeeded,1999
pa_000690,e_000690,u_000690,2026-07-04 08:02:39 UTC,succeeded,1999
pa_000691,e_000691,u_000691,2026-07-04 09:17:27 UTC,succeeded,1999
pa_000692,e_000692,u_000692,2026-07-04 18:56:30 UTC,succeeded,1999
pa_000693,e_000693,u_000693,2026-07-04 08:24:42 UTC,succeeded,1999
pa_000694,e_000694,u_000694,2026-07-04 19:37:56 UTC,succeeded,1999
pa_000695,e_000695,u_000695,2026-07-04 15:20:37 UTC,succeeded,1999
pa_000696,e_000696,u_000696,2026-07-04 10:27:39 UTC,succeeded,1999
pa_000697,e_000697,u_000697,2026-07-04 09:32:37 UTC,succeeded,1999
pa_000698,e_000698,u_000698,2026-07-04 03:22:08 UTC,succeeded,1999
pa_000699,e_000699,u_000699,2026-07-04 07:36:58 UTC,succeeded,1999
pa_000700,e_000700,u_000700,2026-07-04 21:23:32 UTC,succeeded,1999
pa_000701,e_000701,u_000701,2026-07-04 08:39:03 UTC,succeeded,1999
pa_000702,e_000702,u_000702,2026-07-04 18:37:52 UTC,succeeded,1999
pa_000703,e_000703,u_000703,2026-07-04 17:28:08 UTC,succeeded,1999
pa_000704,e_000704,u_000704,2026-07-04 17:08:26 UTC,succeeded,1999
pa_000705,e_000705,u_000705,2026-07-04 07:36:55 UTC,succeeded,1999
pa_000706,e_000706,u_000706,2026-07-04 14:56:25 UTC,succeeded,1999
pa_000707,e_000707,u_000707,2026-07-04 13:56:44 UTC,succeeded,1999
pa_000708,e_000708,u_000708,2026-07-04 14:03:49 UTC,succeeded,1999
pa_000709,e_000709,u_000709,2026-07-04 04:48:53 UTC,succeeded,1999
pa_000710,e_000710,u_000710,2026-07-04 00:55:49 UTC,succeeded,1999
pa_000711,e_000711,u_000711,2026-07-04 07:27:44 UTC,succeeded,1999
pa_000712,e_000712,u_000712,2026-07-04 23:20:40 UTC,succeeded,1999
pa_000713,e_000713,u_000713,2026-07-04 00:56:10 UTC,succeeded,1999
pa_000714,e_000714,u_000714,2026-07-04 11:18:58 UTC,succeeded,1999
pa_000715,e_000715,u_000715,2026-07-04 16:49:40 UTC,succeeded,1999
pa_000716,e_000716,u_000716,2026-07-04 11:46:32 UTC,succeeded,1999
pa_000717,e_000717,u_000717,2026-07-04 22:56:21 UTC,succeeded,1999
pa_000718,e_000718,u_000718,2026-07-04 23:15:57 UTC,succeeded,1999
pa_000719,e_000719,u_000719,2026-07-04 05:17:30 UTC,succeeded,1999
pa_000720,e_000720,u_000720,2026-07-04 11:27:39 UTC,succeeded,1999
pa_000721,e_000721,u_000721,2026-07-04 12:13:51 UTC,succeeded,1999
pa_000722,e_000722,u_000722,2026-07-04 12:55:28 UTC,succeeded,1999
pa_000723,e_000723,u_000723,2026-07-04 10:37:29 UTC,succeeded,1999
pa_000724,e_000724,u_000724,2026-07-04 06:27:39 UTC,succeeded,1999
pa_000725,e_000725,u_000725,2026-07-04 17:52:50 UTC,succeeded,1999
pa_000726,e_000726,u_000726,2026-07-04 05:17:33 UTC,succeeded,1999
pa_000727,e_000727,u_000727,2026-07-04 22:33:53 UTC,succeeded,1999
pa_000728,e_000728,u_000728,2026-07-04 22:59:22 UTC,succeeded,1999
pa_000729,e_000729,u_000729,2026-07-04 16:30:43 UTC,succeeded,1999
pa_000730,e_000730,u_000730,2026-07-04 15:38:45 UTC,succeeded,1999
pa_000731,e_000731,u_000731,2026-07-04 01:32:38 UTC,succeeded,1999
pa_000732,e_000732,u_000732,2026-07-04 15:02:56 UTC,succeeded,1999
pa_000733,e_000733,u_000733,2026-07-04 01:59:50 UTC,succeeded,1999
pa_000734,e_000734,u_000734,2026-07-04 11:41:52 UTC,succeeded,1999
pa_000735,e_000735,u_000735,2026-07-04 04:32:43 UTC,succeeded,1999
pa_000736,e_000736,u_000736,2026-07-04 21:25:17 UTC,succeeded,1999
pa_000737,e_000737,u_000737,2026-07-04 08:48:54 UTC,succeeded,1999
pa_000738,e_000738,u_000738,2026-07-04 05:13:01 UTC,succeeded,1999
pa_000739,e_000739,u_000739,2026-07-04 15:55:58 UTC,succeeded,1999
pa_000740,e_000740,u_000740,2026-07-04 17:18:06 UTC,succeeded,1999
pa_000741,e_000741,u_000741,2026-07-04 09:30:57 UTC,succeeded,1999
pa_000742,e_000742,u_000742,2026-07-04 05:19:01 UTC,succeeded,1999
pa_000743,e_000743,u_000743,2026-07-04 12:34:03 UTC,succeeded,1999
pa_000744,e_000744,u_000744,2026-07-04 23:57:50 UTC,succeeded,1999
pa_000745,e_000745,u_000745,2026-07-04 03:56:22 UTC,succeeded,1999
pa_000746,e_000746,u_000746,2026-07-04 16:38:13 UTC,succeeded,1999
pa_000747,e_000747,u_000747,2026-07-04 02:50:30 UTC,succeeded,1999
pa_000748,e_000748,u_000748,2026-07-04 02:13:41 UTC,succeeded,1999
pa_000749,e_000749,u_000749,2026-07-04 11:37:06 UTC,succeeded,1999
pa_000750,e_000750,u_000750,2026-07-04 11:34:30 UTC,succeeded,1999
pa_000751,e_000751,u_000751,2026-07-04 06:54:00 UTC,succeeded,1999
pa_000752,e_000752,u_000752,2026-07-04 17:04:58 UTC,succeeded,1999
pa_000753,e_000753,u_000753,2026-07-04 03:21:30 UTC,succeeded,1999
pa_000754,e_000754,u_000754,2026-07-04 21:09:06 UTC,succeeded,1999
pa_000755,e_000755,u_000755,2026-07-04 18:52:30 UTC,succeeded,1999
pa_000756,e_000756,u_000756,2026-07-04 18:59:36 UTC,succeeded,1999
pa_000757,e_000757,u_000757,2026-07-04 20:56:03 UTC,succeeded,1999
pa_000758,e_000758,u_000758,2026-07-04 14:51:27 UTC,succeeded,1999
pa_000759,e_000759,u_000759,2026-07-04 14:47:29 UTC,succeeded,1999
pa_000760,e_000760,u_000760,2026-07-04 18:36:49 UTC,succeeded,1999
pa_000761,e_000761,u_000761,2026-07-04 16:22:15 UTC,succeeded,1999
pa_000762,e_000762,u_000762,2026-07-04 03:53:36 UTC,succeeded,1999
pa_000763,e_000763,u_000763,2026-07-04 07:30:18 UTC,succeeded,1999
pa_000764,e_000764,u_000764,2026-07-04 22:57:37 UTC,succeeded,1999
pa_000765,e_000765,u_000765,2026-07-04 15:39:48 UTC,succeeded,1999
pa_000766,e_000766,u_000766,2026-07-04 12:51:43 UTC,succeeded,1999
pa_000767,e_000767,u_000767,2026-07-04 21:35:22 UTC,succeeded,1999
pa_000768,e_000768,u_000768,2026-07-04 09:04:18 UTC,succeeded,1999
pa_000769,e_000769,u_000769,2026-07-05 06:00:45 UTC,succeeded,1999
pa_000770,e_000770,u_000770,2026-07-05 17:25:30 UTC,succeeded,1999
pa_000771,e_000771,u_000771,2026-07-05 04:31:06 UTC,succeeded,1999
pa_000772,e_000772,u_000772,2026-07-05 23:24:42 UTC,succeeded,1999
pa_000773,e_000773,u_000773,2026-07-05 11:41:16 UTC,succeeded,1999
pa_000774,e_000774,u_000774,2026-07-05 21:13:13 UTC,succeeded,1999
pa_000775,e_000775,u_000775,2026-07-05 22:38:26 UTC,succeeded,1999
pa_000776,e_000776,u_000776,2026-07-05 11:44:58 UTC,succeeded,1999
pa_000777,e_000777,u_000777,2026-07-05 20:18:21 UTC,succeeded,1999
pa_000778,e_000778,u_000778,2026-07-05 19:40:44 UTC,succeeded,1999
pa_000779,e_000779,u_000779,2026-07-05 01:31:28 UTC,succeeded,1999
pa_000780,e_000780,u_000780,2026-07-05 08:28:47 UTC,succeeded,1999
pa_000781,e_000781,u_000781,2026-07-05 08:28:56 UTC,succeeded,1999
pa_000782,e_000782,u_000782,2026-07-05 04:08:58 UTC,succeeded,1999
pa_000783,e_000783,u_000783,2026-07-05 00:34:31 UTC,succeeded,1999
pa_000784,e_000784,u_000784,2026-07-05 06:29:11 UTC,succeeded,1999
pa_000785,e_000785,u_000785,2026-07-05 14:12:53 UTC,succeeded,1999
pa_000786,e_000786,u_000786,2026-07-05 05:08:52 UTC,succeeded,1999
pa_000787,e_000787,u_000787,2026-07-05 03:43:24 UTC,succeeded,1999
pa_000788,e_000788,u_000788,2026-07-05 08:18:39 UTC,succeeded,1999
pa_000789,e_000789,u_000789,2026-07-05 18:50:13 UTC,succeeded,1999
pa_000790,e_000790,u_000790,2026-07-05 14:28:48 UTC,succeeded,1999
pa_000791,e_000791,u_000791,2026-07-05 00:48:14 UTC,succeeded,1999
pa_000792,e_000792,u_000792,2026-07-05 11:27:07 UTC,succeeded,1999
pa_000793,e_000793,u_000793,2026-07-05 18:46:16 UTC,succeeded,1999
pa_000794,e_000794,u_000794,2026-07-05 02:17:01 UTC,succeeded,1999
pa_000795,e_000795,u_000795,2026-07-05 14:06:47 UTC,succeeded,1999
pa_000796,e_000796,u_000796,2026-07-05 17:20:24 UTC,succeeded,1999
pa_000797,e_000797,u_000797,2026-07-05 00:48:38 UTC,succeeded,1999
pa_000798,e_000798,u_000798,2026-07-05 15:40:50 UTC,succeeded,1999
pa_000799,e_000799,u_000799,2026-07-05 10:52:25 UTC,succeeded,1999
pa_000800,e_000800,u_000800,2026-07-05 15:41:07 UTC,succeeded,1999
pa_000801,e_000801,u_000801,2026-07-05 11:50:05 UTC,succeeded,1999
pa_000802,e_000802,u_000802,2026-07-05 14:37:30 UTC,succeeded,1999
pa_000803,e_000803,u_000803,2026-07-05 03:18:34 UTC,succeeded,1999
pa_000804,e_000804,u_000804,2026-07-05 02:59:54 UTC,succeeded,1999
pa_000805,e_000805,u_000805,2026-07-05 22:19:26 UTC,succeeded,1999
pa_000806,e_000806,u_000806,2026-07-05 13:56:15 UTC,succeeded,1999
pa_000807,e_000807,u_000807,2026-07-05 22:34:52 UTC,succeeded,1999
pa_000808,e_000808,u_000808,2026-07-05 02:04:44 UTC,succeeded,1999
pa_000809,e_000809,u_000809,2026-07-05 21:53:11 UTC,succeeded,1999
pa_000810,e_000810,u_000810,2026-07-05 21:20:45 UTC,succeeded,1999
pa_000811,e_000811,u_000811,2026-07-05 20:36:13 UTC,succeeded,1999
pa_000812,e_000812,u_000812,2026-07-05 12:39:11 UTC,succeeded,1999
pa_000813,e_000813,u_000813,2026-07-05 16:48:26 UTC,succeeded,1999
pa_000814,e_000814,u_000814,2026-07-05 17:05:12 UTC,succeeded,1999
pa_000815,e_000815,u_000815,2026-07-05 23:52:41 UTC,succeeded,1999
pa_000816,e_000816,u_000816,2026-07-05 04:24:53 UTC,succeeded,1999
pa_000817,e_000817,u_000817,2026-07-05 07:14:59 UTC,succeeded,1999
pa_000818,e_000818,u_000818,2026-07-05 14:23:27 UTC,succeeded,1999
pa_000819,e_000819,u_000819,2026-07-05 19:56:46 UTC,succeeded,1999
pa_000820,e_000820,u_000820,2026-07-05 06:42:20 UTC,succeeded,1999
pa_000821,e_000821,u_000821,2026-07-05 17:27:51 UTC,succeeded,1999
pa_000822,e_000822,u_000822,2026-07-05 19:51:12 UTC,succeeded,1999
pa_000823,e_000823,u_000823,2026-07-05 00:56:23 UTC,succeeded,1999
pa_000824,e_000824,u_000824,2026-07-05 07:28:10 UTC,succeeded,1999
pa_000825,e_000825,u_000825,2026-07-05 00:19:58 UTC,succeeded,1999
pa_000826,e_000826,u_000826,2026-07-05 01:25:57 UTC,succeeded,1999
pa_000827,e_000827,u_000827,2026-07-05 18:28:21 UTC,succeeded,1999
pa_000828,e_000828,u_000828,2026-07-05 05:14:41 UTC,succeeded,1999
pa_000829,e_000829,u_000829,2026-07-05 15:56:10 UTC,succeeded,1999
pa_000830,e_000830,u_000830,2026-07-05 17:34:20 UTC,succeeded,1999
pa_000831,e_000831,u_000831,2026-07-05 13:56:52 UTC,succeeded,1999
pa_000832,e_000832,u_000832,2026-07-05 13:18:14 UTC,succeeded,1999
pa_000833,e_000833,u_000833,2026-07-05 12:15:18 UTC,succeeded,1999
pa_000834,e_000834,u_000834,2026-07-05 04:29:59 UTC,succeeded,1999
pa_000835,e_000835,u_000835,2026-07-05 06:01:39 UTC,succeeded,1999
pa_000836,e_000836,u_000836,2026-07-05 04:30:52 UTC,succeeded,1999
pa_000837,e_000837,u_000837,2026-07-05 00:06:08 UTC,succeeded,1999
pa_000838,e_000838,u_000838,2026-07-05 21:51:24 UTC,succeeded,1999
pa_000839,e_000839,u_000839,2026-07-05 11:01:24 UTC,succeeded,1999
pa_000840,e_000840,u_000840,2026-07-05 11:16:04 UTC,succeeded,1999
pa_000841,e_000841,u_000841,2026-07-05 17:01:08 UTC,succeeded,1999
pa_000842,e_000842,u_000842,2026-07-05 08:38:57 UTC,succeeded,1999
pa_000843,e_000843,u_000843,2026-07-05 16:18:42 UTC,succeeded,1999
pa_000844,e_000844,u_000844,2026-07-05 03:01:54 UTC,succeeded,1999
pa_000845,e_000845,u_000845,2026-07-05 08:56:00 UTC,succeeded,1999
pa_000846,e_000846,u_000846,2026-07-05 23:12:08 UTC,succeeded,1999
pa_000847,e_000847,u_000847,2026-07-05 15:14:47 UTC,succeeded,1999
pa_000848,e_000848,u_000848,2026-07-05 22:22:08 UTC,succeeded,1999
pa_000849,e_000849,u_000849,2026-07-05 05:11:38 UTC,succeeded,1999
pa_000850,e_000850,u_000850,2026-07-05 14:51:47 UTC,succeeded,1999
pa_000851,e_000851,u_000851,2026-07-05 15:37:44 UTC,succeeded,1999
pa_000852,e_000852,u_000852,2026-07-05 03:09:52 UTC,succeeded,1999
pa_000853,e_000853,u_000853,2026-07-05 20:56:02 UTC,succeeded,1999
pa_000854,e_000854,u_000854,2026-07-05 07:44:42 UTC,succeeded,1999
pa_000855,e_000855,u_000855,2026-07-05 09:17:49 UTC,succeeded,1999
pa_000856,e_000856,u_000856,2026-07-05 01:00:20 UTC,succeeded,1999
pa_000857,e_000857,u_000857,2026-07-05 14:40:54 UTC,succeeded,1999
pa_000858,e_000858,u_000858,2026-07-05 09:49:37 UTC,succeeded,1999
pa_000859,e_000859,u_000859,2026-07-05 23:25:04 UTC,succeeded,1999
pa_000860,e_000860,u_000860,2026-07-05 00:36:14 UTC,succeeded,1999
pa_000861,e_000861,u_000861,2026-07-05 04:42:35 UTC,succeeded,1999
pa_000862,e_000862,u_000862,2026-07-05 23:25:20 UTC,succeeded,1999
pa_000863,e_000863,u_000863,2026-07-05 00:40:54 UTC,succeeded,1999
pa_000864,e_000864,u_000864,2026-07-05 19:35:23 UTC,succeeded,1999
pa_000865,e_000865,u_000865,2026-07-05 17:13:58 UTC,succeeded,1999
pa_000866,e_000866,u_000866,2026-07-05 07:08:33 UTC,succeeded,1999
pa_000867,e_000867,u_000867,2026-07-05 14:26:18 UTC,succeeded,1999
pa_000868,e_000868,u_000868,2026-07-05 22:50:09 UTC,succeeded,1999
pa_000869,e_000869,u_000869,2026-07-05 10:48:03 UTC,succeeded,1999
pa_000870,e_000870,u_000870,2026-07-05 09:19:55 UTC,succeeded,1999
pa_000871,e_000871,u_000871,2026-07-05 16:37:50 UTC,succeeded,1999
pa_000872,e_000872,u_000872,2026-07-05 18:11:14 UTC,succeeded,1999
pa_000873,e_000873,u_000873,2026-07-05 04:51:49 UTC,succeeded,1999
pa_000874,e_000874,u_000874,2026-07-06 12:55:39 UTC,succeeded,1999
pa_000875,e_000875,u_000875,2026-07-06 04:51:17 UTC,succeeded,1999
pa_000876,e_000876,u_000876,2026-07-06 22:51:18 UTC,succeeded,1999
pa_000877,e_000877,u_000877,2026-07-06 07:48:37 UTC,succeeded,1999
pa_000878,e_000878,u_000878,2026-07-06 22:02:41 UTC,succeeded,1999
pa_000879,e_000879,u_000879,2026-07-06 05:18:05 UTC,succeeded,1999
pa_000880,e_000880,u_000880,2026-07-06 09:57:59 UTC,succeeded,1999
pa_000881,e_000881,u_000881,2026-07-06 09:39:29 UTC,succeeded,1999
pa_000882,e_000882,u_000882,2026-07-06 22:46:21 UTC,succeeded,1999
pa_000883,e_000883,u_000883,2026-07-06 14:33:37 UTC,succeeded,1999
pa_000884,e_000884,u_000884,2026-07-06 07:29:49 UTC,succeeded,1999
pa_000885,e_000885,u_000885,2026-07-06 17:01:10 UTC,succeeded,1999
pa_000886,e_000886,u_000886,2026-07-06 05:04:55 UTC,succeeded,1999
pa_000887,e_000887,u_000887,2026-07-06 19:19:44 UTC,succeeded,1999
pa_000888,e_000888,u_000888,2026-07-06 10:30:12 UTC,succeeded,1999
pa_000889,e_000889,u_000889,2026-07-06 12:11:51 UTC,succeeded,1999
pa_000890,e_000890,u_000890,2026-07-06 13:32:36 UTC,succeeded,1999
pa_000891,e_000891,u_000891,2026-07-06 12:23:59 UTC,succeeded,1999
pa_000892,e_000892,u_000892,2026-07-06 04:34:11 UTC,succeeded,1999
pa_000893,e_000893,u_000893,2026-07-06 19:55:54 UTC,succeeded,1999
pa_000894,e_000894,u_000894,2026-07-06 08:23:42 UTC,succeeded,1999
pa_000895,e_000895,u_000895,2026-07-06 21:24:05 UTC,succeeded,1999
pa_000896,e_000896,u_000896,2026-07-06 03:53:18 UTC,succeeded,1999
pa_000897,e_000897,u_000897,2026-07-06 12:02:08 UTC,succeeded,1999
pa_000898,e_000898,u_000898,2026-07-06 05:13:17 UTC,succeeded,1999
pa_000899,e_000899,u_000899,2026-07-06 19:33:35 UTC,succeeded,1999
pa_000900,e_000900,u_000900,2026-07-06 01:14:58 UTC,succeeded,1999
pa_000901,e_000901,u_000901,2026-07-06 23:04:40 UTC,succeeded,1999
pa_000902,e_000902,u_000902,2026-07-06 07:16:28 UTC,succeeded,1999
pa_000903,e_000903,u_000903,2026-07-06 06:18:44 UTC,succeeded,1999
pa_000904,e_000904,u_000904,2026-07-06 23:04:18 UTC,succeeded,1999
pa_000905,e_000905,u_000905,2026-07-06 23:33:29 UTC,succeeded,1999
pa_000906,e_000906,u_000906,2026-07-06 14:36:31 UTC,succeeded,1999
pa_000907,e_000907,u_000907,2026-07-06 10:51:57 UTC,succeeded,1999
pa_000908,e_000908,u_000908,2026-07-06 00:35:27 UTC,succeeded,1999
pa_000909,e_000909,u_000909,2026-07-06 16:07:41 UTC,succeeded,1999
pa_000910,e_000910,u_000910,2026-07-06 09:23:31 UTC,succeeded,1999
pa_000911,e_000911,u_000911,2026-07-06 08:09:07 UTC,succeeded,1999
pa_000912,e_000912,u_000912,2026-07-06 07:22:24 UTC,succeeded,1999
pa_000913,e_000913,u_000913,2026-07-06 01:53:34 UTC,succeeded,1999
pa_000914,e_000914,u_000914,2026-07-06 08:41:17 UTC,succeeded,1999
pa_000915,e_000915,u_000915,2026-07-06 17:11:56 UTC,succeeded,1999
pa_000916,e_000916,u_000916,2026-07-06 15:54:14 UTC,succeeded,1999
pa_000917,e_000917,u_000917,2026-07-06 07:27:36 UTC,succeeded,1999
pa_000918,e_000918,u_000918,2026-07-06 08:05:07 UTC,succeeded,1999
pa_000919,e_000919,u_000919,2026-07-06 18:09:48 UTC,succeeded,1999
pa_000920,e_000920,u_000920,2026-07-06 22:14:24 UTC,succeeded,1999
pa_000921,e_000921,u_000921,2026-07-06 03:13:22 UTC,succeeded,1999
pa_000922,e_000922,u_000922,2026-07-06 06:00:11 UTC,succeeded,1999
pa_000923,e_000923,u_000923,2026-07-06 17:44:27 UTC,succeeded,1999
pa_000924,e_000924,u_000924,2026-07-06 19:56:50 UTC,succeeded,1999
pa_000925,e_000925,u_000925,2026-07-06 14:11:17 UTC,succeeded,1999
pa_000926,e_000926,u_000926,2026-07-06 16:47:23 UTC,succeeded,1999
pa_000927,e_000927,u_000927,2026-07-06 16:28:25 UTC,succeeded,1999
pa_000928,e_000928,u_000928,2026-07-06 17:59:04 UTC,succeeded,1999
pa_000929,e_000929,u_000929,2026-07-06 23:16:48 UTC,succeeded,1999
pa_000930,e_000930,u_000930,2026-07-06 13:17:55 UTC,succeeded,1999
pa_000931,e_000931,u_000931,2026-07-06 13:28:15 UTC,succeeded,1999
pa_000932,e_000932,u_000932,2026-07-06 05:04:15 UTC,succeeded,1999
pa_000933,e_000933,u_000933,2026-07-06 09:06:41 UTC,succeeded,1999
pa_000934,e_000934,u_000934,2026-07-06 18:26:11 UTC,succeeded,1999
pa_000935,e_000935,u_000935,2026-07-06 07:18:25 UTC,succeeded,1999
pa_000936,e_000936,u_000936,2026-07-06 14:08:51 UTC,succeeded,1999
pa_000937,e_000937,u_000937,2026-07-06 18:08:03 UTC,succeeded,1999
pa_000938,e_000938,u_000938,2026-07-06 09:50:56 UTC,succeeded,1999
pa_000939,e_000939,u_000939,2026-07-06 21:18:05 UTC,succeeded,1999
pa_000940,e_000940,u_000940,2026-07-06 14:16:14 UTC,succeeded,1999
pa_000941,e_000941,u_000941,2026-07-06 17:46:14 UTC,succeeded,1999
pa_000942,e_000942,u_000942,2026-07-06 05:06:26 UTC,succeeded,1999
pa_000943,e_000943,u_000943,2026-07-06 11:45:37 UTC,succeeded,1999
pa_000944,e_000944,u_000944,2026-07-06 19:22:09 UTC,succeeded,1999
pa_000945,e_000945,u_000945,2026-07-06 17:28:32 UTC,succeeded,1999
pa_000946,e_000946,u_000946,2026-07-06 13:56:20 UTC,succeeded,1999
pa_000947,e_000947,u_000947,2026-07-06 20:20:25 UTC,succeeded,1999
pa_000948,e_000948,u_000948,2026-07-06 16:28:44 UTC,succeeded,1999
pa_000949,e_000949,u_000949,2026-07-06 04:46:30 UTC,succeeded,1999
pa_000950,e_000950,u_000950,2026-07-06 12:28:00 UTC,succeeded,1999
pa_000951,e_000951,u_000951,2026-07-06 07:57:58 UTC,succeeded,1999
pa_000952,e_000952,u_000952,2026-07-06 13:57:24 UTC,succeeded,1999
pa_000953,e_000953,u_000953,2026-07-06 00:13:59 UTC,succeeded,1999
pa_000954,e_000954,u_000954,2026-07-06 01:40:28 UTC,succeeded,1999
pa_000955,e_000955,u_000955,2026-07-06 04:09:06 UTC,succeeded,1999
pa_000956,e_000956,u_000956,2026-07-06 04:45:31 UTC,succeeded,1999
pa_000957,e_000957,u_000957,2026-07-06 19:51:16 UTC,succeeded,1999
pa_000958,e_000958,u_000958,2026-07-06 19:21:58 UTC,succeeded,1999
pa_000959,e_000959,u_000959,2026-07-06 00:20:54 UTC,succeeded,1999
pa_000960,e_000960,u_000960,2026-07-06 06:44:52 UTC,succeeded,1999
pa_000961,e_000961,u_000961,2026-07-06 10:56:30 UTC,succeeded,1999
pa_000962,e_000962,u_000962,2026-07-06 08:32:47 UTC,succeeded,1999
pa_000963,e_000963,u_000963,2026-07-06 17:50:10 UTC,succeeded,1999
pa_000964,e_000964,u_000964,2026-07-06 19:25:37 UTC,succeeded,1999
pa_000965,e_000965,u_000965,2026-07-06 09:57:18 UTC,succeeded,1999
pa_000966,e_000966,u_000966,2026-07-06 14:44:14 UTC,succeeded,1999
pa_000967,e_000967,u_000967,2026-07-06 10:36:14 UTC,succeeded,1999
pa_000968,e_000968,u_000968,2026-07-06 12:47:11 UTC,succeeded,1999
pa_000969,e_000969,u_000969,2026-07-06 04:29:19 UTC,succeeded,1999
pa_000970,e_000970,u_000970,2026-07-06 02:33:43 UTC,succeeded,1999
pa_000971,e_000971,u_000971,2026-07-06 22:14:51 UTC,succeeded,1999
pa_000972,e_000972,u_000972,2026-07-06 12:58:04 UTC,succeeded,1999
pa_000973,e_000973,u_000973,2026-07-06 11:31:31 UTC,succeeded,1999
pa_000974,e_000974,u_000974,2026-07-06 05:20:35 UTC,succeeded,1999
pa_000975,e_000975,u_000975,2026-07-06 12:58:40 UTC,succeeded,1999
pa_000976,e_000976,u_000976,2026-07-06 15:25:58 UTC,succeeded,1999
pa_000977,e_000977,u_000977,2026-07-06 20:39:11 UTC,succeeded,1999
pa_000978,e_000978,u_000978,2026-07-06 20:55:35 UTC,succeeded,1999
pa_000979,e_000979,u_000979,2026-07-06 08:27:40 UTC,succeeded,1999
pa_000980,e_000980,u_000980,2026-07-06 20:32:58 UTC,succeeded,1999
pa_000981,e_000981,u_000981,2026-07-06 13:08:03 UTC,succeeded,1999
pa_000982,e_000982,u_000982,2026-07-06 17:17:59 UTC,succeeded,1999
pa_000983,e_000983,u_000983,2026-07-06 13:26:19 UTC,succeeded,1999
pa_000984,e_000984,u_000984,2026-07-06 20:17:43 UTC,succeeded,1999
pa_000985,e_000985,u_000985,2026-07-06 23:11:46 UTC,succeeded,1999
pa_000986,e_000986,u_000986,2026-07-06 15:49:22 UTC,succeeded,1999
pa_000987,e_000987,u_000987,2026-07-06 01:23:16 UTC,succeeded,1999
pa_000988,e_000988,u_000988,2026-07-06 19:29:00 UTC,succeeded,1999
pa_000989,e_000989,u_000989,2026-07-06 02:30:44 UTC,succeeded,1999
pa_000990,e_000990,u_000990,2026-07-06 10:06:10 UTC,succeeded,1999
pa_000991,e_000991,u_000991,2026-07-06 19:19:45 UTC,succeeded,1999
pa_000992,e_000992,u_000992,2026-07-06 22:19:06 UTC,succeeded,1999
pa_000993,e_000993,u_000993,2026-07-06 13:56:50 UTC,succeeded,1999
pa_000994,e_000994,u_000994,2026-07-06 05:02:24 UTC,succeeded,1999
pa_000995,e_000995,u_000995,2026-07-06 17:53:27 UTC,succeeded,1999
pa_000996,e_000996,u_000996,2026-07-06 06:43:07 UTC,succeeded,1999
pa_000997,e_000997,u_000997,2026-07-06 05:16:06 UTC,succeeded,1999
pa_000998,e_000998,u_000998,2026-07-06 12:04:07 UTC,succeeded,1999
pa_000999,e_000999,u_000999,2026-07-06 13:31:08 UTC,succeeded,1999
pa_001000,e_001000,u_001000,2026-07-06 04:36:56 UTC,succeeded,1999
pa_001001,e_001001,u_001001,2026-07-06 01:11:31 UTC,succeeded,1999
pa_001002,e_001002,u_001002,2026-07-06 16:07:13 UTC,succeeded,1999
pa_001003,e_001003,u_001003,2026-07-06 00:30:49 UTC,succeeded,1999
pa_001004,e_001004,u_001004,2026-07-06 08:53:08 UTC,succeeded,1999
pa_001005,e_001005,u_001005,2026-07-06 19:31:32 UTC,succeeded,1999
pa_001006,e_001006,u_001006,2026-07-06 18:04:49 UTC,succeeded,1999
pa_001007,e_001007,u_001007,2026-07-06 00:39:27 UTC,succeeded,1999
pa_001008,e_001008,u_001008,2026-07-06 20:26:41 UTC,succeeded,1999
pa_001009,e_001009,u_001009,2026-07-06 02:08:11 UTC,succeeded,1999
pa_001010,e_001010,u_001010,2026-07-06 09:45:07 UTC,succeeded,1999
pa_001011,e_001011,u_001011,2026-07-06 17:10:13 UTC,succeeded,1999
pa_001012,e_001012,u_001012,2026-07-06 00:33:54 UTC,succeeded,1999
pa_001013,e_001013,u_001013,2026-07-06 06:31:23 UTC,succeeded,1999
pa_001014,e_001014,u_001014,2026-07-07 08:32:48 UTC,succeeded,1999
pa_001015,e_001015,u_001015,2026-07-07 13:37:37 UTC,succeeded,1999
pa_001016,e_001016,u_001016,2026-07-07 02:35:02 UTC,succeeded,1999
pa_001017,e_001017,u_001017,2026-07-07 09:54:58 UTC,succeeded,1999
pa_001018,e_001018,u_001018,2026-07-07 03:47:58 UTC,succeeded,1999
pa_001019,e_001019,u_001019,2026-07-07 05:55:02 UTC,succeeded,1999
pa_001020,e_001020,u_001020,2026-07-07 05:49:41 UTC,succeeded,1999
pa_001021,e_001021,u_001021,2026-07-07 08:47:52 UTC,succeeded,1999
pa_001022,e_001022,u_001022,2026-07-07 16:09:39 UTC,succeeded,1999
pa_001023,e_001023,u_001023,2026-07-07 08:44:42 UTC,succeeded,1999
pa_001024,e_001024,u_001024,2026-07-07 23:25:41 UTC,succeeded,1999
pa_001025,e_001025,u_001025,2026-07-07 21:34:39 UTC,succeeded,1999
pa_001026,e_001026,u_001026,2026-07-07 20:28:34 UTC,succeeded,1999
pa_001027,e_001027,u_001027,2026-07-07 09:34:30 UTC,succeeded,1999
pa_001028,e_001028,u_001028,2026-07-07 11:11:21 UTC,succeeded,1999
pa_001029,e_001029,u_001029,2026-07-07 13:46:00 UTC,succeeded,1999
pa_001030,e_001030,u_001030,2026-07-07 16:33:49 UTC,succeeded,1999
pa_001031,e_001031,u_001031,2026-07-07 17:12:28 UTC,succeeded,1999
pa_001032,e_001032,u_001032,2026-07-07 17:25:15 UTC,succeeded,1999
pa_001033,e_001033,u_001033,2026-07-07 22:35:44 UTC,succeeded,1999
pa_001034,e_001034,u_001034,2026-07-07 14:25:35 UTC,succeeded,1999
pa_001035,e_001035,u_001035,2026-07-07 00:11:08 UTC,succeeded,1999
pa_001036,e_001036,u_001036,2026-07-07 09:42:49 UTC,succeeded,1999
pa_001037,e_001037,u_001037,2026-07-07 09:42:57 UTC,succeeded,1999
pa_001038,e_001038,u_001038,2026-07-07 17:07:47 UTC,succeeded,1999
pa_001039,e_001039,u_001039,2026-07-07 07:36:39 UTC,succeeded,1999
pa_001040,e_001040,u_001040,2026-07-07 20:17:01 UTC,succeeded,1999
pa_001041,e_001041,u_001041,2026-07-07 09:53:29 UTC,succeeded,1999
pa_001042,e_001042,u_001042,2026-07-07 14:03:26 UTC,succeeded,1999
pa_001043,e_001043,u_001043,2026-07-07 11:41:46 UTC,succeeded,1999
pa_001044,e_001044,u_001044,2026-07-07 08:04:03 UTC,succeeded,1999
pa_001045,e_001045,u_001045,2026-07-07 16:04:36 UTC,succeeded,1999
pa_001046,e_001046,u_001046,2026-07-07 12:05:29 UTC,succeeded,1999
pa_001047,e_001047,u_001047,2026-07-07 12:40:07 UTC,succeeded,1999
pa_001048,e_001048,u_001048,2026-07-07 01:31:06 UTC,succeeded,1999
pa_001049,e_001049,u_001049,2026-07-07 00:28:28 UTC,succeeded,1999
pa_001050,e_001050,u_001050,2026-07-07 19:36:49 UTC,succeeded,1999
pa_001051,e_001051,u_001051,2026-07-07 03:02:13 UTC,succeeded,1999
pa_001052,e_001052,u_001052,2026-07-07 06:11:14 UTC,succeeded,1999
pa_001053,e_001053,u_001053,2026-07-07 21:04:20 UTC,succeeded,1999
pa_001054,e_001054,u_001054,2026-07-07 10:01:51 UTC,succeeded,1999
pa_001055,e_001055,u_001055,2026-07-07 11:52:57 UTC,succeeded,1999
pa_001056,e_001056,u_001056,2026-07-07 15:45:27 UTC,succeeded,1999
pa_001057,e_001057,u_001057,2026-07-07 02:32:46 UTC,succeeded,1999
pa_001058,e_001058,u_001058,2026-07-07 11:42:44 UTC,succeeded,1999
pa_001059,e_001059,u_001059,2026-07-07 04:58:07 UTC,succeeded,1999
pa_001060,e_001060,u_001060,2026-07-07 19:40:22 UTC,succeeded,1999
pa_001061,e_001061,u_001061,2026-07-07 07:24:17 UTC,succeeded,1999
pa_001062,e_001062,u_001062,2026-07-07 08:18:45 UTC,succeeded,1999
pa_001063,e_001063,u_001063,2026-07-07 21:15:30 UTC,succeeded,1999
pa_001064,e_001064,u_001064,2026-07-07 20:34:28 UTC,succeeded,1999
pa_001065,e_001065,u_001065,2026-07-07 02:29:07 UTC,succeeded,1999
pa_001066,e_001066,u_001066,2026-07-07 21:20:50 UTC,succeeded,1999
pa_001067,e_001067,u_001067,2026-07-07 04:01:15 UTC,succeeded,1999
pa_001068,e_001068,u_001068,2026-07-07 06:43:46 UTC,succeeded,1999
pa_001069,e_001069,u_001069,2026-07-07 02:31:37 UTC,succeeded,1999
pa_001070,e_001070,u_001070,2026-07-07 16:38:23 UTC,succeeded,1999
pa_001071,e_001071,u_001071,2026-07-07 05:35:41 UTC,succeeded,1999
pa_001072,e_001072,u_001072,2026-07-07 21:17:42 UTC,succeeded,1999
pa_001073,e_001073,u_001073,2026-07-07 23:43:23 UTC,succeeded,1999
pa_001074,e_001074,u_001074,2026-07-07 10:18:46 UTC,succeeded,1999
pa_001075,e_001075,u_001075,2026-07-07 19:19:49 UTC,succeeded,1999
pa_001076,e_001076,u_001076,2026-07-07 12:27:26 UTC,succeeded,1999
pa_001077,e_001077,u_001077,2026-07-07 03:31:18 UTC,succeeded,1999
pa_001078,e_001078,u_001078,2026-07-07 15:56:29 UTC,succeeded,1999
pa_001079,e_001079,u_001079,2026-07-07 09:07:04 UTC,succeeded,1999
pa_001080,e_001080,u_001080,2026-07-07 23:44:07 UTC,succeeded,1999
pa_001081,e_001081,u_001081,2026-07-07 03:42:16 UTC,succeeded,1999
pa_001082,e_001082,u_001082,2026-07-07 18:51:27 UTC,succeeded,1999
pa_001083,e_001083,u_001083,2026-07-07 00:20:00 UTC,succeeded,1999
pa_001084,e_001084,u_001084,2026-07-07 10:24:36 UTC,succeeded,1999
pa_001085,e_001085,u_001085,2026-07-07 20:06:47 UTC,succeeded,1999
pa_001086,e_001086,u_001086,2026-07-07 15:50:02 UTC,succeeded,1999
pa_001087,e_001087,u_001087,2026-07-07 11:12:42 UTC,succeeded,1999
pa_001088,e_001088,u_001088,2026-07-07 05:58:33 UTC,succeeded,1999
pa_001089,e_001089,u_001089,2026-07-07 21:20:24 UTC,succeeded,1999
pa_001090,e_001090,u_001090,2026-07-07 23:31:41 UTC,succeeded,1999
pa_001091,e_001091,u_001091,2026-07-07 09:14:25 UTC,succeeded,1999
pa_001092,e_001092,u_001092,2026-07-07 14:48:32 UTC,succeeded,1999
pa_001093,e_001093,u_001093,2026-07-07 23:08:25 UTC,succeeded,1999
pa_001094,e_001094,u_001094,2026-07-07 03:11:48 UTC,succeeded,1999
pa_001095,e_001095,u_001095,2026-07-07 18:03:20 UTC,succeeded,1999
pa_001096,e_001096,u_001096,2026-07-07 05:01:32 UTC,succeeded,1999
pa_001097,e_001097,u_001097,2026-07-07 23:40:49 UTC,succeeded,1999
pa_001098,e_001098,u_001098,2026-07-07 21:45:38 UTC,succeeded,1999
pa_001099,e_001099,u_001099,2026-07-07 21:16:21 UTC,succeeded,1999
pa_001100,e_001100,u_001100,2026-07-07 07:15:41 UTC,succeeded,1999
pa_001101,e_001101,u_001101,2026-07-07 16:19:28 UTC,succeeded,1999
pa_001102,e_001102,u_001102,2026-07-07 03:17:58 UTC,succeeded,1999
pa_001103,e_001103,u_001103,2026-07-07 06:08:54 UTC,succeeded,1999
pa_001104,e_001104,u_001104,2026-07-07 10:24:48 UTC,succeeded,1999
pa_001105,e_001105,u_001105,2026-07-07 00:01:11 UTC,succeeded,1999
pa_001106,e_001106,u_001106,2026-07-07 05:43:30 UTC,succeeded,1999
pa_001107,e_001107,u_001107,2026-07-07 16:24:38 UTC,succeeded,1999
pa_001108,e_001108,u_001108,2026-07-07 04:25:11 UTC,succeeded,1999
pa_001109,e_001109,u_001109,2026-07-07 08:07:12 UTC,succeeded,1999
pa_001110,e_001110,u_001110,2026-07-07 14:58:21 UTC,succeeded,1999
pa_001111,e_001111,u_001111,2026-07-07 01:18:41 UTC,succeeded,1999
pa_001112,e_001112,u_001112,2026-07-07 14:26:16 UTC,succeeded,1999
pa_001113,e_001113,u_001113,2026-07-07 14:24:09 UTC,succeeded,1999
pa_001114,e_001114,u_001114,2026-07-07 11:07:14 UTC,succeeded,1999
pa_001115,e_001115,u_001115,2026-07-07 02:17:59 UTC,succeeded,1999
pa_001116,e_001116,u_001116,2026-07-08 12:06:04 UTC,succeeded,1999
pa_001117,e_001117,u_001117,2026-07-08 09:59:46 UTC,succeeded,1999
pa_001118,e_001118,u_001118,2026-07-08 13:54:23 UTC,succeeded,1999
pa_001119,e_001119,u_001119,2026-07-08 18:29:56 UTC,succeeded,1999
pa_001120,e_001120,u_001120,2026-07-08 07:02:56 UTC,succeeded,1999
pa_001121,e_001121,u_001121,2026-07-08 09:48:47 UTC,succeeded,1999
pa_001122,e_001122,u_001122,2026-07-08 07:22:31 UTC,succeeded,1999
pa_001123,e_001123,u_001123,2026-07-08 20:24:08 UTC,succeeded,1999
pa_001124,e_001124,u_001124,2026-07-08 06:31:09 UTC,succeeded,1999
pa_001125,e_001125,u_001125,2026-07-08 03:43:33 UTC,succeeded,1999
pa_001126,e_001126,u_001126,2026-07-08 06:00:58 UTC,succeeded,1999
pa_001127,e_001127,u_001127,2026-07-08 22:27:32 UTC,succeeded,1999
pa_001128,e_001128,u_001128,2026-07-08 14:06:32 UTC,succeeded,1999
pa_001129,e_001129,u_001129,2026-07-08 18:22:38 UTC,succeeded,1999
pa_001130,e_001130,u_001130,2026-07-08 01:25:33 UTC,succeeded,1999
pa_001131,e_001131,u_001131,2026-07-08 08:33:15 UTC,succeeded,1999
pa_001132,e_001132,u_001132,2026-07-08 09:38:31 UTC,succeeded,1999
pa_001133,e_001133,u_001133,2026-07-08 19:16:37 UTC,succeeded,1999
pa_001134,e_001134,u_001134,2026-07-08 04:48:37 UTC,succeeded,1999
pa_001135,e_001135,u_001135,2026-07-08 07:17:53 UTC,succeeded,1999
pa_001136,e_001136,u_001136,2026-07-08 08:43:53 UTC,succeeded,1999
pa_001137,e_001137,u_001137,2026-07-08 12:58:26 UTC,succeeded,1999
pa_001138,e_001138,u_001138,2026-07-08 16:09:00 UTC,succeeded,1999
pa_001139,e_001139,u_001139,2026-07-08 16:08:41 UTC,succeeded,1999
pa_001140,e_001140,u_001140,2026-07-08 03:03:50 UTC,succeeded,1999
pa_001141,e_001141,u_001141,2026-07-08 12:54:17 UTC,succeeded,1999
pa_001142,e_001142,u_001142,2026-07-08 11:49:44 UTC,succeeded,1999
pa_001143,e_001143,u_001143,2026-07-08 06:49:49 UTC,succeeded,1999
pa_001144,e_001144,u_001144,2026-07-08 19:43:33 UTC,succeeded,1999
pa_001145,e_001145,u_001145,2026-07-08 15:25:01 UTC,succeeded,1999
pa_001146,e_001146,u_001146,2026-07-08 16:31:37 UTC,succeeded,1999
pa_001147,e_001147,u_001147,2026-07-08 22:03:46 UTC,succeeded,1999
pa_001148,e_001148,u_001148,2026-07-08 02:34:38 UTC,succeeded,1999
pa_001149,e_001149,u_001149,2026-07-08 13:15:47 UTC,succeeded,1999
pa_001150,e_001150,u_001150,2026-07-08 07:27:55 UTC,succeeded,1999
pa_001151,e_001151,u_001151,2026-07-08 03:59:50 UTC,succeeded,1999
pa_001152,e_001152,u_001152,2026-07-08 15:21:54 UTC,succeeded,1999
pa_001153,e_001153,u_001153,2026-07-08 09:15:30 UTC,succeeded,1999
pa_001154,e_001154,u_001154,2026-07-08 23:05:32 UTC,succeeded,1999
pa_001155,e_001155,u_001155,2026-07-08 08:49:25 UTC,succeeded,1999
pa_001156,e_001156,u_001156,2026-07-08 15:35:47 UTC,succeeded,1999
pa_001157,e_001157,u_001157,2026-07-08 17:40:12 UTC,succeeded,1999
pa_001158,e_001158,u_001158,2026-07-08 14:41:32 UTC,succeeded,1999
pa_001159,e_001159,u_001159,2026-07-08 17:06:51 UTC,succeeded,1999
pa_001160,e_001160,u_001160,2026-07-08 08:40:14 UTC,succeeded,1999
pa_001161,e_001161,u_001161,2026-07-08 19:42:51 UTC,succeeded,1999
pa_001162,e_001162,u_001162,2026-07-08 03:53:00 UTC,succeeded,1999
pa_001163,e_001163,u_001163,2026-07-08 02:19:12 UTC,succeeded,1999
pa_001164,e_001164,u_001164,2026-07-08 08:06:15 UTC,succeeded,1999
pa_001165,e_001165,u_001165,2026-07-08 11:36:00 UTC,succeeded,1999
pa_001166,e_001166,u_001166,2026-07-08 21:38:14 UTC,succeeded,1999
pa_001167,e_001167,u_001167,2026-07-08 08:18:52 UTC,succeeded,1999
pa_001168,e_001168,u_001168,2026-07-08 00:37:40 UTC,succeeded,1999
pa_001169,e_001169,u_001169,2026-07-08 15:06:58 UTC,succeeded,1999
pa_001170,e_001170,u_001170,2026-07-08 01:40:26 UTC,succeeded,1999
pa_001171,e_001171,u_001171,2026-07-08 22:44:31 UTC,succeeded,1999
pa_001172,e_001172,u_001172,2026-07-08 18:05:03 UTC,succeeded,1999
pa_001173,e_001173,u_001173,2026-07-08 05:06:30 UTC,succeeded,1999
pa_001174,e_001174,u_001174,2026-07-08 12:02:08 UTC,succeeded,1999
pa_001175,e_001175,u_001175,2026-07-08 07:30:45 UTC,succeeded,1999
pa_001176,e_001176,u_001176,2026-07-08 05:03:22 UTC,succeeded,1999
pa_001177,e_001177,u_001177,2026-07-08 15:53:51 UTC,succeeded,1999
pa_001178,e_001178,u_001178,2026-07-08 10:07:53 UTC,succeeded,1999
pa_001179,e_001179,u_001179,2026-07-08 14:12:50 UTC,succeeded,1999
pa_001180,e_001180,u_001180,2026-07-08 00:11:06 UTC,succeeded,1999
pa_001181,e_001181,u_001181,2026-07-08 03:36:43 UTC,succeeded,1999
pa_001182,e_001182,u_001182,2026-07-08 19:44:09 UTC,succeeded,1999
pa_001183,e_001183,u_001183,2026-07-08 15:03:08 UTC,succeeded,1999
pa_001184,e_001184,u_001184,2026-07-08 00:40:12 UTC,succeeded,1999
pa_001185,e_001185,u_001185,2026-07-08 06:12:23 UTC,succeeded,1999
pa_001186,e_001186,u_001186,2026-07-08 20:41:00 UTC,succeeded,1999
pa_001187,e_001187,u_001187,2026-07-08 03:20:36 UTC,succeeded,1999
pa_001188,e_001188,u_001188,2026-07-08 10:30:30 UTC,succeeded,1999
pa_001189,e_001189,u_001189,2026-07-08 03:25:37 UTC,succeeded,1999
pa_001190,e_001190,u_001190,2026-07-08 13:04:28 UTC,succeeded,1999
pa_001191,e_001191,u_001191,2026-07-08 15:33:12 UTC,succeeded,1999
pa_001192,e_001192,u_001192,2026-07-08 02:15:58 UTC,succeeded,1999
pa_001193,e_001193,u_001193,2026-07-08 05:43:26 UTC,succeeded,1999
pa_001194,e_001194,u_001194,2026-07-08 17:34:40 UTC,succeeded,1999
pa_001195,e_001195,u_001195,2026-07-08 22:21:53 UTC,succeeded,1999
pa_001196,e_001196,u_001196,2026-07-08 19:35:10 UTC,succeeded,1999
pa_001197,e_001197,u_001197,2026-07-08 17:43:33 UTC,succeeded,1999
pa_001198,e_001198,u_001198,2026-07-08 19:57:40 UTC,succeeded,1999
pa_001199,e_001199,u_001199,2026-07-08 09:46:44 UTC,succeeded,1999
pa_001200,e_001200,u_001200,2026-07-08 16:48:21 UTC,succeeded,1999
pa_001201,e_001201,u_001201,2026-07-08 20:15:57 UTC,succeeded,1999
pa_001202,e_001202,u_001202,2026-07-08 06:28:17 UTC,succeeded,1999
pa_001203,e_001203,u_001203,2026-07-08 10:22:17 UTC,succeeded,1999
pa_001204,e_001204,u_001204,2026-07-08 19:26:10 UTC,succeeded,1999
pa_001205,e_001205,u_001205,2026-07-08 09:13:24 UTC,succeeded,1999
pa_001206,e_001206,u_001206,2026-07-08 04:54:29 UTC,succeeded,1999
pa_001207,e_001207,u_001207,2026-07-08 02:23:04 UTC,succeeded,1999
pa_001208,e_001208,u_001208,2026-07-08 16:52:38 UTC,succeeded,1999
pa_001209,e_001209,u_001209,2026-07-08 13:02:08 UTC,succeeded,1999
pa_001210,e_001210,u_001210,2026-07-08 08:36:44 UTC,succeeded,1999
pa_001211,e_001211,u_001211,2026-07-08 05:19:06 UTC,succeeded,1999
pa_001212,e_001212,u_001212,2026-07-08 12:47:24 UTC,succeeded,1999
pa_001213,e_001213,u_001213,2026-07-08 21:24:24 UTC,succeeded,1999
pa_001214,e_001214,u_001214,2026-07-08 20:52:21 UTC,succeeded,1999
pa_001215,e_001215,u_001215,2026-07-08 10:10:25 UTC,succeeded,1999
pa_001216,e_001216,u_001216,2026-07-08 13:26:24 UTC,succeeded,1999
pa_001217,e_001217,u_001217,2026-07-08 23:50:28 UTC,succeeded,1999
pa_001218,e_001218,u_001218,2026-07-08 16:46:21 UTC,succeeded,1999
pa_001219,e_001219,u_001219,2026-07-08 14:26:21 UTC,succeeded,1999
pa_001220,e_001220,u_001220,2026-07-08 00:05:44 UTC,succeeded,1999
pa_001221,e_001221,u_001221,2026-07-08 15:27:46 UTC,succeeded,1999
pa_001222,e_001222,u_001222,2026-07-08 06:24:42 UTC,succeeded,1999
pa_001223,e_001223,u_001223,2026-07-08 18:22:49 UTC,succeeded,1999
pa_001224,e_001224,u_001224,2026-07-08 19:35:45 UTC,succeeded,1999
pa_001225,e_001225,u_001225,2026-07-08 14:59:44 UTC,succeeded,1999
pa_001226,e_001226,u_001226,2026-07-08 15:40:59 UTC,succeeded,1999
pa_001227,e_001227,u_001227,2026-07-08 06:29:20 UTC,succeeded,1999
pa_001228,e_001228,u_001228,2026-07-08 06:33:32 UTC,succeeded,1999
pa_001229,e_001229,u_001229,2026-07-08 12:18:00 UTC,succeeded,1999
pa_001230,e_001230,u_001230,2026-07-08 05:56:44 UTC,succeeded,1999
pa_001231,e_001231,u_001231,2026-07-08 20:15:01 UTC,succeeded,1999
pa_001232,e_001232,u_001232,2026-07-08 01:10:14 UTC,succeeded,1999
pa_001233,e_001233,u_001233,2026-07-08 05:43:35 UTC,succeeded,1999
pa_001234,e_001234,u_001234,2026-07-08 07:54:20 UTC,succeeded,1999
pa_001235,e_001235,u_001235,2026-07-08 09:13:08 UTC,succeeded,1999
pa_001236,e_001236,u_001236,2026-07-08 23:26:25 UTC,succeeded,1999
pa_001237,e_001237,u_001237,2026-07-08 19:59:41 UTC,succeeded,1999
pa_001238,e_001238,u_001238,2026-07-08 09:35:08 UTC,succeeded,1999
pa_001239,e_001239,u_001239,2026-07-08 16:50:07 UTC,succeeded,1999
pa_001240,e_001240,u_001240,2026-07-08 19:20:50 UTC,succeeded,1999
pa_001241,e_001241,u_001241,2026-07-08 03:02:17 UTC,succeeded,1999
pa_001242,e_001242,u_001242,2026-07-08 14:52:25 UTC,succeeded,1999
pa_001243,e_001243,u_001243,2026-07-08 17:43:17 UTC,succeeded,1999
pa_001244,e_001244,u_001244,2026-07-08 04:33:59 UTC,succeeded,1999
pa_001245,e_001245,u_001245,2026-07-08 18:58:46 UTC,succeeded,1999
pa_001246,e_001246,u_001246,2026-07-08 04:12:50 UTC,succeeded,1999
pa_001247,e_001247,u_001247,2026-07-08 22:36:38 UTC,succeeded,1999
pa_001248,e_001248,u_001248,2026-07-08 01:28:05 UTC,succeeded,1999
pa_001249,e_001249,u_001249,2026-07-08 11:44:49 UTC,succeeded,1999
pa_001250,e_001250,u_001250,2026-07-08 19:23:46 UTC,succeeded,1999
pa_001251,e_001251,u_001251,2026-07-08 06:04:07 UTC,succeeded,1999
pa_001252,e_001252,u_001252,2026-07-08 20:24:15 UTC,succeeded,1999
pa_001253,e_001253,u_001253,2026-07-08 13:00:05 UTC,succeeded,1999
pa_001254,e_001254,u_001254,2026-07-08 21:03:41 UTC,succeeded,1999
pa_001255,e_001255,u_001255,2026-07-09 07:49:56 UTC,succeeded,1999
pa_001256,e_001256,u_001256,2026-07-09 06:11:41 UTC,succeeded,1999
pa_001257,e_001257,u_001257,2026-07-09 11:45:33 UTC,succeeded,1999
pa_001258,e_001258,u_001258,2026-07-09 08:16:31 UTC,succeeded,1999
pa_001259,e_001259,u_001259,2026-07-09 06:16:06 UTC,succeeded,1999
pa_001260,e_001260,u_001260,2026-07-09 19:38:55 UTC,succeeded,1999
pa_001261,e_001261,u_001261,2026-07-09 08:43:19 UTC,succeeded,1999
pa_001262,e_001262,u_001262,2026-07-09 17:06:48 UTC,succeeded,1999
pa_001263,e_001263,u_001263,2026-07-09 14:31:06 UTC,succeeded,1999
pa_001264,e_001264,u_001264,2026-07-09 19:31:05 UTC,succeeded,1999
pa_001265,e_001265,u_001265,2026-07-09 12:50:29 UTC,succeeded,1999
pa_001266,e_001266,u_001266,2026-07-09 00:46:17 UTC,succeeded,1999
pa_001267,e_001267,u_001267,2026-07-09 05:41:21 UTC,succeeded,1999
pa_001268,e_001268,u_001268,2026-07-09 02:18:19 UTC,succeeded,1999
pa_001269,e_001269,u_001269,2026-07-09 03:06:53 UTC,succeeded,1999
pa_001270,e_001270,u_001270,2026-07-09 23:55:46 UTC,succeeded,1999
pa_001271,e_001271,u_001271,2026-07-09 00:37:25 UTC,succeeded,1999
pa_001272,e_001272,u_001272,2026-07-09 05:41:58 UTC,succeeded,1999
pa_001273,e_001273,u_001273,2026-07-09 04:21:25 UTC,succeeded,1999
pa_001274,e_001274,u_001274,2026-07-09 21:18:33 UTC,succeeded,1999
pa_001275,e_001275,u_001275,2026-07-09 07:32:50 UTC,succeeded,1999
pa_001276,e_001276,u_001276,2026-07-09 02:06:13 UTC,succeeded,1999
pa_001277,e_001277,u_001277,2026-07-09 06:10:05 UTC,succeeded,1999
pa_001278,e_001278,u_001278,2026-07-09 07:43:48 UTC,succeeded,1999
pa_001279,e_001279,u_001279,2026-07-09 20:27:10 UTC,succeeded,1999
pa_001280,e_001280,u_001280,2026-07-09 17:58:20 UTC,succeeded,1999
pa_001281,e_001281,u_001281,2026-07-09 00:37:32 UTC,succeeded,1999
pa_001282,e_001282,u_001282,2026-07-09 11:51:13 UTC,succeeded,1999
pa_001283,e_001283,u_001283,2026-07-09 13:08:50 UTC,succeeded,1999
pa_001284,e_001284,u_001284,2026-07-09 20:18:11 UTC,succeeded,1999
pa_001285,e_001285,u_001285,2026-07-09 23:17:59 UTC,succeeded,1999
pa_001286,e_001286,u_001286,2026-07-09 20:22:46 UTC,succeeded,1999
pa_001287,e_001287,u_001287,2026-07-09 18:42:30 UTC,succeeded,1999
pa_001288,e_001288,u_001288,2026-07-09 19:16:01 UTC,succeeded,1999
pa_001289,e_001289,u_001289,2026-07-09 07:28:32 UTC,succeeded,1999
pa_001290,e_001290,u_001290,2026-07-09 03:04:22 UTC,succeeded,1999
pa_001291,e_001291,u_001291,2026-07-09 10:11:48 UTC,succeeded,1999
pa_001292,e_001292,u_001292,2026-07-09 17:16:47 UTC,succeeded,1999
pa_001293,e_001293,u_001293,2026-07-09 00:33:49 UTC,succeeded,1999
pa_001294,e_001294,u_001294,2026-07-09 20:18:00 UTC,succeeded,1999
pa_001295,e_001295,u_001295,2026-07-09 15:49:26 UTC,succeeded,1999
pa_001296,e_001296,u_001296,2026-07-09 04:47:28 UTC,succeeded,1999
pa_001297,e_001297,u_001297,2026-07-09 02:40:34 UTC,succeeded,1999
pa_001298,e_001298,u_001298,2026-07-09 21:46:57 UTC,succeeded,1999
pa_001299,e_001299,u_001299,2026-07-09 17:53:50 UTC,succeeded,1999
pa_001300,e_001300,u_001300,2026-07-09 05:42:33 UTC,succeeded,1999
pa_001301,e_001301,u_001301,2026-07-09 10:42:02 UTC,succeeded,1999
pa_001302,e_001302,u_001302,2026-07-09 05:00:07 UTC,succeeded,1999
pa_001303,e_001303,u_001303,2026-07-09 00:43:59 UTC,succeeded,1999
pa_001304,e_001304,u_001304,2026-07-09 14:42:23 UTC,succeeded,1999
pa_001305,e_001305,u_001305,2026-07-09 20:05:05 UTC,succeeded,1999
pa_001306,e_001306,u_001306,2026-07-09 01:23:34 UTC,succeeded,1999
pa_001307,e_001307,u_001307,2026-07-09 06:25:54 UTC,succeeded,1999
pa_001308,e_001308,u_001308,2026-07-09 10:10:52 UTC,succeeded,1999
pa_001309,e_001309,u_001309,2026-07-09 15:03:26 UTC,succeeded,1999
pa_001310,e_001310,u_001310,2026-07-09 23:30:15 UTC,succeeded,1999
pa_001311,e_001311,u_001311,2026-07-09 09:52:57 UTC,succeeded,1999
pa_001312,e_001312,u_001312,2026-07-09 06:26:47 UTC,succeeded,1999
pa_001313,e_001313,u_001313,2026-07-09 14:14:44 UTC,succeeded,1999
pa_001314,e_001314,u_001314,2026-07-09 06:16:19 UTC,succeeded,1999
pa_001315,e_001315,u_001315,2026-07-09 00:32:07 UTC,succeeded,1999
pa_001316,e_001316,u_001316,2026-07-09 02:28:31 UTC,succeeded,1999
pa_001317,e_001317,u_001317,2026-07-09 16:49:08 UTC,succeeded,1999
pa_001318,e_001318,u_001318,2026-07-09 14:25:22 UTC,succeeded,1999
pa_001319,e_001319,u_001319,2026-07-09 10:10:05 UTC,succeeded,1999
pa_001320,e_001320,u_001320,2026-07-09 16:21:27 UTC,succeeded,1999
pa_001321,e_001321,u_001321,2026-07-09 05:59:02 UTC,succeeded,1999
pa_001322,e_001322,u_001322,2026-07-09 02:50:45 UTC,succeeded,1999
pa_001323,e_001323,u_001323,2026-07-09 04:41:41 UTC,succeeded,1999
pa_001324,e_001324,u_001324,2026-07-09 19:51:51 UTC,succeeded,1999
pa_001325,e_001325,u_001325,2026-07-09 00:11:49 UTC,succeeded,1999
pa_001326,e_001326,u_001326,2026-07-09 23:57:47 UTC,succeeded,1999
pa_001327,e_001327,u_001327,2026-07-09 10:01:31 UTC,succeeded,1999
pa_001328,e_001328,u_001328,2026-07-09 05:11:06 UTC,succeeded,1999
pa_001329,e_001329,u_001329,2026-07-09 00:21:42 UTC,succeeded,1999
pa_001330,e_001330,u_001330,2026-07-09 16:03:00 UTC,succeeded,1999
pa_001331,e_001331,u_001331,2026-07-09 06:51:16 UTC,succeeded,1999
pa_001332,e_001332,u_001332,2026-07-09 18:54:45 UTC,succeeded,1999
pa_001333,e_001333,u_001333,2026-07-09 05:05:29 UTC,succeeded,1999
pa_001334,e_001334,u_001334,2026-07-09 21:37:46 UTC,succeeded,1999
pa_001335,e_001335,u_001335,2026-07-09 13:40:03 UTC,succeeded,1999
pa_001336,e_001336,u_001336,2026-07-09 02:28:00 UTC,succeeded,1999
pa_001337,e_001337,u_001337,2026-07-09 07:49:12 UTC,succeeded,1999
pa_001338,e_001338,u_001338,2026-07-09 09:00:29 UTC,succeeded,1999
pa_001339,e_001339,u_001339,2026-07-09 04:24:59 UTC,succeeded,1999
pa_001340,e_001340,u_001340,2026-07-09 13:09:07 UTC,succeeded,1999
pa_001341,e_001341,u_001341,2026-07-09 20:58:45 UTC,succeeded,1999
pa_001342,e_001342,u_001342,2026-07-09 06:36:40 UTC,succeeded,1999
pa_001343,e_001343,u_001343,2026-07-09 22:27:52 UTC,succeeded,1999
pa_001344,e_001344,u_001344,2026-07-09 18:54:51 UTC,succeeded,1999
pa_001345,e_001345,u_001345,2026-07-09 09:42:17 UTC,succeeded,1999
pa_001346,e_001346,u_001346,2026-07-09 18:41:55 UTC,succeeded,1999
pa_001347,e_001347,u_001347,2026-07-09 08:48:30 UTC,succeeded,1999
pa_001348,e_001348,u_001348,2026-07-09 01:02:52 UTC,succeeded,1999
pa_001349,e_001349,u_001349,2026-07-09 12:42:55 UTC,succeeded,1999
pa_001350,e_001350,u_001350,2026-07-09 09:06:37 UTC,succeeded,1999
pa_001351,e_001351,u_001351,2026-07-09 23:21:55 UTC,succeeded,1999
pa_001352,e_001352,u_001352,2026-07-09 02:05:19 UTC,succeeded,1999
pa_001353,e_001353,u_001353,2026-07-09 14:10:48 UTC,succeeded,1999
pa_001354,e_001354,u_001354,2026-07-09 02:56:16 UTC,succeeded,1999
pa_001355,e_001355,u_001355,2026-07-09 21:09:59 UTC,succeeded,1999
pa_001356,e_001356,u_001356,2026-07-09 20:16:03 UTC,succeeded,1999
pa_001357,e_001357,u_001357,2026-07-09 17:04:53 UTC,succeeded,1999
pa_001358,e_001358,u_001358,2026-07-09 06:11:32 UTC,succeeded,1999
pa_001359,e_001359,u_001359,2026-07-09 03:03:35 UTC,succeeded,1999
pa_001360,e_001360,u_001360,2026-07-09 18:37:52 UTC,succeeded,1999
pa_001361,e_001361,u_001361,2026-07-09 17:37:44 UTC,succeeded,1999
pa_001362,e_001362,u_001362,2026-07-09 11:47:14 UTC,succeeded,1999
pa_001363,e_001363,u_001363,2026-07-09 18:33:14 UTC,succeeded,1999
pa_001364,e_001364,u_001364,2026-07-09 06:08:25 UTC,succeeded,1999
pa_001365,e_001365,u_001365,2026-07-09 23:10:39 UTC,succeeded,1999
pa_001366,e_001366,u_001366,2026-07-09 07:09:58 UTC,succeeded,1999
pa_001367,e_001367,u_001367,2026-07-09 11:27:49 UTC,succeeded,1999
pa_001368,e_001368,u_001368,2026-07-09 15:47:45 UTC,succeeded,1999
pa_001369,e_001369,u_001369,2026-07-09 01:39:30 UTC,succeeded,1999
pa_001370,e_001370,u_001370,2026-07-09 12:40:04 UTC,succeeded,1999
pa_001371,e_001371,u_001371,2026-07-09 05:09:58 UTC,succeeded,1999
pa_001372,e_001372,u_001372,2026-07-09 19:06:55 UTC,succeeded,1999
pa_001373,e_001373,u_001373,2026-07-09 17:45:44 UTC,succeeded,1999
pa_001374,e_001374,u_001374,2026-07-09 01:39:19 UTC,succeeded,1999
pa_001375,e_001375,u_001375,2026-07-09 13:16:12 UTC,succeeded,1999
pa_001376,e_001376,u_001376,2026-07-09 05:43:05 UTC,succeeded,1999
pa_001377,e_001377,u_001377,2026-07-09 15:02:01 UTC,succeeded,1999
pa_001378,e_001378,u_001378,2026-07-09 18:37:11 UTC,succeeded,1999
pa_001379,e_001379,u_001379,2026-07-09 08:03:16 UTC,succeeded,1999
pa_001380,e_001380,u_001380,2026-07-09 10:12:23 UTC,succeeded,1999
pa_001381,e_001381,u_001381,2026-07-09 17:33:16 UTC,succeeded,1999
pa_001382,e_001382,u_001382,2026-07-09 21:11:59 UTC,succeeded,1999
pa_001383,e_001383,u_001383,2026-07-09 09:18:24 UTC,succeeded,1999
pa_001384,e_001384,u_001384,2026-07-09 17:15:31 UTC,succeeded,1999
pa_001385,e_001385,u_001385,2026-07-09 16:13:17 UTC,succeeded,1999
pa_001386,e_001386,u_001386,2026-07-09 11:28:59 UTC,succeeded,1999
pa_001387,e_001387,u_001387,2026-07-09 13:51:54 UTC,succeeded,1999
pa_001388,e_001388,u_001388,2026-07-09 06:03:37 UTC,succeeded,1999
pa_001389,e_001389,u_001389,2026-07-09 01:13:45 UTC,succeeded,1999
pa_001390,e_001390,u_001390,2026-07-09 10:13:33 UTC,succeeded,1999
pa_001391,e_001391,u_001391,2026-07-09 00:25:02 UTC,succeeded,1999
pa_001392,e_001392,u_001392,2026-07-09 15:54:57 UTC,succeeded,1999
pa_001393,e_001393,u_001393,2026-07-09 22:04:43 UTC,succeeded,1999
pa_001394,e_001394,u_001394,2026-07-09 16:13:38 UTC,succeeded,1999
pa_001395,e_001395,u_001395,2026-07-09 10:13:55 UTC,succeeded,1999
pa_001396,e_001396,u_001396,2026-07-09 06:53:46 UTC,succeeded,1999
pa_001397,e_001397,u_001397,2026-07-09 10:58:13 UTC,succeeded,1999
pa_001398,e_001398,u_001398,2026-07-09 11:36:58 UTC,succeeded,1999
pa_001399,e_001399,u_001399,2026-07-09 23:48:48 UTC,succeeded,1999
pa_001400,e_001400,u_001400,2026-07-09 14:22:03 UTC,succeeded,1999
pa_001401,e_001401,u_001401,2026-07-10 04:44:16 UTC,succeeded,1999
pa_001402,e_001402,u_001402,2026-07-10 19:08:20 UTC,succeeded,1999
pa_001403,e_001403,u_001403,2026-07-10 10:59:32 UTC,succeeded,1999
pa_001404,e_001404,u_001404,2026-07-10 14:18:34 UTC,succeeded,1999
pa_001405,e_001405,u_001405,2026-07-10 16:30:36 UTC,succeeded,1999
pa_001406,e_001406,u_001406,2026-07-10 11:08:03 UTC,succeeded,1999
pa_001407,e_001407,u_001407,2026-07-10 02:52:21 UTC,succeeded,1999
pa_001408,e_001408,u_001408,2026-07-10 08:44:06 UTC,succeeded,1999
pa_001409,e_001409,u_001409,2026-07-10 00:19:07 UTC,succeeded,1999
pa_001410,e_001410,u_001410,2026-07-10 02:00:09 UTC,succeeded,1999
pa_001411,e_001411,u_001411,2026-07-10 07:50:29 UTC,succeeded,1999
pa_001412,e_001412,u_001412,2026-07-10 16:28:10 UTC,succeeded,1999
pa_001413,e_001413,u_001413,2026-07-10 18:17:35 UTC,succeeded,1999
pa_001414,e_001414,u_001414,2026-07-10 18:58:22 UTC,succeeded,1999
pa_001415,e_001415,u_001415,2026-07-10 01:45:12 UTC,succeeded,1999
pa_001416,e_001416,u_001416,2026-07-10 02:11:05 UTC,succeeded,1999
pa_001417,e_001417,u_001417,2026-07-10 16:10:10 UTC,succeeded,1999
pa_001418,e_001418,u_001418,2026-07-10 08:03:54 UTC,succeeded,1999
pa_001419,e_001419,u_001419,2026-07-10 07:29:56 UTC,succeeded,1999
pa_001420,e_001420,u_001420,2026-07-10 09:31:51 UTC,succeeded,1999
pa_001421,e_001421,u_001421,2026-07-10 23:52:53 UTC,succeeded,1999
pa_001422,e_001422,u_001422,2026-07-10 09:59:28 UTC,succeeded,1999
pa_001423,e_001423,u_001423,2026-07-10 08:21:35 UTC,succeeded,1999
pa_001424,e_001424,u_001424,2026-07-10 13:30:03 UTC,succeeded,1999
pa_001425,e_001425,u_001425,2026-07-10 11:23:25 UTC,succeeded,1999
pa_001426,e_001426,u_001426,2026-07-10 01:54:42 UTC,succeeded,1999
pa_001427,e_001427,u_001427,2026-07-10 13:38:06 UTC,succeeded,1999
pa_001428,e_001428,u_001428,2026-07-10 18:09:37 UTC,succeeded,1999
pa_001429,e_001429,u_001429,2026-07-10 04:30:03 UTC,succeeded,1999
pa_001430,e_001430,u_001430,2026-07-10 18:36:37 UTC,succeeded,1999
pa_001431,e_001431,u_001431,2026-07-10 20:08:35 UTC,succeeded,1999
pa_001432,e_001432,u_001432,2026-07-10 23:48:09 UTC,succeeded,1999
pa_001433,e_001433,u_001433,2026-07-10 06:00:14 UTC,succeeded,1999
pa_001434,e_001434,u_001434,2026-07-10 10:49:40 UTC,succeeded,1999
pa_001435,e_001435,u_001435,2026-07-10 10:33:46 UTC,succeeded,1999
pa_001436,e_001436,u_001436,2026-07-10 06:58:18 UTC,succeeded,1999
pa_001437,e_001437,u_001437,2026-07-10 22:47:43 UTC,succeeded,1999
pa_001438,e_001438,u_001438,2026-07-10 03:39:23 UTC,succeeded,1999
pa_001439,e_001439,u_001439,2026-07-10 12:30:19 UTC,succeeded,1999
pa_001440,e_001440,u_001440,2026-07-10 04:46:50 UTC,succeeded,1999
pa_001441,e_001441,u_001441,2026-07-10 09:47:24 UTC,succeeded,1999
pa_001442,e_001442,u_001442,2026-07-10 17:17:10 UTC,succeeded,1999
pa_001443,e_001443,u_001443,2026-07-10 05:35:17 UTC,succeeded,1999
pa_001444,e_001444,u_001444,2026-07-10 13:09:44 UTC,succeeded,1999
pa_001445,e_001445,u_001445,2026-07-10 11:57:11 UTC,succeeded,1999
pa_001446,e_001446,u_001446,2026-07-10 17:18:22 UTC,succeeded,1999
pa_001447,e_001447,u_001447,2026-07-10 19:53:47 UTC,succeeded,1999
pa_001448,e_001448,u_001448,2026-07-10 08:13:39 UTC,succeeded,1999
pa_001449,e_001449,u_001449,2026-07-10 05:55:42 UTC,succeeded,1999
pa_001450,e_001450,u_001450,2026-07-10 00:43:42 UTC,succeeded,1999
pa_001451,e_001451,u_001451,2026-07-10 05:35:20 UTC,succeeded,1999
pa_001452,e_001452,u_001452,2026-07-10 14:56:02 UTC,succeeded,1999
pa_001453,e_001453,u_001453,2026-07-10 23:31:10 UTC,succeeded,1999
pa_001454,e_001454,u_001454,2026-07-10 06:40:50 UTC,succeeded,1999
pa_001455,e_001455,u_001455,2026-07-10 05:59:32 UTC,succeeded,1999
pa_001456,e_001456,u_001456,2026-07-10 06:14:46 UTC,succeeded,1999
pa_001457,e_001457,u_001457,2026-07-10 01:52:47 UTC,succeeded,1999
pa_001458,e_001458,u_001458,2026-07-10 00:29:45 UTC,succeeded,1999
pa_001459,e_001459,u_001459,2026-07-10 23:41:05 UTC,succeeded,1999
pa_001460,e_001460,u_001460,2026-07-10 17:34:52 UTC,succeeded,1999
pa_001461,e_001461,u_001461,2026-07-10 09:23:21 UTC,succeeded,1999
pa_001462,e_001462,u_001462,2026-07-10 14:23:58 UTC,succeeded,1999
pa_001463,e_001463,u_001463,2026-07-10 11:00:10 UTC,succeeded,1999
pa_001464,e_001464,u_001464,2026-07-10 00:21:33 UTC,succeeded,1999
pa_001465,e_001465,u_001465,2026-07-10 06:18:46 UTC,succeeded,1999
pa_001466,e_001466,u_001466,2026-07-10 22:34:19 UTC,succeeded,1999
pa_001467,e_001467,u_001467,2026-07-10 12:22:16 UTC,succeeded,1999
pa_001468,e_001468,u_001468,2026-07-10 19:35:45 UTC,succeeded,1999
pa_001469,e_001469,u_001469,2026-07-10 23:46:14 UTC,succeeded,1999
pa_001470,e_001470,u_001470,2026-07-10 05:11:29 UTC,succeeded,1999
pa_001471,e_001471,u_001471,2026-07-10 21:35:45 UTC,succeeded,1999
pa_001472,e_001472,u_001472,2026-07-10 00:28:35 UTC,succeeded,1999
pa_001473,e_001473,u_001473,2026-07-10 12:48:59 UTC,succeeded,1999
pa_001474,e_001474,u_001474,2026-07-10 08:32:49 UTC,succeeded,1999
pa_001475,e_001475,u_001475,2026-07-10 17:47:01 UTC,succeeded,1999
pa_001476,e_001476,u_001476,2026-07-10 04:11:58 UTC,succeeded,1999
pa_001477,e_001477,u_001477,2026-07-10 02:17:32 UTC,succeeded,1999
pa_001478,e_001478,u_001478,2026-07-10 13:49:08 UTC,succeeded,1999
pa_001479,e_001479,u_001479,2026-07-10 22:46:21 UTC,succeeded,1999
pa_001480,e_001480,u_001480,2026-07-10 10:19:06 UTC,succeeded,1999
pa_001481,e_001481,u_001481,2026-07-10 05:07:52 UTC,succeeded,1999
pa_001482,e_001482,u_001482,2026-07-10 23:17:33 UTC,succeeded,1999
pa_001483,e_001483,u_001483,2026-07-10 01:51:08 UTC,succeeded,1999
pa_001484,e_001484,u_001484,2026-07-10 20:18:59 UTC,succeeded,1999
pa_001485,e_001485,u_001485,2026-07-10 13:40:49 UTC,succeeded,1999
pa_001486,e_001486,u_001486,2026-07-10 10:09:55 UTC,succeeded,1999
pa_001487,e_001487,u_001487,2026-07-10 01:01:10 UTC,succeeded,1999
pa_001488,e_001488,u_001488,2026-07-10 23:38:06 UTC,succeeded,1999
pa_001489,e_001489,u_001489,2026-07-10 23:29:31 UTC,succeeded,1999
pa_001490,e_001490,u_001490,2026-07-10 14:47:11 UTC,succeeded,1999
pa_001491,e_001491,u_001491,2026-07-10 05:17:32 UTC,succeeded,1999
pa_001492,e_001492,u_001492,2026-07-10 21:15:07 UTC,succeeded,1999
pa_001493,e_001493,u_001493,2026-07-10 17:29:28 UTC,succeeded,1999
pa_001494,e_001494,u_001494,2026-07-10 07:59:48 UTC,succeeded,1999
pa_001495,e_001495,u_001495,2026-07-10 14:57:47 UTC,succeeded,1999
pa_001496,e_001496,u_001496,2026-07-10 22:23:44 UTC,succeeded,1999
pa_001497,e_001497,u_001497,2026-07-10 21:42:23 UTC,succeeded,1999
pa_001498,e_001498,u_001498,2026-07-10 20:49:55 UTC,succeeded,1999
pa_001499,e_001499,u_001499,2026-07-10 16:52:26 UTC,succeeded,1999
pa_001500,e_001500,u_001500,2026-07-10 05:03:50 UTC,succeeded,1999
pa_001501,e_001501,u_001501,2026-07-10 18:06:04 UTC,succeeded,1999
pa_001502,e_001502,u_001502,2026-07-10 04:52:12 UTC,succeeded,1999
pa_001503,e_001503,u_001503,2026-07-10 04:38:42 UTC,succeeded,1999
pa_001504,e_001504,u_001504,2026-07-10 23:06:20 UTC,succeeded,1999
pa_001505,e_001505,u_001505,2026-07-10 14:54:24 UTC,succeeded,1999
pa_001506,e_001506,u_001506,2026-07-10 01:16:37 UTC,succeeded,1999
pa_001507,e_001507,u_001507,2026-07-10 16:59:32 UTC,succeeded,1999
pa_001508,e_001508,u_001508,2026-07-10 19:47:11 UTC,succeeded,1999
pa_001509,e_001509,u_001509,2026-07-10 14:55:59 UTC,succeeded,1999
pa_001510,e_001510,u_001510,2026-07-10 13:06:04 UTC,succeeded,1999
pa_001511,e_001511,u_001511,2026-07-10 00:16:03 UTC,succeeded,1999
pa_001512,e_001512,u_001512,2026-07-10 17:43:39 UTC,succeeded,1999
pa_001513,e_001513,u_001513,2026-07-10 23:04:01 UTC,succeeded,1999
pa_001514,e_001514,u_001514,2026-07-10 12:26:41 UTC,succeeded,1999
pa_001515,e_001515,u_001515,2026-07-10 18:01:49 UTC,succeeded,1999
pa_001516,e_001516,u_001516,2026-07-10 00:52:19 UTC,succeeded,1999
pa_001517,e_001517,u_001517,2026-07-10 17:31:13 UTC,succeeded,1999
pa_001518,e_001518,u_001518,2026-07-10 10:51:40 UTC,succeeded,1999
pa_001519,e_001519,u_001519,2026-07-10 23:40:15 UTC,succeeded,1999
pa_001520,e_001520,u_001520,2026-07-10 14:50:36 UTC,succeeded,1999
pa_001521,e_001521,u_001521,2026-07-10 04:23:51 UTC,succeeded,1999
pa_001522,e_001522,u_001522,2026-07-10 11:34:48 UTC,succeeded,1999
pa_001523,e_001523,u_001523,2026-07-10 15:20:54 UTC,succeeded,1999
pa_001524,e_001524,u_001524,2026-07-10 18:00:22 UTC,succeeded,1999
pa_001525,e_001525,u_001525,2026-07-10 20:11:38 UTC,succeeded,1999
pa_001526,e_001526,u_001526,2026-07-10 19:50:25 UTC,succeeded,1999
pa_001527,e_001527,u_001527,2026-07-10 04:09:38 UTC,succeeded,1999
pa_001528,e_001528,u_001528,2026-07-10 13:57:47 UTC,succeeded,1999
pa_001529,e_001529,u_001529,2026-07-10 02:46:01 UTC,succeeded,1999
pa_001530,e_001530,u_001530,2026-07-10 19:46:40 UTC,succeeded,1999
pa_001531,e_001531,u_001531,2026-07-10 12:49:35 UTC,succeeded,1999
pa_001532,e_001532,u_001532,2026-07-10 15:01:58 UTC,succeeded,1999
pa_001533,e_001533,u_001533,2026-07-10 02:58:47 UTC,succeeded,1999
pa_001534,e_001534,u_001534,2026-07-10 04:58:53 UTC,succeeded,1999
pa_001535,e_001535,u_001535,2026-07-10 03:32:23 UTC,succeeded,1999
pa_001536,e_001536,u_001536,2026-07-10 19:39:58 UTC,succeeded,1999
pa_001537,e_001537,u_001537,2026-07-10 21:46:23 UTC,succeeded,1999
pa_001538,e_001538,u_001538,2026-07-10 23:46:32 UTC,succeeded,1999
pa_001539,e_001539,u_001539,2026-07-10 23:47:13 UTC,succeeded,1999
pa_001540,e_001540,u_001540,2026-07-10 02:45:17 UTC,succeeded,1999
pa_001541,e_001541,u_001541,2026-07-10 12:33:31 UTC,succeeded,1999
pa_001542,e_001542,u_001542,2026-07-11 06:16:23 UTC,succeeded,1999
pa_001543,e_001543,u_001543,2026-07-11 00:08:43 UTC,succeeded,1999
pa_001544,e_001544,u_001544,2026-07-11 08:25:35 UTC,succeeded,1999
pa_001545,e_001545,u_001545,2026-07-11 04:08:49 UTC,succeeded,1999
pa_001546,e_001546,u_001546,2026-07-11 14:27:36 UTC,succeeded,1999
pa_001547,e_001547,u_001547,2026-07-11 04:06:03 UTC,succeeded,1999
pa_001548,e_001548,u_001548,2026-07-11 21:06:19 UTC,succeeded,1999
pa_001549,e_001549,u_001549,2026-07-11 09:52:54 UTC,succeeded,1999
pa_001550,e_001550,u_001550,2026-07-11 23:52:24 UTC,succeeded,1999
pa_001551,e_001551,u_001551,2026-07-11 22:04:59 UTC,succeeded,1999
pa_001552,e_001552,u_001552,2026-07-11 23:04:33 UTC,succeeded,1999
pa_001553,e_001553,u_001553,2026-07-11 19:48:46 UTC,succeeded,1999
pa_001554,e_001554,u_001554,2026-07-11 00:02:54 UTC,succeeded,1999
pa_001555,e_001555,u_001555,2026-07-11 00:18:17 UTC,succeeded,1999
pa_001556,e_001556,u_001556,2026-07-11 04:16:21 UTC,succeeded,1999
pa_001557,e_001557,u_001557,2026-07-11 08:05:12 UTC,succeeded,1999
pa_001558,e_001558,u_001558,2026-07-11 19:28:36 UTC,succeeded,1999
pa_001559,e_001559,u_001559,2026-07-11 21:40:41 UTC,succeeded,1999
pa_001560,e_001560,u_001560,2026-07-11 10:11:26 UTC,succeeded,1999
pa_001561,e_001561,u_001561,2026-07-11 16:08:30 UTC,succeeded,1999
pa_001562,e_001562,u_001562,2026-07-11 10:00:53 UTC,succeeded,1999
pa_001563,e_001563,u_001563,2026-07-11 23:55:45 UTC,succeeded,1999
pa_001564,e_001564,u_001564,2026-07-11 18:31:48 UTC,succeeded,1999
pa_001565,e_001565,u_001565,2026-07-11 01:28:56 UTC,succeeded,1999
pa_001566,e_001566,u_001566,2026-07-11 19:33:07 UTC,succeeded,1999
pa_001567,e_001567,u_001567,2026-07-11 08:06:06 UTC,succeeded,1999
pa_001568,e_001568,u_001568,2026-07-11 00:09:27 UTC,succeeded,1999
pa_001569,e_001569,u_001569,2026-07-11 09:49:30 UTC,succeeded,1999
pa_001570,e_001570,u_001570,2026-07-11 17:10:05 UTC,succeeded,1999
pa_001571,e_001571,u_001571,2026-07-11 10:33:09 UTC,succeeded,1999
pa_001572,e_001572,u_001572,2026-07-11 01:02:43 UTC,succeeded,1999
pa_001573,e_001573,u_001573,2026-07-11 01:49:44 UTC,succeeded,1999
pa_001574,e_001574,u_001574,2026-07-11 03:45:51 UTC,succeeded,1999
pa_001575,e_001575,u_001575,2026-07-11 08:02:19 UTC,succeeded,1999
pa_001576,e_001576,u_001576,2026-07-11 05:29:44 UTC,succeeded,1999
pa_001577,e_001577,u_001577,2026-07-11 13:36:41 UTC,succeeded,1999
pa_001578,e_001578,u_001578,2026-07-11 05:30:48 UTC,succeeded,1999
pa_001579,e_001579,u_001579,2026-07-11 12:12:59 UTC,succeeded,1999
pa_001580,e_001580,u_001580,2026-07-11 03:10:38 UTC,succeeded,1999
pa_001581,e_001581,u_001581,2026-07-11 21:16:29 UTC,succeeded,1999
pa_001582,e_001582,u_001582,2026-07-11 00:32:17 UTC,succeeded,1999
pa_001583,e_001583,u_001583,2026-07-11 13:18:21 UTC,succeeded,1999
pa_001584,e_001584,u_001584,2026-07-11 11:54:27 UTC,succeeded,1999
pa_001585,e_001585,u_001585,2026-07-11 11:45:16 UTC,succeeded,1999
pa_001586,e_001586,u_001586,2026-07-11 10:25:51 UTC,succeeded,1999
pa_001587,e_001587,u_001587,2026-07-11 12:25:13 UTC,succeeded,1999
pa_001588,e_001588,u_001588,2026-07-11 12:52:02 UTC,succeeded,1999
pa_001589,e_001589,u_001589,2026-07-11 07:12:34 UTC,succeeded,1999
pa_001590,e_001590,u_001590,2026-07-11 20:50:11 UTC,succeeded,1999
pa_001591,e_001591,u_001591,2026-07-11 01:03:23 UTC,succeeded,1999
pa_001592,e_001592,u_001592,2026-07-11 09:03:35 UTC,succeeded,1999
pa_001593,e_001593,u_001593,2026-07-11 01:22:54 UTC,succeeded,1999
pa_001594,e_001594,u_001594,2026-07-11 23:05:21 UTC,succeeded,1999
pa_001595,e_001595,u_001595,2026-07-11 06:45:58 UTC,succeeded,1999
pa_001596,e_001596,u_001596,2026-07-11 17:57:20 UTC,succeeded,1999
pa_001597,e_001597,u_001597,2026-07-11 22:11:13 UTC,succeeded,1999
pa_001598,e_001598,u_001598,2026-07-11 04:12:42 UTC,succeeded,1999
pa_001599,e_001599,u_001599,2026-07-11 20:15:56 UTC,succeeded,1999
pa_001600,e_001600,u_001600,2026-07-11 10:19:36 UTC,succeeded,1999
pa_001601,e_001601,u_001601,2026-07-11 12:21:57 UTC,succeeded,1999
pa_001602,e_001602,u_001602,2026-07-11 01:38:59 UTC,succeeded,1999
pa_001603,e_001603,u_001603,2026-07-11 20:30:37 UTC,succeeded,1999
pa_001604,e_001604,u_001604,2026-07-11 03:03:17 UTC,succeeded,1999
pa_001605,e_001605,u_001605,2026-07-11 14:37:33 UTC,succeeded,1999
pa_001606,e_001606,u_001606,2026-07-11 09:24:16 UTC,succeeded,1999
pa_001607,e_001607,u_001607,2026-07-11 01:43:34 UTC,succeeded,1999
pa_001608,e_001608,u_001608,2026-07-11 16:05:42 UTC,succeeded,1999
pa_001609,e_001609,u_001609,2026-07-11 06:07:28 UTC,succeeded,1999
pa_001610,e_001610,u_001610,2026-07-11 03:50:28 UTC,succeeded,1999
pa_001611,e_001611,u_001611,2026-07-11 05:02:01 UTC,succeeded,1999
pa_001612,e_001612,u_001612,2026-07-11 09:01:30 UTC,succeeded,1999
pa_001613,e_001613,u_001613,2026-07-11 19:32:53 UTC,succeeded,1999
pa_001614,e_001614,u_001614,2026-07-11 02:51:59 UTC,succeeded,1999
pa_001615,e_001615,u_001615,2026-07-11 21:35:14 UTC,succeeded,1999
pa_001616,e_001616,u_001616,2026-07-11 18:41:16 UTC,succeeded,1999
pa_001617,e_001617,u_001617,2026-07-11 20:44:37 UTC,succeeded,1999
pa_001618,e_001618,u_001618,2026-07-11 23:45:22 UTC,succeeded,1999
pa_001619,e_001619,u_001619,2026-07-11 03:14:38 UTC,succeeded,1999
pa_001620,e_001620,u_001620,2026-07-11 20:46:49 UTC,succeeded,1999
pa_001621,e_001621,u_001621,2026-07-11 11:23:34 UTC,succeeded,1999
pa_001622,e_001622,u_001622,2026-07-11 22:02:49 UTC,succeeded,1999
pa_001623,e_001623,u_001623,2026-07-11 10:38:11 UTC,succeeded,1999
pa_001624,e_001624,u_001624,2026-07-11 17:24:59 UTC,succeeded,1999
pa_001625,e_001625,u_001625,2026-07-11 17:37:26 UTC,succeeded,1999
pa_001626,e_001626,u_001626,2026-07-11 10:46:53 UTC,succeeded,1999
pa_001627,e_001627,u_001627,2026-07-11 17:44:24 UTC,succeeded,1999
pa_001628,e_001628,u_001628,2026-07-11 22:27:55 UTC,succeeded,1999
pa_001629,e_001629,u_001629,2026-07-11 23:23:28 UTC,succeeded,1999
pa_001630,e_001630,u_001630,2026-07-11 00:35:08 UTC,succeeded,1999
pa_001631,e_001631,u_001631,2026-07-11 23:38:34 UTC,succeeded,1999
pa_001632,e_001632,u_001632,2026-07-11 03:31:53 UTC,succeeded,1999
pa_001633,e_001633,u_001633,2026-07-11 02:09:29 UTC,succeeded,1999
pa_001634,e_001634,u_001634,2026-07-11 04:22:45 UTC,succeeded,1999
pa_001635,e_001635,u_001635,2026-07-11 15:45:42 UTC,succeeded,1999
pa_001636,e_001636,u_001636,2026-07-11 05:56:12 UTC,succeeded,1999
pa_001637,e_001637,u_001637,2026-07-11 15:59:36 UTC,succeeded,1999
pa_001638,e_001638,u_001638,2026-07-11 03:08:51 UTC,succeeded,1999
pa_001639,e_001639,u_001639,2026-07-12 09:31:04 UTC,succeeded,1999
pa_001640,e_001640,u_001640,2026-07-12 23:09:18 UTC,succeeded,1999
pa_001641,e_001641,u_001641,2026-07-12 06:54:16 UTC,succeeded,1999
pa_001642,e_001642,u_001642,2026-07-12 16:38:00 UTC,succeeded,1999
pa_001643,e_001643,u_001643,2026-07-12 03:50:01 UTC,succeeded,1999
pa_001644,e_001644,u_001644,2026-07-12 05:37:15 UTC,succeeded,1999
pa_001645,e_001645,u_001645,2026-07-12 13:41:07 UTC,succeeded,1999
pa_001646,e_001646,u_001646,2026-07-12 04:52:26 UTC,succeeded,1999
pa_001647,e_001647,u_001647,2026-07-12 21:39:04 UTC,succeeded,1999
pa_001648,e_001648,u_001648,2026-07-12 17:20:19 UTC,succeeded,1999
pa_001649,e_001649,u_001649,2026-07-12 11:19:55 UTC,succeeded,1999
pa_001650,e_001650,u_001650,2026-07-12 01:40:00 UTC,succeeded,1999
pa_001651,e_001651,u_001651,2026-07-12 16:08:00 UTC,succeeded,1999
pa_001652,e_001652,u_001652,2026-07-12 08:54:06 UTC,succeeded,1999
pa_001653,e_001653,u_001653,2026-07-12 21:22:21 UTC,succeeded,1999
pa_001654,e_001654,u_001654,2026-07-12 18:12:56 UTC,succeeded,1999
pa_001655,e_001655,u_001655,2026-07-12 09:07:06 UTC,succeeded,1999
pa_001656,e_001656,u_001656,2026-07-12 00:27:03 UTC,succeeded,1999
pa_001657,e_001657,u_001657,2026-07-12 08:13:40 UTC,succeeded,1999
pa_001658,e_001658,u_001658,2026-07-12 13:51:12 UTC,succeeded,1999
pa_001659,e_001659,u_001659,2026-07-12 06:17:43 UTC,succeeded,1999
pa_001660,e_001660,u_001660,2026-07-12 12:46:33 UTC,succeeded,1999
pa_001661,e_001661,u_001661,2026-07-12 17:42:42 UTC,succeeded,1999
pa_001662,e_001662,u_001662,2026-07-12 11:47:47 UTC,succeeded,1999
pa_001663,e_001663,u_001663,2026-07-12 15:14:45 UTC,succeeded,1999
pa_001664,e_001664,u_001664,2026-07-12 13:35:22 UTC,succeeded,1999
pa_001665,e_001665,u_001665,2026-07-12 09:38:34 UTC,succeeded,1999
pa_001666,e_001666,u_001666,2026-07-12 04:45:08 UTC,succeeded,1999
pa_001667,e_001667,u_001667,2026-07-12 14:05:34 UTC,succeeded,1999
pa_001668,e_001668,u_001668,2026-07-12 21:02:11 UTC,succeeded,1999
pa_001669,e_001669,u_001669,2026-07-12 02:37:05 UTC,succeeded,1999
pa_001670,e_001670,u_001670,2026-07-12 06:35:26 UTC,succeeded,1999
pa_001671,e_001671,u_001671,2026-07-12 21:01:47 UTC,succeeded,1999
pa_001672,e_001672,u_001672,2026-07-12 20:05:18 UTC,succeeded,1999
pa_001673,e_001673,u_001673,2026-07-12 06:48:23 UTC,succeeded,1999
pa_001674,e_001674,u_001674,2026-07-12 07:28:33 UTC,succeeded,1999
pa_001675,e_001675,u_001675,2026-07-12 03:34:44 UTC,succeeded,1999
pa_001676,e_001676,u_001676,2026-07-12 19:32:46 UTC,succeeded,1999
pa_001677,e_001677,u_001677,2026-07-12 13:29:03 UTC,succeeded,1999
pa_001678,e_001678,u_001678,2026-07-12 16:00:28 UTC,succeeded,1999
pa_001679,e_001679,u_001679,2026-07-12 12:28:28 UTC,succeeded,1999
pa_001680,e_001680,u_001680,2026-07-12 10:01:18 UTC,succeeded,1999
pa_001681,e_001681,u_001681,2026-07-12 10:09:00 UTC,succeeded,1999
pa_001682,e_001682,u_001682,2026-07-12 20:22:02 UTC,succeeded,1999
pa_001683,e_001683,u_001683,2026-07-12 22:26:42 UTC,succeeded,1999
pa_001684,e_001684,u_001684,2026-07-12 04:42:53 UTC,succeeded,1999
pa_001685,e_001685,u_001685,2026-07-12 03:28:21 UTC,succeeded,1999
pa_001686,e_001686,u_001686,2026-07-12 01:38:45 UTC,succeeded,1999
pa_001687,e_001687,u_001687,2026-07-12 07:16:34 UTC,succeeded,1999
pa_001688,e_001688,u_001688,2026-07-12 02:15:43 UTC,succeeded,1999
pa_001689,e_001689,u_001689,2026-07-12 22:09:54 UTC,succeeded,1999
pa_001690,e_001690,u_001690,2026-07-12 02:38:02 UTC,succeeded,1999
pa_001691,e_001691,u_001691,2026-07-12 19:27:11 UTC,succeeded,1999
pa_001692,e_001692,u_001692,2026-07-12 08:17:27 UTC,succeeded,1999
pa_001693,e_001693,u_001693,2026-07-12 05:08:18 UTC,succeeded,1999
pa_001694,e_001694,u_001694,2026-07-12 14:59:28 UTC,succeeded,1999
pa_001695,e_001695,u_001695,2026-07-12 01:22:04 UTC,succeeded,1999
pa_001696,e_001696,u_001696,2026-07-12 03:40:29 UTC,succeeded,1999
pa_001697,e_001697,u_001697,2026-07-12 06:43:50 UTC,succeeded,1999
pa_001698,e_001698,u_001698,2026-07-12 06:13:59 UTC,succeeded,1999
pa_001699,e_001699,u_001699,2026-07-12 06:02:39 UTC,succeeded,1999
pa_001700,e_001700,u_001700,2026-07-12 23:17:06 UTC,succeeded,1999
pa_001701,e_001701,u_001701,2026-07-12 02:46:07 UTC,succeeded,1999
pa_001702,e_001702,u_001702,2026-07-12 02:35:31 UTC,succeeded,1999
pa_001703,e_001703,u_001703,2026-07-12 20:58:26 UTC,succeeded,1999
pa_001704,e_001704,u_001704,2026-07-12 15:33:20 UTC,succeeded,1999
pa_001705,e_001705,u_001705,2026-07-12 22:01:04 UTC,succeeded,1999
pa_001706,e_001706,u_001706,2026-07-12 19:14:17 UTC,succeeded,1999
pa_001707,e_001707,u_001707,2026-07-12 06:00:17 UTC,succeeded,1999
pa_001708,e_001708,u_001708,2026-07-12 10:47:04 UTC,succeeded,1999
pa_001709,e_001709,u_001709,2026-07-12 17:09:22 UTC,succeeded,1999
pa_001710,e_001710,u_001710,2026-07-12 07:26:26 UTC,succeeded,1999
pa_001711,e_001711,u_001711,2026-07-12 02:33:31 UTC,succeeded,1999
pa_001712,e_001712,u_001712,2026-07-12 13:34:59 UTC,succeeded,1999
pa_001713,e_001713,u_001713,2026-07-12 08:28:38 UTC,succeeded,1999
pa_001714,e_001714,u_001714,2026-07-12 19:47:00 UTC,succeeded,1999
pa_001715,e_001715,u_001715,2026-07-12 01:46:45 UTC,succeeded,1999
pa_001716,e_001716,u_001716,2026-07-12 18:47:51 UTC,succeeded,1999
pa_001717,e_001717,u_001717,2026-07-12 04:34:59 UTC,succeeded,1999
pa_001718,e_001718,u_001718,2026-07-12 09:39:27 UTC,succeeded,1999
pa_001719,e_001719,u_001719,2026-07-12 07:22:46 UTC,succeeded,1999
pa_001720,e_001720,u_001720,2026-07-12 17:44:55 UTC,succeeded,1999
pa_001721,e_001721,u_001721,2026-07-12 16:10:13 UTC,succeeded,1999
pa_001722,e_001722,u_001722,2026-07-12 06:35:28 UTC,succeeded,1999
pa_001723,e_001723,u_001723,2026-07-12 21:46:02 UTC,succeeded,1999
pa_001724,e_001724,u_001724,2026-07-12 21:55:49 UTC,succeeded,1999
pa_001725,e_001725,u_001725,2026-07-12 22:09:47 UTC,succeeded,1999
pa_001726,e_001726,u_001726,2026-07-12 07:05:06 UTC,succeeded,1999
pa_001727,e_001727,u_001727,2026-07-12 00:11:54 UTC,succeeded,1999
pa_001728,e_001728,u_001728,2026-07-12 10:05:30 UTC,succeeded,1999
pa_001729,e_001729,u_001729,2026-07-12 16:37:22 UTC,succeeded,1999
pa_001730,e_001730,u_001730,2026-07-12 09:38:30 UTC,succeeded,1999
pa_001731,e_001731,u_001731,2026-07-12 13:07:26 UTC,succeeded,1999
pa_001732,e_001732,u_001732,2026-07-12 10:29:09 UTC,succeeded,1999
pa_001733,e_001733,u_001733,2026-07-13 02:14:04 UTC,failed,1999
pa_001734,e_001733,u_001733,2026-07-13 02:16:04 UTC,failed,1999
pa_001735,e_001733,u_001733,2026-07-13 02:18:04 UTC,succeeded,1999
pa_001736,e_001734,u_001734,2026-07-13 00:15:08 UTC,succeeded,1999
pa_001737,e_001735,u_001735,2026-07-13 02:09:15 UTC,failed,1999
pa_001738,e_001735,u_001735,2026-07-13 02:11:15 UTC,succeeded,1999
pa_001739,e_001736,u_001736,2026-07-13 08:44:34 UTC,failed,1999
pa_001740,e_001736,u_001736,2026-07-13 08:46:34 UTC,failed,1999
pa_001741,e_001736,u_001736,2026-07-13 08:48:34 UTC,succeeded,1999
pa_001742,e_001737,u_001737,2026-07-13 21:30:01 UTC,succeeded,1999
pa_001743,e_001738,u_001738,2026-07-13 12:35:42 UTC,succeeded,1999
pa_001744,e_001739,u_001739,2026-07-13 05:25:07 UTC,succeeded,1999
pa_001745,e_001740,u_001740,2026-07-13 04:27:27 UTC,succeeded,1999
pa_001746,e_001741,u_001741,2026-07-13 04:10:51 UTC,failed,1999
pa_001747,e_001741,u_001741,2026-07-13 04:12:51 UTC,failed,1999
pa_001748,e_001741,u_001741,2026-07-13 04:14:51 UTC,succeeded,1999
pa_001749,e_001742,u_001742,2026-07-13 05:52:36 UTC,succeeded,1999
pa_001750,e_001743,u_001743,2026-07-13 17:25:29 UTC,succeeded,1999
pa_001751,e_001744,u_001744,2026-07-13 09:24:10 UTC,succeeded,1999
pa_001752,e_001745,u_001745,2026-07-13 09:23:02 UTC,succeeded,1999
pa_001753,e_001746,u_001746,2026-07-13 03:54:34 UTC,succeeded,1999
pa_001754,e_001747,u_001747,2026-07-13 10:06:02 UTC,failed,1999
pa_001755,e_001747,u_001747,2026-07-13 10:08:02 UTC,succeeded,1999
pa_001756,e_001748,u_001748,2026-07-13 23:57:52 UTC,succeeded,1999
pa_001757,e_001749,u_001749,2026-07-13 06:09:27 UTC,succeeded,1999
pa_001758,e_001750,u_001750,2026-07-13 14:33:38 UTC,succeeded,1999
pa_001759,e_001751,u_001751,2026-07-13 02:07:18 UTC,failed,1999
pa_001760,e_001751,u_001751,2026-07-13 02:09:18 UTC,failed,1999
pa_001761,e_001751,u_001751,2026-07-13 02:11:18 UTC,failed,1999
pa_001762,e_001751,u_001751,2026-07-13 02:13:18 UTC,succeeded,1999
pa_001763,e_001752,u_001752,2026-07-13 21:20:07 UTC,failed,1999
pa_001764,e_001752,u_001752,2026-07-13 21:22:07 UTC,succeeded,1999
pa_001765,e_001753,u_001753,2026-07-13 16:38:43 UTC,succeeded,1999
pa_001766,e_001754,u_001754,2026-07-13 11:29:15 UTC,succeeded,1999
pa_001767,e_001755,u_001755,2026-07-13 06:05:29 UTC,succeeded,1999
pa_001768,e_001756,u_001756,2026-07-13 16:53:23 UTC,succeeded,1999
pa_001769,e_001757,u_001757,2026-07-13 12:09:07 UTC,succeeded,1999
pa_001770,e_001758,u_001758,2026-07-13 19:52:40 UTC,succeeded,1999
pa_001771,e_001759,u_001759,2026-07-13 01:13:58 UTC,failed,1999
pa_001772,e_001759,u_001759,2026-07-13 01:15:58 UTC,failed,1999
pa_001773,e_001759,u_001759,2026-07-13 01:17:58 UTC,succeeded,1999
pa_001774,e_001760,u_001760,2026-07-13 05:17:43 UTC,succeeded,1999
pa_001775,e_001761,u_001761,2026-07-13 06:37:19 UTC,failed,1999
pa_001776,e_001761,u_001761,2026-07-13 06:39:19 UTC,failed,1999
pa_001777,e_001761,u_001761,2026-07-13 06:41:19 UTC,succeeded,1999
pa_001778,e_001762,u_001762,2026-07-13 05:20:42 UTC,failed,1999
pa_001779,e_001762,u_001762,2026-07-13 05:22:42 UTC,failed,1999
pa_001780,e_001762,u_001762,2026-07-13 05:24:42 UTC,succeeded,1999
pa_001781,e_001763,u_001763,2026-07-13 07:09:31 UTC,succeeded,1999
pa_001782,e_001764,u_001764,2026-07-13 23:44:07 UTC,failed,1999
pa_001783,e_001764,u_001764,2026-07-13 23:46:07 UTC,failed,1999
pa_001784,e_001764,u_001764,2026-07-13 23:48:07 UTC,succeeded,1999
pa_001785,e_001765,u_001765,2026-07-13 04:33:07 UTC,failed,1999
pa_001786,e_001765,u_001765,2026-07-13 04:35:07 UTC,succeeded,1999
pa_001787,e_001766,u_001766,2026-07-13 22:41:56 UTC,succeeded,1999
pa_001788,e_001767,u_001767,2026-07-13 16:07:42 UTC,failed,1999
pa_001789,e_001767,u_001767,2026-07-13 16:09:42 UTC,failed,1999
pa_001790,e_001767,u_001767,2026-07-13 16:11:42 UTC,failed,1999
pa_001791,e_001767,u_001767,2026-07-13 16:13:42 UTC,succeeded,1999
pa_001792,e_001768,u_001768,2026-07-13 09:35:51 UTC,succeeded,1999
pa_001793,e_001769,u_001769,2026-07-13 20:58:57 UTC,failed,1999
pa_001794,e_001769,u_001769,2026-07-13 21:00:57 UTC,failed,1999
pa_001795,e_001769,u_001769,2026-07-13 21:02:57 UTC,succeeded,1999
pa_001796,e_001770,u_001770,2026-07-13 07:19:51 UTC,succeeded,1999
pa_001797,e_001771,u_001771,2026-07-13 02:17:23 UTC,succeeded,1999
pa_001798,e_001772,u_001772,2026-07-13 20:51:52 UTC,failed,1999
pa_001799,e_001772,u_001772,2026-07-13 20:53:52 UTC,failed,1999
pa_001800,e_001772,u_001772,2026-07-13 20:55:52 UTC,succeeded,1999
pa_001801,e_001773,u_001773,2026-07-13 19:26:07 UTC,succeeded,1999
pa_001802,e_001774,u_001774,2026-07-13 12:24:04 UTC,succeeded,1999
pa_001803,e_001775,u_001775,2026-07-13 21:47:39 UTC,failed,1999
pa_001804,e_001775,u_001775,2026-07-13 21:49:39 UTC,failed,1999
pa_001805,e_001775,u_001775,2026-07-13 21:51:39 UTC,succeeded,1999
pa_001806,e_001776,u_001776,2026-07-13 05:01:09 UTC,succeeded,1999
pa_001807,e_001777,u_001777,2026-07-13 21:05:16 UTC,succeeded,1999
pa_001808,e_001778,u_001778,2026-07-13 12:37:53 UTC,succeeded,1999
pa_001809,e_001779,u_001779,2026-07-13 11:31:17 UTC,succeeded,1999
pa_001810,e_001780,u_001780,2026-07-13 00:35:35 UTC,succeeded,1999
pa_001811,e_001781,u_001781,2026-07-13 12:30:44 UTC,succeeded,1999
pa_001812,e_001782,u_001782,2026-07-13 16:06:17 UTC,succeeded,1999
pa_001813,e_001783,u_001783,2026-07-13 08:10:51 UTC,succeeded,1999
pa_001814,e_001784,u_001784,2026-07-13 21:01:49 UTC,succeeded,1999
pa_001815,e_001785,u_001785,2026-07-13 09:56:17 UTC,succeeded,1999
pa_001816,e_001786,u_001786,2026-07-13 23:58:01 UTC,succeeded,1999
pa_001817,e_001787,u_001787,2026-07-13 16:43:17 UTC,failed,1999
pa_001818,e_001787,u_001787,2026-07-13 16:45:17 UTC,succeeded,1999
pa_001819,e_001788,u_001788,2026-07-13 21:16:00 UTC,succeeded,1999
pa_001820,e_001789,u_001789,2026-07-13 01:30:25 UTC,succeeded,1999
pa_001821,e_001790,u_001790,2026-07-13 18:09:17 UTC,succeeded,1999
pa_001822,e_001791,u_001791,2026-07-13 07:29:02 UTC,succeeded,1999
pa_001823,e_001792,u_001792,2026-07-13 05:35:07 UTC,succeeded,1999
pa_001824,e_001793,u_001793,2026-07-13 16:06:33 UTC,failed,1999
pa_001825,e_001793,u_001793,2026-07-13 16:08:33 UTC,failed,1999
pa_001826,e_001793,u_001793,2026-07-13 16:10:33 UTC,succeeded,1999
pa_001827,e_001794,u_001794,2026-07-13 05:27:44 UTC,succeeded,1999
pa_001828,e_001795,u_001795,2026-07-13 19:12:06 UTC,succeeded,1999
pa_001829,e_001796,u_001796,2026-07-13 09:49:34 UTC,failed,1999
pa_001830,e_001796,u_001796,2026-07-13 09:51:34 UTC,failed,1999
pa_001831,e_001796,u_001796,2026-07-13 09:53:34 UTC,failed,1999
pa_001832,e_001796,u_001796,2026-07-13 09:55:34 UTC,succeeded,1999
pa_001833,e_001797,u_001797,2026-07-13 12:02:42 UTC,succeeded,1999
pa_001834,e_001798,u_001798,2026-07-13 16:33:12 UTC,failed,1999
pa_001835,e_001798,u_001798,2026-07-13 16:35:12 UTC,failed,1999
pa_001836,e_001798,u_001798,2026-07-13 16:37:12 UTC,succeeded,1999
pa_001837,e_001799,u_001799,2026-07-13 03:12:30 UTC,succeeded,1999
pa_001838,e_001800,u_001800,2026-07-13 11:22:32 UTC,failed,1999
pa_001839,e_001800,u_001800,2026-07-13 11:24:32 UTC,failed,1999
pa_001840,e_001800,u_001800,2026-07-13 11:26:32 UTC,failed,1999
pa_001841,e_001800,u_001800,2026-07-13 11:28:32 UTC,succeeded,1999
pa_001842,e_001801,u_001801,2026-07-13 06:58:56 UTC,failed,1999
pa_001843,e_001801,u_001801,2026-07-13 07:00:56 UTC,failed,1999
pa_001844,e_001801,u_001801,2026-07-13 07:02:56 UTC,succeeded,1999
pa_001845,e_001802,u_001802,2026-07-13 08:47:33 UTC,succeeded,1999
pa_001846,e_001803,u_001803,2026-07-13 11:04:00 UTC,succeeded,1999
pa_001847,e_001804,u_001804,2026-07-13 02:31:53 UTC,succeeded,1999
pa_001848,e_001805,u_001805,2026-07-13 12:31:29 UTC,succeeded,1999
pa_001849,e_001806,u_001806,2026-07-13 03:26:49 UTC,failed,1999
pa_001850,e_001806,u_001806,2026-07-13 03:28:49 UTC,failed,1999
pa_001851,e_001806,u_001806,2026-07-13 03:30:49 UTC,succeeded,1999
pa_001852,e_001807,u_001807,2026-07-13 16:13:04 UTC,succeeded,1999
pa_001853,e_001808,u_001808,2026-07-13 15:54:31 UTC,succeeded,1999
pa_001854,e_001809,u_001809,2026-07-13 03:14:35 UTC,failed,1999
pa_001855,e_001809,u_001809,2026-07-13 03:16:35 UTC,failed,1999
pa_001856,e_001809,u_001809,2026-07-13 03:18:35 UTC,failed,1999
pa_001857,e_001809,u_001809,2026-07-13 03:20:35 UTC,succeeded,1999
pa_001858,e_001810,u_001810,2026-07-13 19:39:45 UTC,succeeded,1999
pa_001859,e_001811,u_001811,2026-07-13 23:27:11 UTC,succeeded,1999
pa_001860,e_001812,u_001812,2026-07-13 14:23:00 UTC,succeeded,1999
pa_001861,e_001813,u_001813,2026-07-13 05:57:24 UTC,failed,1999
pa_001862,e_001813,u_001813,2026-07-13 05:59:24 UTC,failed,1999
pa_001863,e_001813,u_001813,2026-07-13 06:01:24 UTC,succeeded,1999
pa_001864,e_001814,u_001814,2026-07-13 23:32:53 UTC,failed,1999
pa_001865,e_001814,u_001814,2026-07-13 23:34:53 UTC,failed,1999
pa_001866,e_001814,u_001814,2026-07-13 23:36:53 UTC,succeeded,1999
pa_001867,e_001815,u_001815,2026-07-13 02:01:47 UTC,succeeded,1999
pa_001868,e_001816,u_001816,2026-07-13 12:47:50 UTC,succeeded,1999
pa_001869,e_001817,u_001817,2026-07-13 22:27:55 UTC,succeeded,1999
pa_001870,e_001818,u_001818,2026-07-13 23:42:29 UTC,succeeded,1999
pa_001871,e_001819,u_001819,2026-07-13 23:08:27 UTC,succeeded,1999
pa_001872,e_001820,u_001820,2026-07-13 15:18:18 UTC,succeeded,1999
pa_001873,e_001821,u_001821,2026-07-13 17:04:26 UTC,succeeded,1999
pa_001874,e_001822,u_001822,2026-07-13 01:22:16 UTC,succeeded,1999
pa_001875,e_001823,u_001823,2026-07-13 18:39:51 UTC,succeeded,1999
pa_001876,e_001824,u_001824,2026-07-13 00:03:24 UTC,failed,1999
pa_001877,e_001824,u_001824,2026-07-13 00:05:24 UTC,succeeded,1999
pa_001878,e_001825,u_001825,2026-07-13 14:59:10 UTC,succeeded,1999
pa_001879,e_001826,u_001826,2026-07-13 00:48:37 UTC,failed,1999
pa_001880,e_001826,u_001826,2026-07-13 00:50:37 UTC,failed,1999
pa_001881,e_001826,u_001826,2026-07-13 00:52:37 UTC,failed,1999
pa_001882,e_001826,u_001826,2026-07-13 00:54:37 UTC,succeeded,1999
pa_001883,e_001827,u_001827,2026-07-13 01:25:12 UTC,succeeded,1999
pa_001884,e_001828,u_001828,2026-07-13 17:36:18 UTC,succeeded,1999
pa_001885,e_001829,u_001829,2026-07-13 18:29:17 UTC,succeeded,1999
pa_001886,e_001830,u_001830,2026-07-13 14:05:50 UTC,succeeded,1999
pa_001887,e_001831,u_001831,2026-07-13 05:01:51 UTC,succeeded,1999
pa_001888,e_001832,u_001832,2026-07-13 13:49:58 UTC,succeeded,1999
pa_001889,e_001833,u_001833,2026-07-13 11:36:32 UTC,succeeded,1999
pa_001890,e_001834,u_001834,2026-07-13 08:17:00 UTC,succeeded,1999
pa_001891,e_001835,u_001835,2026-07-13 01:59:42 UTC,succeeded,1999
pa_001892,e_001836,u_001836,2026-07-13 07:37:57 UTC,succeeded,1999
pa_001893,e_001837,u_001837,2026-07-13 08:16:09 UTC,succeeded,1999
pa_001894,e_001838,u_001838,2026-07-13 22:46:41 UTC,failed,1999
pa_001895,e_001838,u_001838,2026-07-13 22:48:41 UTC,succeeded,1999
pa_001896,e_001839,u_001839,2026-07-13 18:51:09 UTC,succeeded,1999
pa_001897,e_001840,u_001840,2026-07-13 04:23:42 UTC,succeeded,1999
pa_001898,e_001841,u_001841,2026-07-13 21:17:19 UTC,succeeded,1999
pa_001899,e_001842,u_001842,2026-07-13 15:03:49 UTC,succeeded,1999
pa_001900,e_001843,u_001843,2026-07-13 11:38:10 UTC,succeeded,1999
pa_001901,e_001844,u_001844,2026-07-13 22:54:26 UTC,succeeded,1999
pa_001902,e_001845,u_001845,2026-07-13 08:00:09 UTC,failed,1999
pa_001903,e_001845,u_001845,2026-07-13 08:02:09 UTC,failed,1999
pa_001904,e_001845,u_001845,2026-07-13 08:04:09 UTC,succeeded,1999
pa_001905,e_001846,u_001846,2026-07-13 12:57:00 UTC,succeeded,1999
pa_001906,e_001847,u_001847,2026-07-13 02:01:13 UTC,succeeded,1999
pa_001907,e_001848,u_001848,2026-07-13 08:21:01 UTC,succeeded,1999
pa_001908,e_001849,u_001849,2026-07-13 10:32:04 UTC,succeeded,1999
pa_001909,e_001850,u_001850,2026-07-13 17:11:06 UTC,succeeded,1999
pa_001910,e_001851,u_001851,2026-07-13 00:19:44 UTC,succeeded,1999
pa_001911,e_001852,u_001852,2026-07-13 05:43:34 UTC,failed,1999
pa_001912,e_001852,u_001852,2026-07-13 05:45:34 UTC,failed,1999
pa_001913,e_001852,u_001852,2026-07-13 05:47:34 UTC,succeeded,1999
pa_001914,e_001853,u_001853,2026-07-13 13:41:38 UTC,succeeded,1999
pa_001915,e_001854,u_001854,2026-07-13 03:59:52 UTC,succeeded,1999
pa_001916,e_001855,u_001855,2026-07-13 17:47:06 UTC,succeeded,1999
pa_001917,e_001856,u_001856,2026-07-13 08:01:17 UTC,succeeded,1999
pa_001918,e_001857,u_001857,2026-07-13 23:21:58 UTC,failed,1999
pa_001919,e_001857,u_001857,2026-07-13 23:23:58 UTC,failed,1999
pa_001920,e_001857,u_001857,2026-07-13 23:25:58 UTC,succeeded,1999
pa_001921,e_001858,u_001858,2026-07-13 17:49:47 UTC,succeeded,1999
pa_001922,e_001859,u_001859,2026-07-13 19:53:58 UTC,succeeded,1999
pa_001923,e_001860,u_001860,2026-07-13 18:29:11 UTC,succeeded,1999
pa_001924,e_001861,u_001861,2026-07-13 00:03:10 UTC,succeeded,1999
pa_001925,e_001862,u_001862,2026-07-13 22:45:44 UTC,succeeded,1999
pa_001926,e_001863,u_001863,2026-07-13 11:23:06 UTC,succeeded,1999
pa_001927,e_001864,u_001864,2026-07-13 15:08:21 UTC,succeeded,1999
pa_001928,e_001865,u_001865,2026-07-13 07:27:47 UTC,failed,1999
pa_001929,e_001865,u_001865,2026-07-13 07:29:47 UTC,failed,1999
pa_001930,e_001865,u_001865,2026-07-13 07:31:47 UTC,failed,1999
pa_001931,e_001865,u_001865,2026-07-13 07:33:47 UTC,succeeded,1999
pa_001932,e_001866,u_001866,2026-07-13 20:06:22 UTC,succeeded,1999
pa_001933,e_001867,u_001867,2026-07-13 17:52:36 UTC,failed,1999
pa_001934,e_001867,u_001867,2026-07-13 17:54:36 UTC,succeeded,1999
pa_001935,e_001868,u_001868,2026-07-13 17:37:38 UTC,succeeded,1999
pa_001936,e_001869,u_001869,2026-07-13 21:47:59 UTC,failed,1999
pa_001937,e_001869,u_001869,2026-07-13 21:49:59 UTC,failed,1999
pa_001938,e_001869,u_001869,2026-07-13 21:51:59 UTC,succeeded,1999
pa_001939,e_001870,u_001870,2026-07-13 17:55:49 UTC,succeeded,1999
pa_001940,e_001871,u_001871,2026-07-13 20:38:45 UTC,failed,1999
pa_001941,e_001871,u_001871,2026-07-13 20:40:45 UTC,failed,1999
pa_001942,e_001871,u_001871,2026-07-13 20:42:45 UTC,failed,1999
pa_001943,e_001871,u_001871,2026-07-13 20:44:45 UTC,succeeded,1999
pa_001944,e_001872,u_001872,2026-07-13 09:51:27 UTC,failed,1999
pa_001945,e_001872,u_001872,2026-07-13 09:53:27 UTC,failed,1999
pa_001946,e_001872,u_001872,2026-07-13 09:55:27 UTC,succeeded,1999
pa_001947,e_001873,u_001873,2026-07-13 13:45:23 UTC,failed,1999
pa_001948,e_001873,u_001873,2026-07-13 13:47:23 UTC,failed,1999
pa_001949,e_001873,u_001873,2026-07-13 13:49:23 UTC,succeeded,1999
pa_001950,e_001874,u_001874,2026-07-13 03:52:57 UTC,succeeded,1999
pa_001951,e_001875,u_001875,2026-07-13 14:16:20 UTC,succeeded,1999
pa_001952,e_001876,u_001876,2026-07-13 03:56:18 UTC,failed,1999
pa_001953,e_001876,u_001876,2026-07-13 03:58:18 UTC,succeeded,1999
pa_001954,e_001877,u_001877,2026-07-13 06:57:16 UTC,failed,1999
pa_001955,e_001877,u_001877,2026-07-13 06:59:16 UTC,failed,1999
pa_001956,e_001877,u_001877,2026-07-13 07:01:16 UTC,succeeded,1999
pa_001957,e_001878,u_001878,2026-07-13 22:30:28 UTC,succeeded,1999
pa_001958,e_001879,u_001879,2026-07-14 04:27:55 UTC,succeeded,1999
pa_001959,e_001880,u_001880,2026-07-14 17:16:18 UTC,succeeded,1999
pa_001960,e_001881,u_001881,2026-07-14 19:42:57 UTC,failed,1999
pa_001961,e_001881,u_001881,2026-07-14 19:44:57 UTC,succeeded,1999
pa_001962,e_001882,u_001882,2026-07-14 09:17:06 UTC,succeeded,1999
pa_001963,e_001883,u_001883,2026-07-14 03:54:04 UTC,succeeded,1999
pa_001964,e_001884,u_001884,2026-07-14 03:58:56 UTC,succeeded,1999
pa_001965,e_001885,u_001885,2026-07-14 12:12:36 UTC,succeeded,1999
pa_001966,e_001886,u_001886,2026-07-14 15:30:05 UTC,succeeded,1999
pa_001967,e_001887,u_001887,2026-07-14 07:11:02 UTC,failed,1999
pa_001968,e_001887,u_001887,2026-07-14 07:13:02 UTC,failed,1999
pa_001969,e_001887,u_001887,2026-07-14 07:15:02 UTC,failed,1999
pa_001970,e_001887,u_001887,2026-07-14 07:17:02 UTC,succeeded,1999
pa_001971,e_001888,u_001888,2026-07-14 19:06:04 UTC,succeeded,1999
pa_001972,e_001889,u_001889,2026-07-14 00:17:23 UTC,succeeded,1999
pa_001973,e_001890,u_001890,2026-07-14 08:58:36 UTC,succeeded,1999
pa_001974,e_001891,u_001891,2026-07-14 21:08:01 UTC,succeeded,1999
pa_001975,e_001892,u_001892,2026-07-14 02:59:30 UTC,succeeded,1999
pa_001976,e_001893,u_001893,2026-07-14 14:56:49 UTC,succeeded,1999
pa_001977,e_001894,u_001894,2026-07-14 15:58:27 UTC,succeeded,1999
pa_001978,e_001895,u_001895,2026-07-14 03:48:10 UTC,succeeded,1999
pa_001979,e_001896,u_001896,2026-07-14 23:09:29 UTC,succeeded,1999
pa_001980,e_001897,u_001897,2026-07-14 12:36:25 UTC,failed,1999
pa_001981,e_001897,u_001897,2026-07-14 12:38:25 UTC,failed,1999
pa_001982,e_001897,u_001897,2026-07-14 12:40:25 UTC,succeeded,1999
pa_001983,e_001898,u_001898,2026-07-14 22:30:34 UTC,succeeded,1999
pa_001984,e_001899,u_001899,2026-07-14 05:59:05 UTC,succeeded,1999
pa_001985,e_001900,u_001900,2026-07-14 09:04:53 UTC,succeeded,1999
pa_001986,e_001901,u_001901,2026-07-14 10:39:54 UTC,succeeded,1999
pa_001987,e_001902,u_001902,2026-07-14 19:00:48 UTC,succeeded,1999
pa_001988,e_001903,u_001903,2026-07-14 20:58:18 UTC,succeeded,1999
pa_001989,e_001904,u_001904,2026-07-14 22:00:12 UTC,succeeded,1999
pa_001990,e_001905,u_001905,2026-07-14 23:57:06 UTC,failed,1999
pa_001991,e_001905,u_001905,2026-07-14 23:59:06 UTC,succeeded,1999
pa_001992,e_001906,u_001906,2026-07-14 00:16:53 UTC,succeeded,1999
pa_001993,e_001907,u_001907,2026-07-14 02:54:47 UTC,failed,1999
pa_001994,e_001907,u_001907,2026-07-14 02:56:47 UTC,failed,1999
pa_001995,e_001907,u_001907,2026-07-14 02:58:47 UTC,succeeded,1999
pa_001996,e_001908,u_001908,2026-07-14 21:30:37 UTC,succeeded,1999
pa_001997,e_001909,u_001909,2026-07-14 16:35:12 UTC,succeeded,1999
pa_001998,e_001910,u_001910,2026-07-14 15:30:08 UTC,succeeded,1999
pa_001999,e_001911,u_001911,2026-07-14 21:13:27 UTC,succeeded,1999
pa_002000,e_001912,u_001912,2026-07-14 17:34:02 UTC,failed,1999
pa_002001,e_001912,u_001912,2026-07-14 17:36:02 UTC,succeeded,1999
pa_002002,e_001913,u_001913,2026-07-14 17:04:59 UTC,succeeded,1999
pa_002003,e_001914,u_001914,2026-07-14 16:10:21 UTC,succeeded,1999
pa_002004,e_001915,u_001915,2026-07-14 16:14:00 UTC,succeeded,1999
pa_002005,e_001916,u_001916,2026-07-14 06:45:28 UTC,failed,1999
pa_002006,e_001916,u_001916,2026-07-14 06:47:28 UTC,failed,1999
pa_002007,e_001916,u_001916,2026-07-14 06:49:28 UTC,succeeded,1999
pa_002008,e_001917,u_001917,2026-07-14 08:36:07 UTC,succeeded,1999
pa_002009,e_001918,u_001918,2026-07-14 08:39:58 UTC,succeeded,1999
pa_002010,e_001919,u_001919,2026-07-14 10:16:07 UTC,succeeded,1999
pa_002011,e_001920,u_001920,2026-07-14 04:10:31 UTC,succeeded,1999
pa_002012,e_001921,u_001921,2026-07-14 19:40:07 UTC,succeeded,1999
pa_002013,e_001922,u_001922,2026-07-14 02:20:28 UTC,failed,1999
pa_002014,e_001922,u_001922,2026-07-14 02:22:28 UTC,failed,1999
pa_002015,e_001922,u_001922,2026-07-14 02:24:28 UTC,succeeded,1999
pa_002016,e_001923,u_001923,2026-07-14 23:14:06 UTC,failed,1999
pa_002017,e_001923,u_001923,2026-07-14 23:16:06 UTC,failed,1999
pa_002018,e_001923,u_001923,2026-07-14 23:18:06 UTC,failed,1999
pa_002019,e_001923,u_001923,2026-07-14 23:20:06 UTC,succeeded,1999
pa_002020,e_001924,u_001924,2026-07-14 11:14:46 UTC,failed,1999
pa_002021,e_001924,u_001924,2026-07-14 11:16:46 UTC,failed,1999
pa_002022,e_001924,u_001924,2026-07-14 11:18:46 UTC,succeeded,1999
pa_002023,e_001925,u_001925,2026-07-14 22:21:50 UTC,failed,1999
pa_002024,e_001925,u_001925,2026-07-14 22:23:50 UTC,failed,1999
pa_002025,e_001925,u_001925,2026-07-14 22:25:50 UTC,succeeded,1999
pa_002026,e_001926,u_001926,2026-07-14 20:14:02 UTC,failed,1999
pa_002027,e_001926,u_001926,2026-07-14 20:16:02 UTC,failed,1999
pa_002028,e_001926,u_001926,2026-07-14 20:18:02 UTC,succeeded,1999
pa_002029,e_001927,u_001927,2026-07-14 06:11:12 UTC,succeeded,1999
pa_002030,e_001928,u_001928,2026-07-14 22:47:59 UTC,failed,1999
pa_002031,e_001928,u_001928,2026-07-14 22:49:59 UTC,failed,1999
pa_002032,e_001928,u_001928,2026-07-14 22:51:59 UTC,succeeded,1999
pa_002033,e_001929,u_001929,2026-07-14 14:29:19 UTC,succeeded,1999
pa_002034,e_001930,u_001930,2026-07-14 12:25:03 UTC,succeeded,1999
pa_002035,e_001931,u_001931,2026-07-14 03:17:05 UTC,succeeded,1999
pa_002036,e_001932,u_001932,2026-07-14 21:40:37 UTC,succeeded,1999
pa_002037,e_001933,u_001933,2026-07-14 18:41:53 UTC,succeeded,1999
pa_002038,e_001934,u_001934,2026-07-14 11:52:34 UTC,failed,1999
pa_002039,e_001934,u_001934,2026-07-14 11:54:34 UTC,failed,1999
pa_002040,e_001934,u_001934,2026-07-14 11:56:34 UTC,succeeded,1999
pa_002041,e_001935,u_001935,2026-07-14 19:14:23 UTC,failed,1999
pa_002042,e_001935,u_001935,2026-07-14 19:16:23 UTC,failed,1999
pa_002043,e_001935,u_001935,2026-07-14 19:18:23 UTC,succeeded,1999
pa_002044,e_001936,u_001936,2026-07-14 15:39:25 UTC,succeeded,1999
pa_002045,e_001937,u_001937,2026-07-14 21:13:03 UTC,failed,1999
pa_002046,e_001937,u_001937,2026-07-14 21:15:03 UTC,failed,1999
pa_002047,e_001937,u_001937,2026-07-14 21:17:03 UTC,succeeded,1999
pa_002048,e_001938,u_001938,2026-07-14 20:08:54 UTC,succeeded,1999
pa_002049,e_001939,u_001939,2026-07-14 02:27:10 UTC,succeeded,1999
pa_002050,e_001940,u_001940,2026-07-14 11:05:31 UTC,failed,1999
pa_002051,e_001940,u_001940,2026-07-14 11:07:31 UTC,failed,1999
pa_002052,e_001940,u_001940,2026-07-14 11:09:31 UTC,failed,1999
pa_002053,e_001940,u_001940,2026-07-14 11:11:31 UTC,succeeded,1999
pa_002054,e_001941,u_001941,2026-07-14 21:06:06 UTC,succeeded,1999
pa_002055,e_001942,u_001942,2026-07-14 00:45:36 UTC,succeeded,1999
pa_002056,e_001943,u_001943,2026-07-14 10:58:07 UTC,succeeded,1999
pa_002057,e_001944,u_001944,2026-07-14 10:14:11 UTC,succeeded,1999
pa_002058,e_001945,u_001945,2026-07-14 00:28:44 UTC,succeeded,1999
pa_002059,e_001946,u_001946,2026-07-14 10:10:48 UTC,succeeded,1999
pa_002060,e_001947,u_001947,2026-07-14 15:59:45 UTC,succeeded,1999
pa_002061,e_001948,u_001948,2026-07-14 21:42:31 UTC,succeeded,1999
pa_002062,e_001949,u_001949,2026-07-14 13:00:57 UTC,failed,1999
pa_002063,e_001949,u_001949,2026-07-14 13:02:57 UTC,failed,1999
pa_002064,e_001949,u_001949,2026-07-14 13:04:57 UTC,succeeded,1999
pa_002065,e_001950,u_001950,2026-07-14 11:43:10 UTC,failed,1999
pa_002066,e_001950,u_001950,2026-07-14 11:45:10 UTC,failed,1999
pa_002067,e_001950,u_001950,2026-07-14 11:47:10 UTC,succeeded,1999
pa_002068,e_001951,u_001951,2026-07-14 15:44:24 UTC,succeeded,1999
pa_002069,e_001952,u_001952,2026-07-14 14:12:28 UTC,succeeded,1999
pa_002070,e_001953,u_001953,2026-07-14 04:24:02 UTC,succeeded,1999
pa_002071,e_001954,u_001954,2026-07-14 17:25:44 UTC,succeeded,1999
pa_002072,e_001955,u_001955,2026-07-14 17:17:35 UTC,succeeded,1999
pa_002073,e_001956,u_001956,2026-07-14 18:40:56 UTC,succeeded,1999
pa_002074,e_001957,u_001957,2026-07-14 20:54:49 UTC,succeeded,1999
pa_002075,e_001958,u_001958,2026-07-14 09:22:47 UTC,succeeded,1999
pa_002076,e_001959,u_001959,2026-07-14 16:36:24 UTC,failed,1999
pa_002077,e_001959,u_001959,2026-07-14 16:38:24 UTC,failed,1999
pa_002078,e_001959,u_001959,2026-07-14 16:40:24 UTC,failed,1999
pa_002079,e_001959,u_001959,2026-07-14 16:42:24 UTC,succeeded,1999
pa_002080,e_001960,u_001960,2026-07-14 22:31:23 UTC,failed,1999
pa_002081,e_001960,u_001960,2026-07-14 22:33:23 UTC,failed,1999
pa_002082,e_001960,u_001960,2026-07-14 22:35:23 UTC,succeeded,1999
pa_002083,e_001961,u_001961,2026-07-14 18:28:44 UTC,succeeded,1999
pa_002084,e_001962,u_001962,2026-07-14 15:55:35 UTC,succeeded,1999
pa_002085,e_001963,u_001963,2026-07-14 00:03:59 UTC,succeeded,1999
pa_002086,e_001964,u_001964,2026-07-14 04:09:32 UTC,failed,1999
pa_002087,e_001964,u_001964,2026-07-14 04:11:32 UTC,failed,1999
pa_002088,e_001964,u_001964,2026-07-14 04:13:32 UTC,succeeded,1999
pa_002089,e_001965,u_001965,2026-07-14 15:37:40 UTC,succeeded,1999
pa_002090,e_001966,u_001966,2026-07-14 03:46:12 UTC,succeeded,1999
pa_002091,e_001967,u_001967,2026-07-14 08:53:06 UTC,failed,1999
pa_002092,e_001967,u_001967,2026-07-14 08:55:06 UTC,failed,1999
pa_002093,e_001967,u_001967,2026-07-14 08:57:06 UTC,succeeded,1999
pa_002094,e_001968,u_001968,2026-07-14 09:32:51 UTC,failed,1999
pa_002095,e_001968,u_001968,2026-07-14 09:34:51 UTC,failed,1999
pa_002096,e_001968,u_001968,2026-07-14 09:36:51 UTC,failed,1999
pa_002097,e_001968,u_001968,2026-07-14 09:38:51 UTC,succeeded,1999
pa_002098,e_001969,u_001969,2026-07-14 04:07:59 UTC,succeeded,1999
pa_002099,e_001970,u_001970,2026-07-14 15:32:30 UTC,succeeded,1999
pa_002100,e_001971,u_001971,2026-07-14 18:35:29 UTC,succeeded,1999
pa_002101,e_001972,u_001972,2026-07-14 11:16:36 UTC,succeeded,1999
pa_002102,e_001973,u_001973,2026-07-14 15:57:17 UTC,succeeded,1999
pa_002103,e_001974,u_001974,2026-07-14 23:13:57 UTC,succeeded,1999
pa_002104,e_001975,u_001975,2026-07-14 14:22:46 UTC,failed,1999
pa_002105,e_001975,u_001975,2026-07-14 14:24:46 UTC,failed,1999
pa_002106,e_001975,u_001975,2026-07-14 14:26:46 UTC,succeeded,1999
pa_002107,e_001976,u_001976,2026-07-14 14:30:38 UTC,succeeded,1999
pa_002108,e_001977,u_001977,2026-07-14 18:27:03 UTC,succeeded,1999
pa_002109,e_001978,u_001978,2026-07-14 21:14:33 UTC,succeeded,1999
pa_002110,e_001979,u_001979,2026-07-14 13:44:27 UTC,succeeded,1999
pa_002111,e_001980,u_001980,2026-07-14 08:35:33 UTC,succeeded,1999
pa_002112,e_001981,u_001981,2026-07-14 15:28:04 UTC,succeeded,1999
pa_002113,e_001982,u_001982,2026-07-14 20:18:36 UTC,succeeded,1999
pa_002114,e_001983,u_001983,2026-07-14 16:14:20 UTC,succeeded,1999
pa_002115,e_001984,u_001984,2026-07-14 09:41:25 UTC,succeeded,1999
pa_002116,e_001985,u_001985,2026-07-15 06:57:56 UTC,failed,1999
pa_002117,e_001985,u_001985,2026-07-15 06:59:56 UTC,failed,1999
pa_002118,e_001985,u_001985,2026-07-15 07:01:56 UTC,succeeded,1999
pa_002119,e_001986,u_001986,2026-07-15 00:14:51 UTC,succeeded,1999
pa_002120,e_001987,u_001987,2026-07-15 17:27:24 UTC,succeeded,1999
pa_002121,e_001988,u_001988,2026-07-15 21:06:55 UTC,succeeded,1999
pa_002122,e_001989,u_001989,2026-07-15 15:09:52 UTC,succeeded,1999
pa_002123,e_001990,u_001990,2026-07-15 21:09:20 UTC,succeeded,1999
pa_002124,e_001991,u_001991,2026-07-15 23:11:43 UTC,succeeded,1999
pa_002125,e_001992,u_001992,2026-07-15 14:07:39 UTC,succeeded,1999
pa_002126,e_001993,u_001993,2026-07-15 04:52:14 UTC,failed,1999
pa_002127,e_001993,u_001993,2026-07-15 04:54:14 UTC,failed,1999
pa_002128,e_001993,u_001993,2026-07-15 04:56:14 UTC,failed,1999
pa_002129,e_001993,u_001993,2026-07-15 04:58:14 UTC,succeeded,1999
pa_002130,e_001994,u_001994,2026-07-15 16:16:00 UTC,succeeded,1999
pa_002131,e_001995,u_001995,2026-07-15 12:19:21 UTC,succeeded,1999
pa_002132,e_001996,u_001996,2026-07-15 07:26:28 UTC,succeeded,1999
pa_002133,e_001997,u_001997,2026-07-15 13:25:38 UTC,succeeded,1999
pa_002134,e_001998,u_001998,2026-07-15 13:27:04 UTC,succeeded,1999
pa_002135,e_001999,u_001999,2026-07-15 18:13:03 UTC,succeeded,1999
pa_002136,e_002000,u_002000,2026-07-15 05:45:15 UTC,succeeded,1999
pa_002137,e_002001,u_002001,2026-07-15 22:35:03 UTC,succeeded,1999
pa_002138,e_002002,u_002002,2026-07-15 04:18:10 UTC,succeeded,1999
pa_002139,e_002003,u_002003,2026-07-15 15:48:35 UTC,succeeded,1999
pa_002140,e_002004,u_002004,2026-07-15 18:01:04 UTC,succeeded,1999
pa_002141,e_002005,u_002005,2026-07-15 10:38:17 UTC,succeeded,1999
pa_002142,e_002006,u_002006,2026-07-15 19:01:30 UTC,succeeded,1999
pa_002143,e_002007,u_002007,2026-07-15 05:59:13 UTC,failed,1999
pa_002144,e_002007,u_002007,2026-07-15 06:01:13 UTC,succeeded,1999
pa_002145,e_002008,u_002008,2026-07-15 03:29:51 UTC,failed,1999
pa_002146,e_002008,u_002008,2026-07-15 03:31:51 UTC,failed,1999
pa_002147,e_002008,u_002008,2026-07-15 03:33:51 UTC,succeeded,1999
pa_002148,e_002009,u_002009,2026-07-15 15:39:33 UTC,succeeded,1999
pa_002149,e_002010,u_002010,2026-07-15 20:04:38 UTC,succeeded,1999
pa_002150,e_002011,u_002011,2026-07-15 19:45:29 UTC,failed,1999
pa_002151,e_002011,u_002011,2026-07-15 19:47:29 UTC,failed,1999
pa_002152,e_002011,u_002011,2026-07-15 19:49:29 UTC,succeeded,1999
pa_002153,e_002012,u_002012,2026-07-15 15:43:27 UTC,succeeded,1999
pa_002154,e_002013,u_002013,2026-07-15 16:15:59 UTC,failed,1999
pa_002155,e_002013,u_002013,2026-07-15 16:17:59 UTC,succeeded,1999
pa_002156,e_002014,u_002014,2026-07-15 18:10:55 UTC,failed,1999
pa_002157,e_002014,u_002014,2026-07-15 18:12:55 UTC,failed,1999
pa_002158,e_002014,u_002014,2026-07-15 18:14:55 UTC,failed,1999
pa_002159,e_002014,u_002014,2026-07-15 18:16:55 UTC,succeeded,1999
pa_002160,e_002015,u_002015,2026-07-15 09:14:24 UTC,succeeded,1999
pa_002161,e_002016,u_002016,2026-07-15 21:56:58 UTC,succeeded,1999
pa_002162,e_002017,u_002017,2026-07-15 00:36:21 UTC,succeeded,1999
pa_002163,e_002018,u_002018,2026-07-15 09:23:01 UTC,succeeded,1999
pa_002164,e_002019,u_002019,2026-07-15 18:23:56 UTC,failed,1999
pa_002165,e_002019,u_002019,2026-07-15 18:25:56 UTC,failed,1999
pa_002166,e_002019,u_002019,2026-07-15 18:27:56 UTC,succeeded,1999
pa_002167,e_002020,u_002020,2026-07-15 12:44:57 UTC,succeeded,1999
pa_002168,e_002021,u_002021,2026-07-15 02:56:43 UTC,failed,1999
pa_002169,e_002021,u_002021,2026-07-15 02:58:43 UTC,failed,1999
pa_002170,e_002021,u_002021,2026-07-15 03:00:43 UTC,failed,1999
pa_002171,e_002021,u_002021,2026-07-15 03:02:43 UTC,succeeded,1999
pa_002172,e_002022,u_002022,2026-07-15 08:17:17 UTC,succeeded,1999
pa_002173,e_002023,u_002023,2026-07-15 14:11:06 UTC,succeeded,1999
pa_002174,e_002024,u_002024,2026-07-15 22:31:32 UTC,succeeded,1999
pa_002175,e_002025,u_002025,2026-07-15 12:14:27 UTC,succeeded,1999
pa_002176,e_002026,u_002026,2026-07-15 19:46:46 UTC,succeeded,1999
pa_002177,e_002027,u_002027,2026-07-15 03:09:39 UTC,succeeded,1999
pa_002178,e_002028,u_002028,2026-07-15 08:20:47 UTC,failed,1999
pa_002179,e_002028,u_002028,2026-07-15 08:22:47 UTC,failed,1999
pa_002180,e_002028,u_002028,2026-07-15 08:24:47 UTC,failed,1999
pa_002181,e_002028,u_002028,2026-07-15 08:26:47 UTC,succeeded,1999
pa_002182,e_002029,u_002029,2026-07-15 20:43:25 UTC,failed,1999
pa_002183,e_002029,u_002029,2026-07-15 20:45:25 UTC,succeeded,1999
pa_002184,e_002030,u_002030,2026-07-15 20:53:02 UTC,failed,1999
pa_002185,e_002030,u_002030,2026-07-15 20:55:02 UTC,failed,1999
pa_002186,e_002030,u_002030,2026-07-15 20:57:02 UTC,failed,1999
pa_002187,e_002030,u_002030,2026-07-15 20:59:02 UTC,succeeded,1999
pa_002188,e_002031,u_002031,2026-07-15 08:20:21 UTC,succeeded,1999
pa_002189,e_002032,u_002032,2026-07-15 00:48:15 UTC,succeeded,1999
pa_002190,e_002033,u_002033,2026-07-15 23:08:16 UTC,succeeded,1999
pa_002191,e_002034,u_002034,2026-07-15 01:35:49 UTC,succeeded,1999
pa_002192,e_002035,u_002035,2026-07-15 10:04:36 UTC,succeeded,1999
pa_002193,e_002036,u_002036,2026-07-15 02:02:41 UTC,failed,1999
pa_002194,e_002036,u_002036,2026-07-15 02:04:41 UTC,failed,1999
pa_002195,e_002036,u_002036,2026-07-15 02:06:41 UTC,succeeded,1999
pa_002196,e_002037,u_002037,2026-07-15 20:06:07 UTC,succeeded,1999
pa_002197,e_002038,u_002038,2026-07-15 12:12:17 UTC,succeeded,1999
pa_002198,e_002039,u_002039,2026-07-15 00:58:54 UTC,succeeded,1999
pa_002199,e_002040,u_002040,2026-07-15 21:06:15 UTC,succeeded,1999
pa_002200,e_002041,u_002041,2026-07-15 01:00:45 UTC,succeeded,1999
pa_002201,e_002042,u_002042,2026-07-15 00:01:49 UTC,succeeded,1999
pa_002202,e_002043,u_002043,2026-07-15 10:17:51 UTC,succeeded,1999
pa_002203,e_002044,u_002044,2026-07-15 03:36:47 UTC,succeeded,1999
pa_002204,e_002045,u_002045,2026-07-15 08:50:13 UTC,succeeded,1999
pa_002205,e_002046,u_002046,2026-07-15 03:17:05 UTC,failed,1999
pa_002206,e_002046,u_002046,2026-07-15 03:19:05 UTC,failed,1999
pa_002207,e_002046,u_002046,2026-07-15 03:21:05 UTC,failed,1999
pa_002208,e_002046,u_002046,2026-07-15 03:23:05 UTC,succeeded,1999
pa_002209,e_002047,u_002047,2026-07-15 00:04:12 UTC,succeeded,1999
pa_002210,e_002048,u_002048,2026-07-15 05:17:46 UTC,succeeded,1999
pa_002211,e_002049,u_002049,2026-07-15 02:04:50 UTC,succeeded,1999
pa_002212,e_002050,u_002050,2026-07-15 12:49:41 UTC,succeeded,1999
pa_002213,e_002051,u_002051,2026-07-15 14:21:52 UTC,succeeded,1999
pa_002214,e_002052,u_002052,2026-07-15 02:56:47 UTC,succeeded,1999
pa_002215,e_002053,u_002053,2026-07-15 03:44:29 UTC,succeeded,1999
pa_002216,e_002054,u_002054,2026-07-15 05:11:09 UTC,succeeded,1999
pa_002217,e_002055,u_002055,2026-07-15 14:09:22 UTC,succeeded,1999
pa_002218,e_002056,u_002056,2026-07-15 07:18:43 UTC,succeeded,1999
pa_002219,e_002057,u_002057,2026-07-15 19:15:50 UTC,failed,1999
pa_002220,e_002057,u_002057,2026-07-15 19:17:50 UTC,succeeded,1999
pa_002221,e_002058,u_002058,2026-07-15 07:01:14 UTC,succeeded,1999
pa_002222,e_002059,u_002059,2026-07-15 04:28:41 UTC,succeeded,1999
pa_002223,e_002060,u_002060,2026-07-15 17:41:13 UTC,succeeded,1999
pa_002224,e_002061,u_002061,2026-07-15 01:24:53 UTC,succeeded,1999
pa_002225,e_002062,u_002062,2026-07-15 19:33:58 UTC,failed,1999
pa_002226,e_002062,u_002062,2026-07-15 19:35:58 UTC,failed,1999
pa_002227,e_002062,u_002062,2026-07-15 19:37:58 UTC,failed,1999
pa_002228,e_002062,u_002062,2026-07-15 19:39:58 UTC,succeeded,1999
pa_002229,e_002063,u_002063,2026-07-15 21:54:02 UTC,succeeded,1999
pa_002230,e_002064,u_002064,2026-07-15 13:26:20 UTC,succeeded,1999
pa_002231,e_002065,u_002065,2026-07-15 21:54:18 UTC,succeeded,1999
pa_002232,e_002066,u_002066,2026-07-15 06:12:15 UTC,failed,1999
pa_002233,e_002066,u_002066,2026-07-15 06:14:15 UTC,failed,1999
pa_002234,e_002066,u_002066,2026-07-15 06:16:15 UTC,succeeded,1999
pa_002235,e_002067,u_002067,2026-07-15 13:46:07 UTC,failed,1999
pa_002236,e_002067,u_002067,2026-07-15 13:48:07 UTC,failed,1999
pa_002237,e_002067,u_002067,2026-07-15 13:50:07 UTC,succeeded,1999
pa_002238,e_002068,u_002068,2026-07-15 19:05:05 UTC,failed,1999
pa_002239,e_002068,u_002068,2026-07-15 19:07:05 UTC,failed,1999
pa_002240,e_002068,u_002068,2026-07-15 19:09:05 UTC,succeeded,1999
pa_002241,e_002069,u_002069,2026-07-15 19:11:43 UTC,failed,1999
pa_002242,e_002069,u_002069,2026-07-15 19:13:43 UTC,succeeded,1999
pa_002243,e_002070,u_002070,2026-07-15 12:37:22 UTC,succeeded,1999
pa_002244,e_002071,u_002071,2026-07-15 15:42:31 UTC,succeeded,1999
pa_002245,e_002072,u_002072,2026-07-15 14:41:12 UTC,succeeded,1999
pa_002246,e_002073,u_002073,2026-07-15 20:38:16 UTC,succeeded,1999
pa_002247,e_002074,u_002074,2026-07-15 03:27:32 UTC,succeeded,1999
pa_002248,e_002075,u_002075,2026-07-15 06:47:45 UTC,succeeded,1999
pa_002249,e_002076,u_002076,2026-07-15 13:34:31 UTC,failed,1999
pa_002250,e_002076,u_002076,2026-07-15 13:36:31 UTC,failed,1999
pa_002251,e_002076,u_002076,2026-07-15 13:38:31 UTC,failed,1999
pa_002252,e_002076,u_002076,2026-07-15 13:40:31 UTC,succeeded,1999
pa_002253,e_002077,u_002077,2026-07-15 23:49:57 UTC,failed,1999
pa_002254,e_002077,u_002077,2026-07-15 23:51:57 UTC,failed,1999
pa_002255,e_002077,u_002077,2026-07-15 23:53:57 UTC,succeeded,1999
pa_002256,e_002078,u_002078,2026-07-15 08:11:42 UTC,succeeded,1999
pa_002257,e_002079,u_002079,2026-07-15 20:45:21 UTC,succeeded,1999
pa_002258,e_002080,u_002080,2026-07-15 14:45:22 UTC,succeeded,1999
pa_002259,e_002081,u_002081,2026-07-15 01:15:27 UTC,failed,1999
pa_002260,e_002081,u_002081,2026-07-15 01:17:27 UTC,succeeded,1999
pa_002261,e_002082,u_002082,2026-07-15 13:23:54 UTC,failed,1999
pa_002262,e_002082,u_002082,2026-07-15 13:25:54 UTC,succeeded,1999
pa_002263,e_002083,u_002083,2026-07-15 20:44:09 UTC,succeeded,1999
pa_002264,e_002084,u_002084,2026-07-15 16:53:28 UTC,succeeded,1999
pa_002265,e_002085,u_002085,2026-07-15 00:04:36 UTC,succeeded,1999
pa_002266,e_002086,u_002086,2026-07-15 20:18:51 UTC,failed,1999
pa_002267,e_002086,u_002086,2026-07-15 20:20:51 UTC,failed,1999
pa_002268,e_002086,u_002086,2026-07-15 20:22:51 UTC,succeeded,1999
pa_002269,e_002087,u_002087,2026-07-15 22:44:23 UTC,succeeded,1999
pa_002270,e_002088,u_002088,2026-07-15 08:40:00 UTC,succeeded,1999
pa_002271,e_002089,u_002089,2026-07-15 20:29:49 UTC,succeeded,1999
pa_002272,e_002090,u_002090,2026-07-15 11:08:59 UTC,failed,1999
pa_002273,e_002090,u_002090,2026-07-15 11:10:59 UTC,succeeded,1999
pa_002274,e_002091,u_002091,2026-07-15 11:48:06 UTC,failed,1999
pa_002275,e_002091,u_002091,2026-07-15 11:50:06 UTC,failed,1999
pa_002276,e_002091,u_002091,2026-07-15 11:52:06 UTC,succeeded,1999
pa_002277,e_002092,u_002092,2026-07-15 05:40:44 UTC,succeeded,1999
pa_002278,e_002093,u_002093,2026-07-15 14:28:26 UTC,succeeded,1999
pa_002279,e_002094,u_002094,2026-07-15 13:23:34 UTC,succeeded,1999
pa_002280,e_002095,u_002095,2026-07-15 14:13:04 UTC,failed,1999
pa_002281,e_002095,u_002095,2026-07-15 14:15:04 UTC,failed,1999
pa_002282,e_002095,u_002095,2026-07-15 14:17:04 UTC,succeeded,1999
pa_002283,e_002096,u_002096,2026-07-15 14:15:29 UTC,succeeded,1999
pa_002284,e_002097,u_002097,2026-07-15 06:46:01 UTC,succeeded,1999
pa_002285,e_002098,u_002098,2026-07-15 12:33:51 UTC,succeeded,1999
pa_002286,e_002099,u_002099,2026-07-15 12:15:44 UTC,succeeded,1999
pa_002287,e_002100,u_002100,2026-07-15 08:51:24 UTC,succeeded,1999
pa_002288,e_002101,u_002101,2026-07-15 14:30:48 UTC,succeeded,1999
pa_002289,e_002102,u_002102,2026-07-15 13:03:18 UTC,succeeded,1999
pa_002290,e_002103,u_002103,2026-07-15 07:39:02 UTC,failed,1999
pa_002291,e_002103,u_002103,2026-07-15 07:41:02 UTC,succeeded,1999
pa_002292,e_002104,u_002104,2026-07-15 19:12:36 UTC,failed,1999
pa_002293,e_002104,u_002104,2026-07-15 19:14:36 UTC,failed,1999
pa_002294,e_002104,u_002104,2026-07-15 19:16:36 UTC,succeeded,1999
pa_002295,e_002105,u_002105,2026-07-15 00:35:16 UTC,succeeded,1999
pa_002296,e_002106,u_002106,2026-07-15 16:12:24 UTC,succeeded,1999
pa_002297,e_002107,u_002107,2026-07-15 07:58:15 UTC,succeeded,1999
pa_002298,e_002108,u_002108,2026-07-15 23:50:54 UTC,succeeded,1999
pa_002299,e_002109,u_002109,2026-07-15 07:32:51 UTC,succeeded,1999
pa_002300,e_002110,u_002110,2026-07-15 18:58:27 UTC,succeeded,1999
pa_002301,e_002111,u_002111,2026-07-15 13:12:43 UTC,succeeded,1999
pa_002302,e_002112,u_002112,2026-07-15 02:14:40 UTC,succeeded,1999
pa_002303,e_002113,u_002113,2026-07-15 18:41:48 UTC,succeeded,1999
pa_002304,e_002114,u_002114,2026-07-15 20:48:17 UTC,succeeded,1999
pa_002305,e_002115,u_002115,2026-07-15 04:57:53 UTC,succeeded,1999
pa_002306,e_002116,u_002116,2026-07-15 03:25:12 UTC,succeeded,1999
pa_002307,e_002117,u_002117,2026-07-15 00:13:31 UTC,failed,1999
pa_002308,e_002117,u_002117,2026-07-15 00:15:31 UTC,failed,1999
pa_002309,e_002117,u_002117,2026-07-15 00:17:31 UTC,succeeded,1999
pa_002310,e_002118,u_002118,2026-07-15 04:08:22 UTC,failed,1999
pa_002311,e_002118,u_002118,2026-07-15 04:10:22 UTC,failed,1999
pa_002312,e_002118,u_002118,2026-07-15 04:12:22 UTC,failed,1999
pa_002313,e_002118,u_002118,2026-07-15 04:14:22 UTC,succeeded,1999
pa_002314,e_002119,u_002119,2026-07-15 02:37:56 UTC,succeeded,1999
pa_002315,e_002120,u_002120,2026-07-15 20:57:42 UTC,succeeded,1999
pa_002316,e_002121,u_002121,2026-07-15 10:41:15 UTC,succeeded,1999
pa_002317,e_002122,u_002122,2026-07-15 16:21:29 UTC,succeeded,1999
pa_002318,e_002123,u_002123,2026-07-15 04:23:58 UTC,failed,1999
pa_002319,e_002123,u_002123,2026-07-15 04:25:58 UTC,failed,1999
pa_002320,e_002123,u_002123,2026-07-15 04:27:58 UTC,failed,1999
pa_002321,e_002123,u_002123,2026-07-15 04:29:58 UTC,succeeded,1999
pa_002322,e_002124,u_002124,2026-07-16 09:24:54 UTC,succeeded,1999
pa_002323,e_002125,u_002125,2026-07-16 04:06:12 UTC,succeeded,1999
pa_002324,e_002126,u_002126,2026-07-16 13:17:11 UTC,succeeded,1999
pa_002325,e_002127,u_002127,2026-07-16 11:35:52 UTC,succeeded,1999
pa_002326,e_002128,u_002128,2026-07-16 23:59:46 UTC,succeeded,1999
pa_002327,e_002129,u_002129,2026-07-16 12:28:09 UTC,succeeded,1999
pa_002328,e_002130,u_002130,2026-07-16 21:39:25 UTC,succeeded,1999
pa_002329,e_002131,u_002131,2026-07-16 12:27:49 UTC,succeeded,1999
pa_002330,e_002132,u_002132,2026-07-16 17:42:28 UTC,succeeded,1999
pa_002331,e_002133,u_002133,2026-07-16 17:58:16 UTC,succeeded,1999
pa_002332,e_002134,u_002134,2026-07-16 04:50:32 UTC,succeeded,1999
pa_002333,e_002135,u_002135,2026-07-16 20:20:26 UTC,failed,1999
pa_002334,e_002135,u_002135,2026-07-16 20:22:26 UTC,failed,1999
pa_002335,e_002135,u_002135,2026-07-16 20:24:26 UTC,failed,1999
pa_002336,e_002135,u_002135,2026-07-16 20:26:26 UTC,succeeded,1999
pa_002337,e_002136,u_002136,2026-07-16 20:57:22 UTC,succeeded,1999
pa_002338,e_002137,u_002137,2026-07-16 07:40:34 UTC,succeeded,1999
pa_002339,e_002138,u_002138,2026-07-16 10:19:38 UTC,failed,1999
pa_002340,e_002138,u_002138,2026-07-16 10:21:38 UTC,failed,1999
pa_002341,e_002138,u_002138,2026-07-16 10:23:38 UTC,succeeded,1999
pa_002342,e_002139,u_002139,2026-07-16 07:31:08 UTC,succeeded,1999
pa_002343,e_002140,u_002140,2026-07-16 16:00:21 UTC,succeeded,1999
pa_002344,e_002141,u_002141,2026-07-16 11:49:37 UTC,succeeded,1999
pa_002345,e_002142,u_002142,2026-07-16 10:56:15 UTC,failed,1999
pa_002346,e_002142,u_002142,2026-07-16 10:58:15 UTC,failed,1999
pa_002347,e_002142,u_002142,2026-07-16 11:00:15 UTC,succeeded,1999
pa_002348,e_002143,u_002143,2026-07-16 11:15:18 UTC,succeeded,1999
pa_002349,e_002144,u_002144,2026-07-16 20:46:16 UTC,succeeded,1999
pa_002350,e_002145,u_002145,2026-07-16 14:56:19 UTC,succeeded,1999
pa_002351,e_002146,u_002146,2026-07-16 08:44:23 UTC,succeeded,1999
pa_002352,e_002147,u_002147,2026-07-16 17:14:10 UTC,succeeded,1999
pa_002353,e_002148,u_002148,2026-07-16 03:35:07 UTC,succeeded,1999
pa_002354,e_002149,u_002149,2026-07-16 06:10:17 UTC,succeeded,1999
pa_002355,e_002150,u_002150,2026-07-16 02:21:41 UTC,succeeded,1999
pa_002356,e_002151,u_002151,2026-07-16 23:23:40 UTC,succeeded,1999
pa_002357,e_002152,u_002152,2026-07-16 22:30:20 UTC,failed,1999
pa_002358,e_002152,u_002152,2026-07-16 22:32:20 UTC,failed,1999
pa_002359,e_002152,u_002152,2026-07-16 22:34:20 UTC,succeeded,1999
pa_002360,e_002153,u_002153,2026-07-16 09:28:30 UTC,succeeded,1999
pa_002361,e_002154,u_002154,2026-07-16 13:25:45 UTC,failed,1999
pa_002362,e_002154,u_002154,2026-07-16 13:27:45 UTC,failed,1999
pa_002363,e_002154,u_002154,2026-07-16 13:29:45 UTC,succeeded,1999
pa_002364,e_002155,u_002155,2026-07-16 10:10:39 UTC,succeeded,1999
pa_002365,e_002156,u_002156,2026-07-16 20:08:23 UTC,succeeded,1999
pa_002366,e_002157,u_002157,2026-07-16 22:51:12 UTC,succeeded,1999
pa_002367,e_002158,u_002158,2026-07-16 13:57:37 UTC,succeeded,1999
pa_002368,e_002159,u_002159,2026-07-16 23:40:31 UTC,failed,1999
pa_002369,e_002159,u_002159,2026-07-16 23:42:31 UTC,failed,1999
pa_002370,e_002159,u_002159,2026-07-16 23:44:31 UTC,succeeded,1999
pa_002371,e_002160,u_002160,2026-07-16 19:06:08 UTC,failed,1999
pa_002372,e_002160,u_002160,2026-07-16 19:08:08 UTC,failed,1999
pa_002373,e_002160,u_002160,2026-07-16 19:10:08 UTC,succeeded,1999
pa_002374,e_002161,u_002161,2026-07-16 06:35:34 UTC,succeeded,1999
pa_002375,e_002162,u_002162,2026-07-16 23:02:41 UTC,failed,1999
pa_002376,e_002162,u_002162,2026-07-16 23:04:41 UTC,failed,1999
pa_002377,e_002162,u_002162,2026-07-16 23:06:41 UTC,succeeded,1999
pa_002378,e_002163,u_002163,2026-07-16 14:58:12 UTC,failed,1999
pa_002379,e_002163,u_002163,2026-07-16 15:00:12 UTC,failed,1999
pa_002380,e_002163,u_002163,2026-07-16 15:02:12 UTC,succeeded,1999
pa_002381,e_002164,u_002164,2026-07-16 13:21:30 UTC,succeeded,1999
pa_002382,e_002165,u_002165,2026-07-16 01:54:21 UTC,succeeded,1999
pa_002383,e_002166,u_002166,2026-07-16 09:55:24 UTC,succeeded,1999
pa_002384,e_002167,u_002167,2026-07-16 10:38:56 UTC,succeeded,1999
pa_002385,e_002168,u_002168,2026-07-16 18:23:26 UTC,succeeded,1999
pa_002386,e_002169,u_002169,2026-07-16 20:13:49 UTC,succeeded,1999
pa_002387,e_002170,u_002170,2026-07-16 01:04:37 UTC,failed,1999
pa_002388,e_002170,u_002170,2026-07-16 01:06:37 UTC,failed,1999
pa_002389,e_002170,u_002170,2026-07-16 01:08:37 UTC,succeeded,1999
pa_002390,e_002171,u_002171,2026-07-16 10:28:30 UTC,succeeded,1999
pa_002391,e_002172,u_002172,2026-07-16 03:23:48 UTC,failed,1999
pa_002392,e_002172,u_002172,2026-07-16 03:25:48 UTC,succeeded,1999
pa_002393,e_002173,u_002173,2026-07-16 13:57:23 UTC,failed,1999
pa_002394,e_002173,u_002173,2026-07-16 13:59:23 UTC,failed,1999
pa_002395,e_002173,u_002173,2026-07-16 14:01:23 UTC,failed,1999
pa_002396,e_002173,u_002173,2026-07-16 14:03:23 UTC,succeeded,1999
pa_002397,e_002174,u_002174,2026-07-16 03:32:16 UTC,failed,1999
pa_002398,e_002174,u_002174,2026-07-16 03:34:16 UTC,failed,1999
pa_002399,e_002174,u_002174,2026-07-16 03:36:16 UTC,succeeded,1999
pa_002400,e_002175,u_002175,2026-07-16 01:16:50 UTC,succeeded,1999
pa_002401,e_002176,u_002176,2026-07-16 20:06:39 UTC,succeeded,1999
pa_002402,e_002177,u_002177,2026-07-16 11:04:35 UTC,failed,1999
pa_002403,e_002177,u_002177,2026-07-16 11:06:35 UTC,failed,1999
pa_002404,e_002177,u_002177,2026-07-16 11:08:35 UTC,succeeded,1999
pa_002405,e_002178,u_002178,2026-07-16 01:00:51 UTC,succeeded,1999
pa_002406,e_002179,u_002179,2026-07-16 18:25:06 UTC,succeeded,1999
pa_002407,e_002180,u_002180,2026-07-16 13:23:42 UTC,succeeded,1999
pa_002408,e_002181,u_002181,2026-07-16 19:28:40 UTC,succeeded,1999
pa_002409,e_002182,u_002182,2026-07-16 14:28:46 UTC,failed,1999
pa_002410,e_002182,u_002182,2026-07-16 14:30:46 UTC,failed,1999
pa_002411,e_002182,u_002182,2026-07-16 14:32:46 UTC,succeeded,1999
pa_002412,e_002183,u_002183,2026-07-16 20:15:00 UTC,succeeded,1999
pa_002413,e_002184,u_002184,2026-07-16 18:42:49 UTC,failed,1999
pa_002414,e_002184,u_002184,2026-07-16 18:44:49 UTC,failed,1999
pa_002415,e_002184,u_002184,2026-07-16 18:46:49 UTC,succeeded,1999
pa_002416,e_002185,u_002185,2026-07-16 12:20:05 UTC,succeeded,1999
pa_002417,e_002186,u_002186,2026-07-16 05:57:46 UTC,succeeded,1999
pa_002418,e_002187,u_002187,2026-07-16 13:28:37 UTC,failed,1999
pa_002419,e_002187,u_002187,2026-07-16 13:30:37 UTC,failed,1999
pa_002420,e_002187,u_002187,2026-07-16 13:32:37 UTC,failed,1999
pa_002421,e_002187,u_002187,2026-07-16 13:34:37 UTC,succeeded,1999
pa_002422,e_002188,u_002188,2026-07-16 20:40:43 UTC,succeeded,1999
pa_002423,e_002189,u_002189,2026-07-16 20:20:40 UTC,succeeded,1999
pa_002424,e_002190,u_002190,2026-07-16 19:31:46 UTC,failed,1999
pa_002425,e_002190,u_002190,2026-07-16 19:33:46 UTC,failed,1999
pa_002426,e_002190,u_002190,2026-07-16 19:35:46 UTC,failed,1999
pa_002427,e_002190,u_002190,2026-07-16 19:37:46 UTC,succeeded,1999
pa_002428,e_002191,u_002191,2026-07-16 01:52:32 UTC,succeeded,1999
pa_002429,e_002192,u_002192,2026-07-16 09:14:29 UTC,failed,1999
pa_002430,e_002192,u_002192,2026-07-16 09:16:29 UTC,succeeded,1999
pa_002431,e_002193,u_002193,2026-07-16 03:58:54 UTC,succeeded,1999
pa_002432,e_002194,u_002194,2026-07-16 01:50:36 UTC,succeeded,1999
pa_002433,e_002195,u_002195,2026-07-16 15:38:50 UTC,succeeded,1999
pa_002434,e_002196,u_002196,2026-07-16 23:51:24 UTC,succeeded,1999
pa_002435,e_002197,u_002197,2026-07-16 06:22:01 UTC,succeeded,1999
pa_002436,e_002198,u_002198,2026-07-16 02:01:52 UTC,failed,1999
pa_002437,e_002198,u_002198,2026-07-16 02:03:52 UTC,failed,1999
pa_002438,e_002198,u_002198,2026-07-16 02:05:52 UTC,succeeded,1999
pa_002439,e_002199,u_002199,2026-07-16 09:33:31 UTC,failed,1999
pa_002440,e_002199,u_002199,2026-07-16 09:35:31 UTC,succeeded,1999
pa_002441,e_002200,u_002200,2026-07-16 09:56:47 UTC,succeeded,1999
pa_002442,e_002201,u_002201,2026-07-16 05:25:30 UTC,succeeded,1999
pa_002443,e_002202,u_002202,2026-07-16 05:57:15 UTC,failed,1999
pa_002444,e_002202,u_002202,2026-07-16 05:59:15 UTC,failed,1999
pa_002445,e_002202,u_002202,2026-07-16 06:01:15 UTC,succeeded,1999
pa_002446,e_002203,u_002203,2026-07-16 15:47:28 UTC,succeeded,1999
pa_002447,e_002204,u_002204,2026-07-16 23:54:46 UTC,succeeded,1999
pa_002448,e_002205,u_002205,2026-07-16 20:44:43 UTC,succeeded,1999
pa_002449,e_002206,u_002206,2026-07-16 00:32:04 UTC,succeeded,1999
pa_002450,e_002207,u_002207,2026-07-16 01:57:30 UTC,succeeded,1999
pa_002451,e_002208,u_002208,2026-07-16 02:06:43 UTC,failed,1999
pa_002452,e_002208,u_002208,2026-07-16 02:08:43 UTC,failed,1999
pa_002453,e_002208,u_002208,2026-07-16 02:10:43 UTC,failed,1999
pa_002454,e_002208,u_002208,2026-07-16 02:12:43 UTC,succeeded,1999
pa_002455,e_002209,u_002209,2026-07-16 02:46:48 UTC,succeeded,1999
pa_002456,e_002210,u_002210,2026-07-16 13:59:58 UTC,succeeded,1999
pa_002457,e_002211,u_002211,2026-07-16 23:32:35 UTC,succeeded,1999
pa_002458,e_002212,u_002212,2026-07-16 03:17:23 UTC,succeeded,1999
pa_002459,e_002213,u_002213,2026-07-16 23:53:40 UTC,succeeded,1999
pa_002460,e_002214,u_002214,2026-07-16 07:59:21 UTC,failed,1999
pa_002461,e_002214,u_002214,2026-07-16 08:01:21 UTC,succeeded,1999
pa_002462,e_002215,u_002215,2026-07-16 02:40:33 UTC,succeeded,1999
pa_002463,e_002216,u_002216,2026-07-16 11:16:22 UTC,failed,1999
pa_002464,e_002216,u_002216,2026-07-16 11:18:22 UTC,failed,1999
pa_002465,e_002216,u_002216,2026-07-16 11:20:22 UTC,succeeded,1999
pa_002466,e_002217,u_002217,2026-07-16 19:04:08 UTC,succeeded,1999
pa_002467,e_002218,u_002218,2026-07-16 01:35:04 UTC,succeeded,1999
pa_002468,e_002219,u_002219,2026-07-16 20:27:06 UTC,succeeded,1999
pa_002469,e_002220,u_002220,2026-07-16 04:40:04 UTC,failed,1999
pa_002470,e_002220,u_002220,2026-07-16 04:42:04 UTC,failed,1999
pa_002471,e_002220,u_002220,2026-07-16 04:44:04 UTC,failed,1999
pa_002472,e_002220,u_002220,2026-07-16 04:46:04 UTC,succeeded,1999
pa_002473,e_002221,u_002221,2026-07-16 16:47:51 UTC,failed,1999
pa_002474,e_002221,u_002221,2026-07-16 16:49:51 UTC,succeeded,1999
pa_002475,e_002222,u_002222,2026-07-16 21:14:36 UTC,succeeded,1999
pa_002476,e_002223,u_002223,2026-07-16 14:34:53 UTC,succeeded,1999
pa_002477,e_002224,u_002224,2026-07-16 07:31:50 UTC,succeeded,1999
pa_002478,e_002225,u_002225,2026-07-16 19:37:49 UTC,failed,1999
pa_002479,e_002225,u_002225,2026-07-16 19:39:49 UTC,failed,1999
pa_002480,e_002225,u_002225,2026-07-16 19:41:49 UTC,failed,1999
pa_002481,e_002225,u_002225,2026-07-16 19:43:49 UTC,succeeded,1999
pa_002482,e_002226,u_002226,2026-07-16 20:16:21 UTC,succeeded,1999
pa_002483,e_002227,u_002227,2026-07-16 03:37:15 UTC,succeeded,1999
pa_002484,e_002228,u_002228,2026-07-16 03:39:47 UTC,succeeded,1999
pa_002485,e_002229,u_002229,2026-07-16 20:21:06 UTC,succeeded,1999
pa_002486,e_002230,u_002230,2026-07-16 02:26:09 UTC,succeeded,1999
pa_002487,e_002231,u_002231,2026-07-16 19:28:04 UTC,succeeded,1999
pa_002488,e_002232,u_002232,2026-07-16 23:43:40 UTC,failed,1999
pa_002489,e_002232,u_002232,2026-07-16 23:45:40 UTC,failed,1999
pa_002490,e_002232,u_002232,2026-07-16 23:47:40 UTC,succeeded,1999
pa_002491,e_002233,u_002233,2026-07-16 14:26:19 UTC,failed,1999
pa_002492,e_002233,u_002233,2026-07-16 14:28:19 UTC,succeeded,1999
pa_002493,e_002234,u_002234,2026-07-16 01:11:46 UTC,failed,1999
pa_002494,e_002234,u_002234,2026-07-16 01:13:46 UTC,failed,1999
pa_002495,e_002234,u_002234,2026-07-16 01:15:46 UTC,succeeded,1999
pa_002496,e_002235,u_002235,2026-07-16 01:38:37 UTC,succeeded,1999
pa_002497,e_002236,u_002236,2026-07-16 07:49:04 UTC,succeeded,1999
pa_002498,e_002237,u_002237,2026-07-16 21:08:11 UTC,failed,1999
pa_002499,e_002237,u_002237,2026-07-16 21:10:11 UTC,failed,1999
pa_002500,e_002237,u_002237,2026-07-16 21:12:11 UTC,succeeded,1999
pa_002501,e_002238,u_002238,2026-07-16 17:03:44 UTC,succeeded,1999
pa_002502,e_002239,u_002239,2026-07-16 16:00:57 UTC,succeeded,1999
pa_002503,e_002240,u_002240,2026-07-16 23:05:36 UTC,succeeded,1999
pa_002504,e_002241,u_002241,2026-07-16 14:23:02 UTC,succeeded,1999
pa_002505,e_002242,u_002242,2026-07-16 20:53:38 UTC,failed,1999
pa_002506,e_002242,u_002242,2026-07-16 20:55:38 UTC,succeeded,1999
pa_002507,e_002243,u_002243,2026-07-16 19:19:59 UTC,succeeded,1999
pa_002508,e_002244,u_002244,2026-07-16 05:42:54 UTC,failed,1999
pa_002509,e_002244,u_002244,2026-07-16 05:44:54 UTC,failed,1999
pa_002510,e_002244,u_002244,2026-07-16 05:46:54 UTC,succeeded,1999
pa_002511,e_002245,u_002245,2026-07-16 23:00:27 UTC,succeeded,1999
pa_002512,e_002246,u_002246,2026-07-16 17:14:01 UTC,succeeded,1999
pa_002513,e_002247,u_002247,2026-07-16 05:44:27 UTC,succeeded,1999
pa_002514,e_002248,u_002248,2026-07-16 00:27:21 UTC,succeeded,1999
pa_002515,e_002249,u_002249,2026-07-16 17:55:46 UTC,succeeded,1999
pa_002516,e_002250,u_002250,2026-07-16 05:30:11 UTC,failed,1999
pa_002517,e_002250,u_002250,2026-07-16 05:32:11 UTC,failed,1999
pa_002518,e_002250,u_002250,2026-07-16 05:34:11 UTC,succeeded,1999
pa_002519,e_002251,u_002251,2026-07-16 08:31:35 UTC,succeeded,1999
pa_002520,e_002252,u_002252,2026-07-16 12:50:55 UTC,succeeded,1999
pa_002521,e_002253,u_002253,2026-07-16 13:21:18 UTC,failed,1999
pa_002522,e_002253,u_002253,2026-07-16 13:23:18 UTC,failed,1999
pa_002523,e_002253,u_002253,2026-07-16 13:25:18 UTC,failed,1999
pa_002524,e_002253,u_002253,2026-07-16 13:27:18 UTC,succeeded,1999
pa_002525,e_002254,u_002254,2026-07-16 17:42:03 UTC,succeeded,1999
pa_002526,e_002255,u_002255,2026-07-16 01:59:23 UTC,succeeded,1999
pa_002527,e_002256,u_002256,2026-07-16 11:46:49 UTC,succeeded,1999
pa_002528,e_002257,u_002257,2026-07-16 22:36:58 UTC,failed,1999
pa_002529,e_002257,u_002257,2026-07-16 22:38:58 UTC,failed,1999
pa_002530,e_002257,u_002257,2026-07-16 22:40:58 UTC,failed,1999
pa_002531,e_002257,u_002257,2026-07-16 22:42:58 UTC,succeeded,1999
pa_002532,e_002258,u_002258,2026-07-17 01:54:54 UTC,succeeded,1999
pa_002533,e_002259,u_002259,2026-07-17 19:47:41 UTC,succeeded,1999
pa_002534,e_002260,u_002260,2026-07-17 00:52:28 UTC,succeeded,1999
pa_002535,e_002261,u_002261,2026-07-17 13:38:05 UTC,failed,1999
pa_002536,e_002261,u_002261,2026-07-17 13:40:05 UTC,failed,1999
pa_002537,e_002261,u_002261,2026-07-17 13:42:05 UTC,succeeded,1999
pa_002538,e_002262,u_002262,2026-07-17 16:11:48 UTC,succeeded,1999
pa_002539,e_002263,u_002263,2026-07-17 02:52:23 UTC,failed,1999
pa_002540,e_002263,u_002263,2026-07-17 02:54:23 UTC,failed,1999
pa_002541,e_002263,u_002263,2026-07-17 02:56:23 UTC,failed,1999
pa_002542,e_002263,u_002263,2026-07-17 02:58:23 UTC,succeeded,1999
pa_002543,e_002264,u_002264,2026-07-17 17:51:08 UTC,succeeded,1999
pa_002544,e_002265,u_002265,2026-07-17 05:01:55 UTC,failed,1999
pa_002545,e_002265,u_002265,2026-07-17 05:03:55 UTC,failed,1999
pa_002546,e_002265,u_002265,2026-07-17 05:05:55 UTC,failed,1999
pa_002547,e_002265,u_002265,2026-07-17 05:07:55 UTC,succeeded,1999
pa_002548,e_002266,u_002266,2026-07-17 11:07:29 UTC,succeeded,1999
pa_002549,e_002267,u_002267,2026-07-17 04:21:09 UTC,succeeded,1999
pa_002550,e_002268,u_002268,2026-07-17 22:45:16 UTC,succeeded,1999
pa_002551,e_002269,u_002269,2026-07-17 14:34:03 UTC,failed,1999
pa_002552,e_002269,u_002269,2026-07-17 14:36:03 UTC,failed,1999
pa_002553,e_002269,u_002269,2026-07-17 14:38:03 UTC,succeeded,1999
pa_002554,e_002270,u_002270,2026-07-17 01:52:13 UTC,failed,1999
pa_002555,e_002270,u_002270,2026-07-17 01:54:13 UTC,failed,1999
pa_002556,e_002270,u_002270,2026-07-17 01:56:13 UTC,failed,1999
pa_002557,e_002270,u_002270,2026-07-17 01:58:13 UTC,succeeded,1999
pa_002558,e_002271,u_002271,2026-07-17 10:40:02 UTC,succeeded,1999
pa_002559,e_002272,u_002272,2026-07-17 22:15:29 UTC,succeeded,1999
pa_002560,e_002273,u_002273,2026-07-17 10:32:31 UTC,succeeded,1999
pa_002561,e_002274,u_002274,2026-07-17 22:33:38 UTC,succeeded,1999
pa_002562,e_002275,u_002275,2026-07-17 18:49:46 UTC,succeeded,1999
pa_002563,e_002276,u_002276,2026-07-17 16:23:03 UTC,succeeded,1999
pa_002564,e_002277,u_002277,2026-07-17 12:13:21 UTC,succeeded,1999
pa_002565,e_002278,u_002278,2026-07-17 07:42:31 UTC,succeeded,1999
pa_002566,e_002279,u_002279,2026-07-17 18:03:19 UTC,succeeded,1999
pa_002567,e_002280,u_002280,2026-07-17 03:55:40 UTC,succeeded,1999
pa_002568,e_002281,u_002281,2026-07-17 00:08:47 UTC,failed,1999
pa_002569,e_002281,u_002281,2026-07-17 00:10:47 UTC,failed,1999
pa_002570,e_002281,u_002281,2026-07-17 00:12:47 UTC,succeeded,1999
pa_002571,e_002282,u_002282,2026-07-17 00:41:56 UTC,failed,1999
pa_002572,e_002282,u_002282,2026-07-17 00:43:56 UTC,failed,1999
pa_002573,e_002282,u_002282,2026-07-17 00:45:56 UTC,succeeded,1999
pa_002574,e_002283,u_002283,2026-07-17 14:51:35 UTC,succeeded,1999
pa_002575,e_002284,u_002284,2026-07-17 00:05:02 UTC,failed,1999
pa_002576,e_002284,u_002284,2026-07-17 00:07:02 UTC,failed,1999
pa_002577,e_002284,u_002284,2026-07-17 00:09:02 UTC,succeeded,1999
pa_002578,e_002285,u_002285,2026-07-17 19:42:40 UTC,succeeded,1999
pa_002579,e_002286,u_002286,2026-07-17 15:31:45 UTC,succeeded,1999
pa_002580,e_002287,u_002287,2026-07-17 01:06:16 UTC,failed,1999
pa_002581,e_002287,u_002287,2026-07-17 01:08:16 UTC,failed,1999
pa_002582,e_002287,u_002287,2026-07-17 01:10:16 UTC,succeeded,1999
pa_002583,e_002288,u_002288,2026-07-17 14:41:27 UTC,succeeded,1999
pa_002584,e_002289,u_002289,2026-07-17 15:28:15 UTC,succeeded,1999
pa_002585,e_002290,u_002290,2026-07-17 07:47:02 UTC,succeeded,1999
pa_002586,e_002291,u_002291,2026-07-17 18:02:44 UTC,succeeded,1999
pa_002587,e_002292,u_002292,2026-07-17 12:38:36 UTC,failed,1999
pa_002588,e_002292,u_002292,2026-07-17 12:40:36 UTC,succeeded,1999
pa_002589,e_002293,u_002293,2026-07-17 15:55:28 UTC,failed,1999
pa_002590,e_002293,u_002293,2026-07-17 15:57:28 UTC,failed,1999
pa_002591,e_002293,u_002293,2026-07-17 15:59:28 UTC,failed,1999
pa_002592,e_002293,u_002293,2026-07-17 16:01:28 UTC,succeeded,1999
pa_002593,e_002294,u_002294,2026-07-17 05:51:39 UTC,failed,1999
pa_002594,e_002294,u_002294,2026-07-17 05:53:39 UTC,failed,1999
pa_002595,e_002294,u_002294,2026-07-17 05:55:39 UTC,succeeded,1999
pa_002596,e_002295,u_002295,2026-07-17 02:17:38 UTC,succeeded,1999
pa_002597,e_002296,u_002296,2026-07-17 12:55:06 UTC,failed,1999
pa_002598,e_002296,u_002296,2026-07-17 12:57:06 UTC,failed,1999
pa_002599,e_002296,u_002296,2026-07-17 12:59:06 UTC,succeeded,1999
pa_002600,e_002297,u_002297,2026-07-17 00:09:46 UTC,succeeded,1999
pa_002601,e_002298,u_002298,2026-07-17 14:13:25 UTC,succeeded,1999
pa_002602,e_002299,u_002299,2026-07-17 16:21:54 UTC,succeeded,1999
pa_002603,e_002300,u_002300,2026-07-17 05:51:58 UTC,succeeded,1999
pa_002604,e_002301,u_002301,2026-07-17 05:24:27 UTC,succeeded,1999
pa_002605,e_002302,u_002302,2026-07-17 00:56:46 UTC,succeeded,1999
pa_002606,e_002303,u_002303,2026-07-17 02:19:47 UTC,failed,1999
pa_002607,e_002303,u_002303,2026-07-17 02:21:47 UTC,failed,1999
pa_002608,e_002303,u_002303,2026-07-17 02:23:47 UTC,failed,1999
pa_002609,e_002303,u_002303,2026-07-17 02:25:47 UTC,succeeded,1999
pa_002610,e_002304,u_002304,2026-07-17 15:06:51 UTC,succeeded,1999
pa_002611,e_002305,u_002305,2026-07-17 10:15:03 UTC,succeeded,1999
pa_002612,e_002306,u_002306,2026-07-17 16:20:18 UTC,succeeded,1999
pa_002613,e_002307,u_002307,2026-07-17 07:04:38 UTC,succeeded,1999
pa_002614,e_002308,u_002308,2026-07-17 07:03:12 UTC,failed,1999
pa_002615,e_002308,u_002308,2026-07-17 07:05:12 UTC,failed,1999
pa_002616,e_002308,u_002308,2026-07-17 07:07:12 UTC,succeeded,1999
pa_002617,e_002309,u_002309,2026-07-17 01:08:39 UTC,succeeded,1999
pa_002618,e_002310,u_002310,2026-07-17 23:18:15 UTC,succeeded,1999
pa_002619,e_002311,u_002311,2026-07-17 21:45:25 UTC,failed,1999
pa_002620,e_002311,u_002311,2026-07-17 21:47:25 UTC,failed,1999
pa_002621,e_002311,u_002311,2026-07-17 21:49:25 UTC,failed,1999
pa_002622,e_002311,u_002311,2026-07-17 21:51:25 UTC,succeeded,1999
pa_002623,e_002312,u_002312,2026-07-17 15:10:05 UTC,failed,1999
pa_002624,e_002312,u_002312,2026-07-17 15:12:05 UTC,failed,1999
pa_002625,e_002312,u_002312,2026-07-17 15:14:05 UTC,succeeded,1999
pa_002626,e_002313,u_002313,2026-07-17 04:01:00 UTC,failed,1999
pa_002627,e_002313,u_002313,2026-07-17 04:03:00 UTC,failed,1999
pa_002628,e_002313,u_002313,2026-07-17 04:05:00 UTC,succeeded,1999
pa_002629,e_002314,u_002314,2026-07-17 03:55:15 UTC,succeeded,1999
pa_002630,e_002315,u_002315,2026-07-17 20:49:54 UTC,succeeded,1999
pa_002631,e_002316,u_002316,2026-07-17 20:41:03 UTC,failed,1999
pa_002632,e_002316,u_002316,2026-07-17 20:43:03 UTC,failed,1999
pa_002633,e_002316,u_002316,2026-07-17 20:45:03 UTC,failed,1999
pa_002634,e_002316,u_002316,2026-07-17 20:47:03 UTC,succeeded,1999
pa_002635,e_002317,u_002317,2026-07-17 17:33:22 UTC,succeeded,1999
pa_002636,e_002318,u_002318,2026-07-17 16:07:58 UTC,succeeded,1999
pa_002637,e_002319,u_002319,2026-07-17 16:36:26 UTC,succeeded,1999
pa_002638,e_002320,u_002320,2026-07-17 02:20:31 UTC,succeeded,1999
pa_002639,e_002321,u_002321,2026-07-17 01:00:58 UTC,succeeded,1999
pa_002640,e_002322,u_002322,2026-07-17 11:37:21 UTC,succeeded,1999
pa_002641,e_002323,u_002323,2026-07-17 00:18:34 UTC,succeeded,1999
pa_002642,e_002324,u_002324,2026-07-17 16:38:32 UTC,succeeded,1999
pa_002643,e_002325,u_002325,2026-07-17 02:39:14 UTC,succeeded,1999
pa_002644,e_002326,u_002326,2026-07-17 02:05:56 UTC,succeeded,1999
pa_002645,e_002327,u_002327,2026-07-17 06:35:55 UTC,succeeded,1999
pa_002646,e_002328,u_002328,2026-07-17 09:03:28 UTC,succeeded,1999
pa_002647,e_002329,u_002329,2026-07-17 09:24:25 UTC,failed,1999
pa_002648,e_002329,u_002329,2026-07-17 09:26:25 UTC,failed,1999
pa_002649,e_002329,u_002329,2026-07-17 09:28:25 UTC,succeeded,1999
pa_002650,e_002330,u_002330,2026-07-17 03:26:31 UTC,succeeded,1999
pa_002651,e_002331,u_002331,2026-07-17 00:07:26 UTC,succeeded,1999
pa_002652,e_002332,u_002332,2026-07-17 05:23:16 UTC,succeeded,1999
pa_002653,e_002333,u_002333,2026-07-17 12:24:37 UTC,succeeded,1999
pa_002654,e_002334,u_002334,2026-07-17 11:49:08 UTC,succeeded,1999
pa_002655,e_002335,u_002335,2026-07-17 07:13:57 UTC,failed,1999
pa_002656,e_002335,u_002335,2026-07-17 07:15:57 UTC,failed,1999
pa_002657,e_002335,u_002335,2026-07-17 07:17:57 UTC,succeeded,1999
pa_002658,e_002336,u_002336,2026-07-17 04:25:18 UTC,failed,1999
pa_002659,e_002336,u_002336,2026-07-17 04:27:18 UTC,failed,1999
pa_002660,e_002336,u_002336,2026-07-17 04:29:18 UTC,failed,1999
pa_002661,e_002336,u_002336,2026-07-17 04:31:18 UTC,succeeded,1999
pa_002662,e_002337,u_002337,2026-07-17 09:18:58 UTC,succeeded,1999
pa_002663,e_002338,u_002338,2026-07-17 10:06:39 UTC,succeeded,1999
pa_002664,e_002339,u_002339,2026-07-17 06:03:33 UTC,succeeded,1999
pa_002665,e_002340,u_002340,2026-07-17 00:11:26 UTC,failed,1999
pa_002666,e_002340,u_002340,2026-07-17 00:13:26 UTC,failed,1999
pa_002667,e_002340,u_002340,2026-07-17 00:15:26 UTC,succeeded,1999
pa_002668,e_002341,u_002341,2026-07-17 17:31:31 UTC,succeeded,1999
pa_002669,e_002342,u_002342,2026-07-17 16:24:41 UTC,failed,1999
pa_002670,e_002342,u_002342,2026-07-17 16:26:41 UTC,failed,1999
pa_002671,e_002342,u_002342,2026-07-17 16:28:41 UTC,failed,1999
pa_002672,e_002342,u_002342,2026-07-17 16:30:41 UTC,succeeded,1999
pa_002673,e_002343,u_002343,2026-07-17 23:19:19 UTC,succeeded,1999
pa_002674,e_002344,u_002344,2026-07-17 15:16:08 UTC,succeeded,1999
pa_002675,e_002345,u_002345,2026-07-17 19:07:28 UTC,succeeded,1999
pa_002676,e_002346,u_002346,2026-07-17 06:10:10 UTC,succeeded,1999
pa_002677,e_002347,u_002347,2026-07-17 13:50:42 UTC,succeeded,1999
pa_002678,e_002348,u_002348,2026-07-17 03:36:47 UTC,failed,1999
pa_002679,e_002348,u_002348,2026-07-17 03:38:47 UTC,failed,1999
pa_002680,e_002348,u_002348,2026-07-17 03:40:47 UTC,succeeded,1999
pa_002681,e_002349,u_002349,2026-07-17 20:08:59 UTC,failed,1999
pa_002682,e_002349,u_002349,2026-07-17 20:10:59 UTC,succeeded,1999
pa_002683,e_002350,u_002350,2026-07-17 03:51:29 UTC,succeeded,1999
pa_002684,e_002351,u_002351,2026-07-17 08:32:55 UTC,failed,1999
pa_002685,e_002351,u_002351,2026-07-17 08:34:55 UTC,succeeded,1999
pa_002686,e_002352,u_002352,2026-07-17 00:42:05 UTC,succeeded,1999
pa_002687,e_002353,u_002353,2026-07-17 15:08:14 UTC,succeeded,1999
pa_002688,e_002354,u_002354,2026-07-17 22:26:50 UTC,succeeded,1999
pa_002689,e_002355,u_002355,2026-07-17 17:20:47 UTC,failed,1999
pa_002690,e_002355,u_002355,2026-07-17 17:22:47 UTC,failed,1999
pa_002691,e_002355,u_002355,2026-07-17 17:24:47 UTC,succeeded,1999
pa_002692,e_002356,u_002356,2026-07-17 11:23:33 UTC,failed,1999
pa_002693,e_002356,u_002356,2026-07-17 11:25:33 UTC,failed,1999
pa_002694,e_002356,u_002356,2026-07-17 11:27:33 UTC,succeeded,1999
pa_002695,e_002357,u_002357,2026-07-17 05:36:08 UTC,failed,1999
pa_002696,e_002357,u_002357,2026-07-17 05:38:08 UTC,failed,1999
pa_002697,e_002357,u_002357,2026-07-17 05:40:08 UTC,succeeded,1999
pa_002698,e_002358,u_002358,2026-07-17 13:24:54 UTC,succeeded,1999
pa_002699,e_002359,u_002359,2026-07-17 09:15:00 UTC,failed,1999
pa_002700,e_002359,u_002359,2026-07-17 09:17:00 UTC,succeeded,1999
pa_002701,e_002360,u_002360,2026-07-17 12:58:44 UTC,failed,1999
pa_002702,e_002360,u_002360,2026-07-17 13:00:44 UTC,failed,1999
pa_002703,e_002360,u_002360,2026-07-17 13:02:44 UTC,failed,1999
pa_002704,e_002360,u_002360,2026-07-17 13:04:44 UTC,succeeded,1999
pa_002705,e_002361,u_002361,2026-07-17 22:02:23 UTC,succeeded,1999
pa_002706,e_002362,u_002362,2026-07-17 10:43:10 UTC,succeeded,1999
pa_002707,e_002363,u_002363,2026-07-17 20:22:19 UTC,failed,1999
pa_002708,e_002363,u_002363,2026-07-17 20:24:19 UTC,failed,1999
pa_002709,e_002363,u_002363,2026-07-17 20:26:19 UTC,succeeded,1999
pa_002710,e_002364,u_002364,2026-07-17 18:02:53 UTC,failed,1999
pa_002711,e_002364,u_002364,2026-07-17 18:04:53 UTC,failed,1999
pa_002712,e_002364,u_002364,2026-07-17 18:06:53 UTC,succeeded,1999
pa_002713,e_002365,u_002365,2026-07-17 03:11:20 UTC,succeeded,1999
pa_002714,e_002366,u_002366,2026-07-17 17:04:45 UTC,succeeded,1999
pa_002715,e_002367,u_002367,2026-07-17 04:43:38 UTC,succeeded,1999
pa_002716,e_002368,u_002368,2026-07-17 07:36:54 UTC,failed,1999
pa_002717,e_002368,u_002368,2026-07-17 07:38:54 UTC,failed,1999
pa_002718,e_002368,u_002368,2026-07-17 07:40:54 UTC,succeeded,1999
pa_002719,e_002369,u_002369,2026-07-17 12:49:29 UTC,succeeded,1999
pa_002720,e_002370,u_002370,2026-07-17 11:06:45 UTC,succeeded,1999
pa_002721,e_002371,u_002371,2026-07-17 19:03:57 UTC,succeeded,1999
pa_002722,e_002372,u_002372,2026-07-17 22:24:35 UTC,succeeded,1999
pa_002723,e_002373,u_002373,2026-07-17 12:29:09 UTC,succeeded,1999
pa_002724,e_002374,u_002374,2026-07-17 20:42:57 UTC,failed,1999
pa_002725,e_002374,u_002374,2026-07-17 20:44:57 UTC,succeeded,1999
pa_002726,e_002375,u_002375,2026-07-17 15:48:12 UTC,failed,1999
pa_002727,e_002375,u_002375,2026-07-17 15:50:12 UTC,failed,1999
pa_002728,e_002375,u_002375,2026-07-17 15:52:12 UTC,succeeded,1999
pa_002729,e_002376,u_002376,2026-07-17 03:24:37 UTC,succeeded,1999
pa_002730,e_002377,u_002377,2026-07-17 10:17:59 UTC,failed,1999
pa_002731,e_002377,u_002377,2026-07-17 10:19:59 UTC,succeeded,1999
pa_002732,e_002378,u_002378,2026-07-17 03:32:13 UTC,succeeded,1999
pa_002733,e_002379,u_002379,2026-07-17 02:47:12 UTC,failed,1999
pa_002734,e_002379,u_002379,2026-07-17 02:49:12 UTC,failed,1999
pa_002735,e_002379,u_002379,2026-07-17 02:51:12 UTC,succeeded,1999
pa_002736,e_002380,u_002380,2026-07-17 17:48:55 UTC,succeeded,1999
pa_002737,e_002381,u_002381,2026-07-17 13:56:58 UTC,succeeded,1999
pa_002738,e_002382,u_002382,2026-07-17 07:54:56 UTC,succeeded,1999
pa_002739,e_002383,u_002383,2026-07-17 08:51:51 UTC,succeeded,1999
pa_002740,e_002384,u_002384,2026-07-17 00:17:02 UTC,succeeded,1999
pa_002741,e_002385,u_002385,2026-07-17 05:28:43 UTC,succeeded,1999
pa_002742,e_002386,u_002386,2026-07-17 20:20:32 UTC,failed,1999
pa_002743,e_002386,u_002386,2026-07-17 20:22:32 UTC,succeeded,1999
pa_002744,e_002387,u_002387,2026-07-17 06:32:32 UTC,succeeded,1999
pa_002745,e_002388,u_002388,2026-07-17 23:41:12 UTC,succeeded,1999
pa_002746,e_002389,u_002389,2026-07-17 03:38:21 UTC,succeeded,1999
pa_002747,e_002390,u_002390,2026-07-17 03:33:20 UTC,failed,1999
pa_002748,e_002390,u_002390,2026-07-17 03:35:20 UTC,failed,1999
pa_002749,e_002390,u_002390,2026-07-17 03:37:20 UTC,succeeded,1999
pa_002750,e_002391,u_002391,2026-07-17 00:04:50 UTC,failed,1999
pa_002751,e_002391,u_002391,2026-07-17 00:06:50 UTC,failed,1999
pa_002752,e_002391,u_002391,2026-07-17 00:08:50 UTC,failed,1999
pa_002753,e_002391,u_002391,2026-07-17 00:10:50 UTC,succeeded,1999
pa_002754,e_002392,u_002392,2026-07-17 10:33:04 UTC,failed,1999
pa_002755,e_002392,u_002392,2026-07-17 10:35:04 UTC,failed,1999
pa_002756,e_002392,u_002392,2026-07-17 10:37:04 UTC,failed,1999
pa_002757,e_002392,u_002392,2026-07-17 10:39:04 UTC,succeeded,1999
pa_002758,e_002393,u_002393,2026-07-17 20:09:51 UTC,succeeded,1999
pa_002759,e_002394,u_002394,2026-07-17 08:44:31 UTC,succeeded,1999
pa_002760,e_002395,u_002395,2026-07-17 10:04:30 UTC,succeeded,1999
pa_002761,e_002396,u_002396,2026-07-17 06:22:29 UTC,succeeded,1999
pa_002762,e_002397,u_002397,2026-07-17 20:23:17 UTC,succeeded,1999
pa_002763,e_002398,u_002398,2026-07-17 19:11:14 UTC,succeeded,1999
pa_002764,e_002399,u_002399,2026-07-17 00:32:00 UTC,failed,1999
pa_002765,e_002399,u_002399,2026-07-17 00:34:00 UTC,failed,1999
pa_002766,e_002399,u_002399,2026-07-17 00:36:00 UTC,succeeded,1999
pa_002767,e_002400,u_002400,2026-07-17 10:57:17 UTC,succeeded,1999
pa_002768,e_002401,u_002401,2026-07-17 02:52:45 UTC,failed,1999
pa_002769,e_002401,u_002401,2026-07-17 02:54:45 UTC,failed,1999
pa_002770,e_002401,u_002401,2026-07-17 02:56:45 UTC,succeeded,1999
pa_002771,e_002402,u_002402,2026-07-17 18:20:58 UTC,succeeded,1999
pa_002772,e_002403,u_002403,2026-07-17 23:42:46 UTC,failed,1999
pa_002773,e_002403,u_002403,2026-07-17 23:44:46 UTC,failed,1999
pa_002774,e_002403,u_002403,2026-07-17 23:46:46 UTC,succeeded,1999
pa_002775,e_002404,u_002404,2026-07-18 11:07:56 UTC,succeeded,1999
pa_002776,e_002405,u_002405,2026-07-18 08:19:19 UTC,succeeded,1999
pa_002777,e_002406,u_002406,2026-07-18 02:16:18 UTC,failed,1999
pa_002778,e_002406,u_002406,2026-07-18 02:18:18 UTC,failed,1999
pa_002779,e_002406,u_002406,2026-07-18 02:20:18 UTC,succeeded,1999
pa_002780,e_002407,u_002407,2026-07-18 21:02:17 UTC,failed,1999
pa_002781,e_002407,u_002407,2026-07-18 21:04:17 UTC,failed,1999
pa_002782,e_002407,u_002407,2026-07-18 21:06:17 UTC,succeeded,1999
pa_002783,e_002408,u_002408,2026-07-18 06:24:29 UTC,succeeded,1999
pa_002784,e_002409,u_002409,2026-07-18 16:41:57 UTC,succeeded,1999
pa_002785,e_002410,u_002410,2026-07-18 11:41:40 UTC,failed,1999
pa_002786,e_002410,u_002410,2026-07-18 11:43:40 UTC,succeeded,1999
pa_002787,e_002411,u_002411,2026-07-18 17:55:23 UTC,failed,1999
pa_002788,e_002411,u_002411,2026-07-18 17:57:23 UTC,failed,1999
pa_002789,e_002411,u_002411,2026-07-18 17:59:23 UTC,succeeded,1999
pa_002790,e_002412,u_002412,2026-07-18 22:27:26 UTC,failed,1999
pa_002791,e_002412,u_002412,2026-07-18 22:29:26 UTC,failed,1999
pa_002792,e_002412,u_002412,2026-07-18 22:31:26 UTC,succeeded,1999
pa_002793,e_002413,u_002413,2026-07-18 02:11:21 UTC,failed,1999
pa_002794,e_002413,u_002413,2026-07-18 02:13:21 UTC,failed,1999
pa_002795,e_002413,u_002413,2026-07-18 02:15:21 UTC,succeeded,1999
pa_002796,e_002414,u_002414,2026-07-18 23:35:19 UTC,succeeded,1999
pa_002797,e_002415,u_002415,2026-07-18 23:53:17 UTC,succeeded,1999
pa_002798,e_002416,u_002416,2026-07-18 18:05:18 UTC,failed,1999
pa_002799,e_002416,u_002416,2026-07-18 18:07:18 UTC,failed,1999
pa_002800,e_002416,u_002416,2026-07-18 18:09:18 UTC,succeeded,1999
pa_002801,e_002417,u_002417,2026-07-18 08:57:25 UTC,failed,1999
pa_002802,e_002417,u_002417,2026-07-18 08:59:25 UTC,failed,1999
pa_002803,e_002417,u_002417,2026-07-18 09:01:25 UTC,failed,1999
pa_002804,e_002417,u_002417,2026-07-18 09:03:25 UTC,succeeded,1999
pa_002805,e_002418,u_002418,2026-07-18 20:40:19 UTC,succeeded,1999
pa_002806,e_002419,u_002419,2026-07-18 09:30:07 UTC,succeeded,1999
pa_002807,e_002420,u_002420,2026-07-18 22:32:10 UTC,succeeded,1999
pa_002808,e_002421,u_002421,2026-07-18 07:28:58 UTC,succeeded,1999
pa_002809,e_002422,u_002422,2026-07-18 14:44:16 UTC,succeeded,1999
pa_002810,e_002423,u_002423,2026-07-18 14:35:55 UTC,succeeded,1999
pa_002811,e_002424,u_002424,2026-07-18 09:17:52 UTC,succeeded,1999
pa_002812,e_002425,u_002425,2026-07-18 08:44:57 UTC,succeeded,1999
pa_002813,e_002426,u_002426,2026-07-18 17:08:59 UTC,failed,1999
pa_002814,e_002426,u_002426,2026-07-18 17:10:59 UTC,failed,1999
pa_002815,e_002426,u_002426,2026-07-18 17:12:59 UTC,failed,1999
pa_002816,e_002426,u_002426,2026-07-18 17:14:59 UTC,succeeded,1999
pa_002817,e_002427,u_002427,2026-07-18 00:07:38 UTC,succeeded,1999
pa_002818,e_002428,u_002428,2026-07-18 10:47:50 UTC,failed,1999
pa_002819,e_002428,u_002428,2026-07-18 10:49:50 UTC,failed,1999
pa_002820,e_002428,u_002428,2026-07-18 10:51:50 UTC,succeeded,1999
pa_002821,e_002429,u_002429,2026-07-18 19:24:50 UTC,failed,1999
pa_002822,e_002429,u_002429,2026-07-18 19:26:50 UTC,failed,1999
pa_002823,e_002429,u_002429,2026-07-18 19:28:50 UTC,succeeded,1999
pa_002824,e_002430,u_002430,2026-07-18 18:35:55 UTC,failed,1999
pa_002825,e_002430,u_002430,2026-07-18 18:37:55 UTC,succeeded,1999
pa_002826,e_002431,u_002431,2026-07-18 02:40:56 UTC,failed,1999
pa_002827,e_002431,u_002431,2026-07-18 02:42:56 UTC,failed,1999
pa_002828,e_002431,u_002431,2026-07-18 02:44:56 UTC,succeeded,1999
pa_002829,e_002432,u_002432,2026-07-18 12:43:09 UTC,failed,1999
pa_002830,e_002432,u_002432,2026-07-18 12:45:09 UTC,succeeded,1999
pa_002831,e_002433,u_002433,2026-07-18 19:36:10 UTC,succeeded,1999
pa_002832,e_002434,u_002434,2026-07-18 01:15:22 UTC,succeeded,1999
pa_002833,e_002435,u_002435,2026-07-18 12:04:44 UTC,succeeded,1999
pa_002834,e_002436,u_002436,2026-07-18 19:39:56 UTC,failed,1999
pa_002835,e_002436,u_002436,2026-07-18 19:41:56 UTC,failed,1999
pa_002836,e_002436,u_002436,2026-07-18 19:43:56 UTC,succeeded,1999
pa_002837,e_002437,u_002437,2026-07-18 17:37:55 UTC,succeeded,1999
pa_002838,e_002438,u_002438,2026-07-18 02:28:39 UTC,failed,1999
pa_002839,e_002438,u_002438,2026-07-18 02:30:39 UTC,succeeded,1999
pa_002840,e_002439,u_002439,2026-07-18 05:30:07 UTC,succeeded,1999
pa_002841,e_002440,u_002440,2026-07-18 08:17:36 UTC,succeeded,1999
pa_002842,e_002441,u_002441,2026-07-18 10:31:39 UTC,succeeded,1999
pa_002843,e_002442,u_002442,2026-07-18 05:04:11 UTC,succeeded,1999
pa_002844,e_002443,u_002443,2026-07-18 14:45:35 UTC,succeeded,1999
pa_002845,e_002444,u_002444,2026-07-18 02:39:50 UTC,failed,1999
pa_002846,e_002444,u_002444,2026-07-18 02:41:50 UTC,failed,1999
pa_002847,e_002444,u_002444,2026-07-18 02:43:50 UTC,succeeded,1999
pa_002848,e_002445,u_002445,2026-07-18 17:08:07 UTC,failed,1999
pa_002849,e_002445,u_002445,2026-07-18 17:10:07 UTC,failed,1999
pa_002850,e_002445,u_002445,2026-07-18 17:12:07 UTC,succeeded,1999
pa_002851,e_002446,u_002446,2026-07-18 10:20:54 UTC,succeeded,1999
pa_002852,e_002447,u_002447,2026-07-18 19:27:25 UTC,succeeded,1999
pa_002853,e_002448,u_002448,2026-07-18 22:14:06 UTC,succeeded,1999
pa_002854,e_002449,u_002449,2026-07-18 03:30:47 UTC,succeeded,1999
pa_002855,e_002450,u_002450,2026-07-18 14:05:50 UTC,succeeded,1999
pa_002856,e_002451,u_002451,2026-07-18 06:22:09 UTC,failed,1999
pa_002857,e_002451,u_002451,2026-07-18 06:24:09 UTC,failed,1999
pa_002858,e_002451,u_002451,2026-07-18 06:26:09 UTC,succeeded,1999
pa_002859,e_002452,u_002452,2026-07-18 00:42:38 UTC,succeeded,1999
pa_002860,e_002453,u_002453,2026-07-18 15:51:46 UTC,failed,1999
pa_002861,e_002453,u_002453,2026-07-18 15:53:46 UTC,failed,1999
pa_002862,e_002453,u_002453,2026-07-18 15:55:46 UTC,succeeded,1999
pa_002863,e_002454,u_002454,2026-07-18 20:46:28 UTC,succeeded,1999
pa_002864,e_002455,u_002455,2026-07-18 05:15:19 UTC,failed,1999
pa_002865,e_002455,u_002455,2026-07-18 05:17:19 UTC,failed,1999
pa_002866,e_002455,u_002455,2026-07-18 05:19:19 UTC,succeeded,1999
pa_002867,e_002456,u_002456,2026-07-18 18:49:26 UTC,failed,1999
pa_002868,e_002456,u_002456,2026-07-18 18:51:26 UTC,succeeded,1999
pa_002869,e_002457,u_002457,2026-07-18 01:53:11 UTC,succeeded,1999
pa_002870,e_002458,u_002458,2026-07-18 13:08:20 UTC,succeeded,1999
pa_002871,e_002459,u_002459,2026-07-18 00:52:14 UTC,failed,1999
pa_002872,e_002459,u_002459,2026-07-18 00:54:14 UTC,failed,1999
pa_002873,e_002459,u_002459,2026-07-18 00:56:14 UTC,failed,1999
pa_002874,e_002459,u_002459,2026-07-18 00:58:14 UTC,succeeded,1999
pa_002875,e_002460,u_002460,2026-07-18 06:11:23 UTC,failed,1999
pa_002876,e_002460,u_002460,2026-07-18 06:13:23 UTC,succeeded,1999
pa_002877,e_002461,u_002461,2026-07-18 11:52:00 UTC,succeeded,1999
pa_002878,e_002462,u_002462,2026-07-18 02:18:42 UTC,succeeded,1999
pa_002879,e_002463,u_002463,2026-07-18 00:40:01 UTC,succeeded,1999
pa_002880,e_002464,u_002464,2026-07-18 14:08:37 UTC,succeeded,1999
pa_002881,e_002465,u_002465,2026-07-18 17:05:15 UTC,succeeded,1999
pa_002882,e_002466,u_002466,2026-07-18 02:33:34 UTC,succeeded,1999
pa_002883,e_002467,u_002467,2026-07-18 17:46:08 UTC,succeeded,1999
pa_002884,e_002468,u_002468,2026-07-18 02:41:31 UTC,succeeded,1999
pa_002885,e_002469,u_002469,2026-07-18 16:25:07 UTC,succeeded,1999
pa_002886,e_002470,u_002470,2026-07-18 11:53:51 UTC,succeeded,1999
pa_002887,e_002471,u_002471,2026-07-18 15:36:44 UTC,succeeded,1999
pa_002888,e_002472,u_002472,2026-07-18 07:34:32 UTC,failed,1999
pa_002889,e_002472,u_002472,2026-07-18 07:36:32 UTC,failed,1999
pa_002890,e_002472,u_002472,2026-07-18 07:38:32 UTC,succeeded,1999
pa_002891,e_002473,u_002473,2026-07-18 22:37:10 UTC,failed,1999
pa_002892,e_002473,u_002473,2026-07-18 22:39:10 UTC,failed,1999
pa_002893,e_002473,u_002473,2026-07-18 22:41:10 UTC,succeeded,1999
pa_002894,e_002474,u_002474,2026-07-18 21:50:57 UTC,succeeded,1999
pa_002895,e_002475,u_002475,2026-07-18 15:09:55 UTC,succeeded,1999
pa_002896,e_002476,u_002476,2026-07-18 03:19:37 UTC,failed,1999
pa_002897,e_002476,u_002476,2026-07-18 03:21:37 UTC,failed,1999
pa_002898,e_002476,u_002476,2026-07-18 03:23:37 UTC,failed,1999
pa_002899,e_002476,u_002476,2026-07-18 03:25:37 UTC,succeeded,1999
pa_002900,e_002477,u_002477,2026-07-18 09:05:00 UTC,failed,1999
pa_002901,e_002477,u_002477,2026-07-18 09:07:00 UTC,succeeded,1999
pa_002902,e_002478,u_002478,2026-07-18 21:39:03 UTC,failed,1999
pa_002903,e_002478,u_002478,2026-07-18 21:41:03 UTC,failed,1999
pa_002904,e_002478,u_002478,2026-07-18 21:43:03 UTC,failed,1999
pa_002905,e_002478,u_002478,2026-07-18 21:45:03 UTC,succeeded,1999
pa_002906,e_002479,u_002479,2026-07-18 16:18:44 UTC,succeeded,1999
pa_002907,e_002480,u_002480,2026-07-18 11:49:18 UTC,succeeded,1999
pa_002908,e_002481,u_002481,2026-07-18 18:01:30 UTC,succeeded,1999
pa_002909,e_002482,u_002482,2026-07-18 17:19:16 UTC,failed,1999
pa_002910,e_002482,u_002482,2026-07-18 17:21:16 UTC,failed,1999
pa_002911,e_002482,u_002482,2026-07-18 17:23:16 UTC,failed,1999
pa_002912,e_002482,u_002482,2026-07-18 17:25:16 UTC,succeeded,1999
pa_002913,e_002483,u_002483,2026-07-18 03:17:26 UTC,succeeded,1999
pa_002914,e_002484,u_002484,2026-07-18 14:14:43 UTC,succeeded,1999
pa_002915,e_002485,u_002485,2026-07-18 01:39:30 UTC,succeeded,1999
pa_002916,e_002486,u_002486,2026-07-18 01:27:24 UTC,failed,1999
pa_002917,e_002486,u_002486,2026-07-18 01:29:24 UTC,failed,1999
pa_002918,e_002486,u_002486,2026-07-18 01:31:24 UTC,succeeded,1999
pa_002919,e_002487,u_002487,2026-07-18 07:39:47 UTC,succeeded,1999
pa_002920,e_002488,u_002488,2026-07-18 23:37:54 UTC,failed,1999
pa_002921,e_002488,u_002488,2026-07-18 23:39:54 UTC,failed,1999
pa_002922,e_002488,u_002488,2026-07-18 23:41:54 UTC,succeeded,1999
pa_002923,e_002489,u_002489,2026-07-18 22:15:04 UTC,succeeded,1999
pa_002924,e_002490,u_002490,2026-07-18 16:06:49 UTC,succeeded,1999
pa_002925,e_002491,u_002491,2026-07-18 22:41:25 UTC,succeeded,1999
pa_002926,e_002492,u_002492,2026-07-18 23:24:34 UTC,failed,1999
pa_002927,e_002492,u_002492,2026-07-18 23:26:34 UTC,failed,1999
pa_002928,e_002492,u_002492,2026-07-18 23:28:34 UTC,succeeded,1999
pa_002929,e_002493,u_002493,2026-07-18 06:35:58 UTC,succeeded,1999
pa_002930,e_002494,u_002494,2026-07-18 13:58:51 UTC,succeeded,1999
pa_002931,e_002495,u_002495,2026-07-18 11:39:01 UTC,succeeded,1999
pa_002932,e_002496,u_002496,2026-07-18 15:39:13 UTC,succeeded,1999
pa_002933,e_002497,u_002497,2026-07-18 15:47:57 UTC,succeeded,1999
pa_002934,e_002498,u_002498,2026-07-18 23:46:40 UTC,succeeded,1999
pa_002935,e_002499,u_002499,2026-07-18 12:33:58 UTC,failed,1999
pa_002936,e_002499,u_002499,2026-07-18 12:35:58 UTC,succeeded,1999
pa_002937,e_002500,u_002500,2026-07-18 23:44:13 UTC,failed,1999
pa_002938,e_002500,u_002500,2026-07-18 23:46:13 UTC,failed,1999
pa_002939,e_002500,u_002500,2026-07-18 23:48:13 UTC,succeeded,1999
pa_002940,e_002501,u_002501,2026-07-18 00:32:56 UTC,failed,1999
pa_002941,e_002501,u_002501,2026-07-18 00:34:56 UTC,failed,1999
pa_002942,e_002501,u_002501,2026-07-18 00:36:56 UTC,failed,1999
pa_002943,e_002501,u_002501,2026-07-18 00:38:56 UTC,succeeded,1999
pa_002944,e_002502,u_002502,2026-07-18 05:11:33 UTC,succeeded,1999
pa_002945,e_002503,u_002503,2026-07-18 05:00:37 UTC,succeeded,1999
pa_002946,e_002504,u_002504,2026-07-18 09:28:25 UTC,failed,1999
pa_002947,e_002504,u_002504,2026-07-18 09:30:25 UTC,succeeded,1999
pa_002948,e_002505,u_002505,2026-07-19 09:33:02 UTC,succeeded,1999
pa_002949,e_002506,u_002506,2026-07-19 22:23:58 UTC,succeeded,1999
pa_002950,e_002507,u_002507,2026-07-19 00:46:32 UTC,succeeded,1999
pa_002951,e_002508,u_002508,2026-07-19 15:14:34 UTC,failed,1999
pa_002952,e_002508,u_002508,2026-07-19 15:16:34 UTC,failed,1999
pa_002953,e_002508,u_002508,2026-07-19 15:18:34 UTC,failed,1999
pa_002954,e_002508,u_002508,2026-07-19 15:20:34 UTC,succeeded,1999
pa_002955,e_002509,u_002509,2026-07-19 19:29:23 UTC,succeeded,1999
pa_002956,e_002510,u_002510,2026-07-19 16:07:25 UTC,failed,1999
pa_002957,e_002510,u_002510,2026-07-19 16:09:25 UTC,failed,1999
pa_002958,e_002510,u_002510,2026-07-19 16:11:25 UTC,succeeded,1999
pa_002959,e_002511,u_002511,2026-07-19 00:05:14 UTC,succeeded,1999
pa_002960,e_002512,u_002512,2026-07-19 10:58:58 UTC,succeeded,1999
pa_002961,e_002513,u_002513,2026-07-19 06:27:52 UTC,failed,1999
pa_002962,e_002513,u_002513,2026-07-19 06:29:52 UTC,failed,1999
pa_002963,e_002513,u_002513,2026-07-19 06:31:52 UTC,failed,1999
pa_002964,e_002513,u_002513,2026-07-19 06:33:52 UTC,succeeded,1999
pa_002965,e_002514,u_002514,2026-07-19 02:59:16 UTC,succeeded,1999
pa_002966,e_002515,u_002515,2026-07-19 16:11:32 UTC,succeeded,1999
pa_002967,e_002516,u_002516,2026-07-19 21:17:21 UTC,succeeded,1999
pa_002968,e_002517,u_002517,2026-07-19 13:08:58 UTC,succeeded,1999
pa_002969,e_002518,u_002518,2026-07-19 19:50:23 UTC,failed,1999
pa_002970,e_002518,u_002518,2026-07-19 19:52:23 UTC,failed,1999
pa_002971,e_002518,u_002518,2026-07-19 19:54:23 UTC,succeeded,1999
pa_002972,e_002519,u_002519,2026-07-19 19:57:24 UTC,succeeded,1999
pa_002973,e_002520,u_002520,2026-07-19 16:30:50 UTC,succeeded,1999
pa_002974,e_002521,u_002521,2026-07-19 11:20:01 UTC,succeeded,1999
pa_002975,e_002522,u_002522,2026-07-19 07:05:30 UTC,failed,1999
pa_002976,e_002522,u_002522,2026-07-19 07:07:30 UTC,failed,1999
pa_002977,e_002522,u_002522,2026-07-19 07:09:30 UTC,succeeded,1999
pa_002978,e_002523,u_002523,2026-07-19 04:09:53 UTC,succeeded,1999
pa_002979,e_002524,u_002524,2026-07-19 02:31:48 UTC,succeeded,1999
pa_002980,e_002525,u_002525,2026-07-19 06:05:22 UTC,succeeded,1999
pa_002981,e_002526,u_002526,2026-07-19 12:13:07 UTC,succeeded,1999
pa_002982,e_002527,u_002527,2026-07-19 05:43:43 UTC,succeeded,1999
pa_002983,e_002528,u_002528,2026-07-19 01:25:55 UTC,succeeded,1999
pa_002984,e_002529,u_002529,2026-07-19 20:45:59 UTC,succeeded,1999
pa_002985,e_002530,u_002530,2026-07-19 16:55:34 UTC,succeeded,1999
pa_002986,e_002531,u_002531,2026-07-19 18:35:04 UTC,succeeded,1999
pa_002987,e_002532,u_002532,2026-07-19 19:25:48 UTC,succeeded,1999
pa_002988,e_002533,u_002533,2026-07-19 00:32:09 UTC,succeeded,1999
pa_002989,e_002534,u_002534,2026-07-19 18:00:29 UTC,failed,1999
pa_002990,e_002534,u_002534,2026-07-19 18:02:29 UTC,failed,1999
pa_002991,e_002534,u_002534,2026-07-19 18:04:29 UTC,succeeded,1999
pa_002992,e_002535,u_002535,2026-07-19 08:54:03 UTC,failed,1999
pa_002993,e_002535,u_002535,2026-07-19 08:56:03 UTC,failed,1999
pa_002994,e_002535,u_002535,2026-07-19 08:58:03 UTC,failed,1999
pa_002995,e_002535,u_002535,2026-07-19 09:00:03 UTC,succeeded,1999
pa_002996,e_002536,u_002536,2026-07-19 00:43:14 UTC,succeeded,1999
pa_002997,e_002537,u_002537,2026-07-19 21:46:33 UTC,succeeded,1999
pa_002998,e_002538,u_002538,2026-07-19 21:08:45 UTC,succeeded,1999
pa_002999,e_002539,u_002539,2026-07-19 12:39:29 UTC,failed,1999
pa_003000,e_002539,u_002539,2026-07-19 12:41:29 UTC,failed,1999
pa_003001,e_002539,u_002539,2026-07-19 12:43:29 UTC,failed,1999
pa_003002,e_002539,u_002539,2026-07-19 12:45:29 UTC,succeeded,1999
pa_003003,e_002540,u_002540,2026-07-19 22:44:15 UTC,failed,1999
pa_003004,e_002540,u_002540,2026-07-19 22:46:15 UTC,failed,1999
pa_003005,e_002540,u_002540,2026-07-19 22:48:15 UTC,failed,1999
pa_003006,e_002540,u_002540,2026-07-19 22:50:15 UTC,succeeded,1999
pa_003007,e_002541,u_002541,2026-07-19 21:38:10 UTC,succeeded,1999
pa_003008,e_002542,u_002542,2026-07-19 14:15:12 UTC,succeeded,1999
pa_003009,e_002543,u_002543,2026-07-19 03:51:57 UTC,succeeded,1999
pa_003010,e_002544,u_002544,2026-07-19 08:48:04 UTC,succeeded,1999
pa_003011,e_002545,u_002545,2026-07-19 14:25:43 UTC,succeeded,1999
pa_003012,e_002546,u_002546,2026-07-19 16:57:15 UTC,succeeded,1999
pa_003013,e_002547,u_002547,2026-07-19 18:56:41 UTC,succeeded,1999
pa_003014,e_002548,u_002548,2026-07-19 15:01:39 UTC,failed,1999
pa_003015,e_002548,u_002548,2026-07-19 15:03:39 UTC,failed,1999
pa_003016,e_002548,u_002548,2026-07-19 15:05:39 UTC,failed,1999
pa_003017,e_002548,u_002548,2026-07-19 15:07:39 UTC,succeeded,1999
pa_003018,e_002549,u_002549,2026-07-19 15:39:52 UTC,succeeded,1999
pa_003019,e_002550,u_002550,2026-07-19 09:25:08 UTC,succeeded,1999
pa_003020,e_002551,u_002551,2026-07-19 14:59:07 UTC,succeeded,1999
pa_003021,e_002552,u_002552,2026-07-19 09:30:21 UTC,failed,1999
pa_003022,e_002552,u_002552,2026-07-19 09:32:21 UTC,failed,1999
pa_003023,e_002552,u_002552,2026-07-19 09:34:21 UTC,failed,1999
pa_003024,e_002552,u_002552,2026-07-19 09:36:21 UTC,succeeded,1999
pa_003025,e_002553,u_002553,2026-07-19 05:20:20 UTC,succeeded,1999
pa_003026,e_002554,u_002554,2026-07-19 13:08:50 UTC,succeeded,1999
pa_003027,e_002555,u_002555,2026-07-19 17:31:25 UTC,succeeded,1999
pa_003028,e_002556,u_002556,2026-07-19 09:04:53 UTC,failed,1999
pa_003029,e_002556,u_002556,2026-07-19 09:06:53 UTC,succeeded,1999
pa_003030,e_002557,u_002557,2026-07-19 23:53:38 UTC,succeeded,1999
pa_003031,e_002558,u_002558,2026-07-19 02:13:13 UTC,succeeded,1999
pa_003032,e_002559,u_002559,2026-07-19 18:38:44 UTC,succeeded,1999
pa_003033,e_002560,u_002560,2026-07-19 04:23:29 UTC,succeeded,1999
pa_003034,e_002561,u_002561,2026-07-19 05:06:28 UTC,succeeded,1999
pa_003035,e_002562,u_002562,2026-07-19 15:46:36 UTC,succeeded,1999
pa_003036,e_002563,u_002563,2026-07-19 06:30:26 UTC,failed,1999
pa_003037,e_002563,u_002563,2026-07-19 06:32:26 UTC,failed,1999
pa_003038,e_002563,u_002563,2026-07-19 06:34:26 UTC,succeeded,1999
pa_003039,e_002564,u_002564,2026-07-19 19:47:17 UTC,failed,1999
pa_003040,e_002564,u_002564,2026-07-19 19:49:17 UTC,failed,1999
pa_003041,e_002564,u_002564,2026-07-19 19:51:17 UTC,succeeded,1999
pa_003042,e_002565,u_002565,2026-07-19 18:10:17 UTC,succeeded,1999
pa_003043,e_002566,u_002566,2026-07-19 05:50:51 UTC,failed,1999
pa_003044,e_002566,u_002566,2026-07-19 05:52:51 UTC,succeeded,1999
pa_003045,e_002567,u_002567,2026-07-19 11:22:39 UTC,succeeded,1999
pa_003046,e_002568,u_002568,2026-07-19 14:11:51 UTC,succeeded,1999
pa_003047,e_002569,u_002569,2026-07-19 17:02:51 UTC,succeeded,1999
pa_003048,e_002570,u_002570,2026-07-19 22:42:01 UTC,succeeded,1999
pa_003049,e_002571,u_002571,2026-07-19 14:56:33 UTC,succeeded,1999
pa_003050,e_002572,u_002572,2026-07-19 02:00:38 UTC,failed,1999
pa_003051,e_002572,u_002572,2026-07-19 02:02:38 UTC,failed,1999
pa_003052,e_002572,u_002572,2026-07-19 02:04:38 UTC,succeeded,1999
pa_003053,e_002573,u_002573,2026-07-19 04:14:04 UTC,failed,1999
pa_003054,e_002573,u_002573,2026-07-19 04:16:04 UTC,failed,1999
pa_003055,e_002573,u_002573,2026-07-19 04:18:04 UTC,failed,1999
pa_003056,e_002573,u_002573,2026-07-19 04:20:04 UTC,succeeded,1999
pa_003057,e_002574,u_002574,2026-07-19 16:56:46 UTC,failed,1999
pa_003058,e_002574,u_002574,2026-07-19 16:58:46 UTC,failed,1999
pa_003059,e_002574,u_002574,2026-07-19 17:00:46 UTC,failed,1999
pa_003060,e_002574,u_002574,2026-07-19 17:02:46 UTC,succeeded,1999
pa_003061,e_002575,u_002575,2026-07-19 13:37:43 UTC,failed,1999
pa_003062,e_002575,u_002575,2026-07-19 13:39:43 UTC,failed,1999
pa_003063,e_002575,u_002575,2026-07-19 13:41:43 UTC,succeeded,1999
pa_003064,e_002576,u_002576,2026-07-19 12:52:17 UTC,succeeded,1999
pa_003065,e_002577,u_002577,2026-07-19 12:25:04 UTC,succeeded,1999
pa_003066,e_002578,u_002578,2026-07-19 07:36:24 UTC,succeeded,1999
pa_003067,e_002579,u_002579,2026-07-19 01:42:27 UTC,succeeded,1999
pa_003068,e_002580,u_002580,2026-07-19 20:07:53 UTC,failed,1999
pa_003069,e_002580,u_002580,2026-07-19 20:09:53 UTC,succeeded,1999
pa_003070,e_002581,u_002581,2026-07-19 16:19:33 UTC,succeeded,1999
pa_003071,e_002582,u_002582,2026-07-19 02:29:40 UTC,succeeded,1999
pa_003072,e_002583,u_002583,2026-07-19 05:51:21 UTC,succeeded,1999
pa_003073,e_002584,u_002584,2026-07-19 20:46:06 UTC,succeeded,1999
pa_003074,e_002585,u_002585,2026-07-19 12:00:54 UTC,succeeded,1999
pa_003075,e_002586,u_002586,2026-07-19 07:12:41 UTC,succeeded,1999
pa_003076,e_002587,u_002587,2026-07-19 21:32:47 UTC,succeeded,1999
pa_003077,e_002588,u_002588,2026-07-19 04:40:10 UTC,succeeded,1999
pa_003078,e_002589,u_002589,2026-07-19 08:46:25 UTC,succeeded,1999
pa_003079,e_002590,u_002590,2026-07-19 16:54:49 UTC,succeeded,1999
pa_003080,e_002591,u_002591,2026-07-19 23:57:46 UTC,succeeded,1999
pa_003081,e_002592,u_002592,2026-07-19 09:49:34 UTC,failed,1999
pa_003082,e_002592,u_002592,2026-07-19 09:51:34 UTC,failed,1999
pa_003083,e_002592,u_002592,2026-07-19 09:53:34 UTC,failed,1999
pa_003084,e_002592,u_002592,2026-07-19 09:55:34 UTC,succeeded,1999
pa_003085,e_002593,u_002593,2026-07-19 08:55:13 UTC,failed,1999
pa_003086,e_002593,u_002593,2026-07-19 08:57:13 UTC,succeeded,1999
pa_003087,e_002594,u_002594,2026-07-19 02:38:23 UTC,succeeded,1999
pa_003088,e_002595,u_002595,2026-07-19 00:44:52 UTC,succeeded,1999
pa_003089,e_002596,u_002596,2026-07-19 03:57:28 UTC,succeeded,1999
pa_003090,e_002597,u_002597,2026-07-19 23:34:11 UTC,succeeded,1999
pa_003091,e_002598,u_002598,2026-07-19 18:05:34 UTC,succeeded,1999
pa_003092,e_002599,u_002599,2026-07-19 18:52:24 UTC,succeeded,1999
pa_003093,e_002600,u_002600,2026-07-19 09:22:37 UTC,succeeded,1999
pa_003094,e_002601,u_002601,2026-07-19 16:14:27 UTC,succeeded,1999
pa_003095,e_002602,u_002602,2026-07-19 03:23:26 UTC,succeeded,1999
pa_003096,e_002603,u_002603,2026-07-19 02:23:13 UTC,failed,1999
pa_003097,e_002603,u_002603,2026-07-19 02:25:13 UTC,failed,1999
pa_003098,e_002603,u_002603,2026-07-19 02:27:13 UTC,succeeded,1999
pa_003099,e_002604,u_002604,2026-07-19 07:31:10 UTC,succeeded,1999
pa_003100,e_002605,u_002605,2026-07-19 22:28:44 UTC,failed,1999
pa_003101,e_002605,u_002605,2026-07-19 22:30:44 UTC,failed,1999
pa_003102,e_002605,u_002605,2026-07-19 22:32:44 UTC,succeeded,1999
pa_003103,e_002606,u_002606,2026-07-19 23:23:21 UTC,succeeded,1999
pa_003104,e_002607,u_002607,2026-07-19 16:15:45 UTC,failed,1999
pa_003105,e_002607,u_002607,2026-07-19 16:17:45 UTC,succeeded,1999
pa_003106,e_002608,u_002608,2026-07-19 15:30:57 UTC,succeeded,1999
pa_003107,e_002609,u_002609,2026-07-19 04:07:47 UTC,succeeded,1999
pa_003108,e_002610,u_002610,2026-07-20 13:38:54 UTC,failed,1999
pa_003109,e_002610,u_002610,2026-07-20 13:40:54 UTC,succeeded,1999
pa_003110,e_002611,u_002611,2026-07-20 11:22:59 UTC,succeeded,1999
pa_003111,e_002612,u_002612,2026-07-20 22:46:04 UTC,succeeded,1999
pa_003112,e_002613,u_002613,2026-07-20 21:46:58 UTC,failed,1999
pa_003113,e_002613,u_002613,2026-07-20 21:48:58 UTC,succeeded,1999
pa_003114,e_002614,u_002614,2026-07-20 04:07:43 UTC,failed,1999
pa_003115,e_002614,u_002614,2026-07-20 04:09:43 UTC,failed,1999
pa_003116,e_002614,u_002614,2026-07-20 04:11:43 UTC,succeeded,1999
pa_003117,e_002615,u_002615,2026-07-20 05:44:47 UTC,succeeded,1999
pa_003118,e_002616,u_002616,2026-07-20 14:19:50 UTC,succeeded,1999
pa_003119,e_002617,u_002617,2026-07-20 10:35:32 UTC,succeeded,1999
pa_003120,e_002618,u_002618,2026-07-20 21:48:42 UTC,failed,1999
pa_003121,e_002618,u_002618,2026-07-20 21:50:42 UTC,failed,1999
pa_003122,e_002618,u_002618,2026-07-20 21:52:42 UTC,succeeded,1999
pa_003123,e_002619,u_002619,2026-07-20 12:04:20 UTC,succeeded,1999
pa_003124,e_002620,u_002620,2026-07-20 17:59:53 UTC,succeeded,1999
pa_003125,e_002621,u_002621,2026-07-20 01:48:15 UTC,succeeded,1999
pa_003126,e_002622,u_002622,2026-07-20 07:00:59 UTC,failed,1999
pa_003127,e_002622,u_002622,2026-07-20 07:02:59 UTC,succeeded,1999
pa_003128,e_002623,u_002623,2026-07-20 18:38:05 UTC,succeeded,1999
pa_003129,e_002624,u_002624,2026-07-20 02:12:17 UTC,succeeded,1999
pa_003130,e_002625,u_002625,2026-07-20 20:56:56 UTC,failed,1999
pa_003131,e_002625,u_002625,2026-07-20 20:58:56 UTC,failed,1999
pa_003132,e_002625,u_002625,2026-07-20 21:00:56 UTC,succeeded,1999
pa_003133,e_002626,u_002626,2026-07-20 15:00:36 UTC,succeeded,1999
pa_003134,e_002627,u_002627,2026-07-20 15:23:25 UTC,succeeded,1999
pa_003135,e_002628,u_002628,2026-07-20 17:28:17 UTC,failed,1999
pa_003136,e_002628,u_002628,2026-07-20 17:30:17 UTC,failed,1999
pa_003137,e_002628,u_002628,2026-07-20 17:32:17 UTC,succeeded,1999
pa_003138,e_002629,u_002629,2026-07-20 23:22:21 UTC,succeeded,1999
pa_003139,e_002630,u_002630,2026-07-20 15:17:41 UTC,succeeded,1999
pa_003140,e_002631,u_002631,2026-07-20 15:43:32 UTC,succeeded,1999
pa_003141,e_002632,u_002632,2026-07-20 01:50:35 UTC,succeeded,1999
pa_003142,e_002633,u_002633,2026-07-20 19:41:49 UTC,succeeded,1999
pa_003143,e_002634,u_002634,2026-07-20 16:15:38 UTC,failed,1999
pa_003144,e_002634,u_002634,2026-07-20 16:17:38 UTC,failed,1999
pa_003145,e_002634,u_002634,2026-07-20 16:19:38 UTC,failed,1999
pa_003146,e_002634,u_002634,2026-07-20 16:21:38 UTC,succeeded,1999
pa_003147,e_002635,u_002635,2026-07-20 12:40:48 UTC,succeeded,1999
pa_003148,e_002636,u_002636,2026-07-20 14:55:19 UTC,succeeded,1999
pa_003149,e_002637,u_002637,2026-07-20 08:01:48 UTC,succeeded,1999
pa_003150,e_002638,u_002638,2026-07-20 02:46:04 UTC,succeeded,1999
pa_003151,e_002639,u_002639,2026-07-20 09:44:38 UTC,succeeded,1999
pa_003152,e_002640,u_002640,2026-07-20 14:36:18 UTC,succeeded,1999
pa_003153,e_002641,u_002641,2026-07-20 15:29:05 UTC,succeeded,1999
pa_003154,e_002642,u_002642,2026-07-20 10:50:20 UTC,succeeded,1999
pa_003155,e_002643,u_002643,2026-07-20 18:13:19 UTC,succeeded,1999
pa_003156,e_002644,u_002644,2026-07-20 05:06:43 UTC,failed,1999
pa_003157,e_002644,u_002644,2026-07-20 05:08:43 UTC,succeeded,1999
pa_003158,e_002645,u_002645,2026-07-20 04:55:06 UTC,failed,1999
pa_003159,e_002645,u_002645,2026-07-20 04:57:06 UTC,succeeded,1999
pa_003160,e_002646,u_002646,2026-07-20 08:02:30 UTC,succeeded,1999
pa_003161,e_002647,u_002647,2026-07-20 08:20:13 UTC,succeeded,1999
pa_003162,e_002648,u_002648,2026-07-20 08:31:45 UTC,succeeded,1999
pa_003163,e_002649,u_002649,2026-07-20 00:51:15 UTC,failed,1999
pa_003164,e_002649,u_002649,2026-07-20 00:53:15 UTC,failed,1999
pa_003165,e_002649,u_002649,2026-07-20 00:55:15 UTC,succeeded,1999
pa_003166,e_002650,u_002650,2026-07-20 12:24:10 UTC,succeeded,1999
pa_003167,e_002651,u_002651,2026-07-20 16:57:43 UTC,failed,1999
pa_003168,e_002651,u_002651,2026-07-20 16:59:43 UTC,failed,1999
pa_003169,e_002651,u_002651,2026-07-20 17:01:43 UTC,succeeded,1999
pa_003170,e_002652,u_002652,2026-07-20 13:33:02 UTC,succeeded,1999
pa_003171,e_002653,u_002653,2026-07-20 07:26:18 UTC,succeeded,1999
pa_003172,e_002654,u_002654,2026-07-20 19:29:25 UTC,failed,1999
pa_003173,e_002654,u_002654,2026-07-20 19:31:25 UTC,failed,1999
pa_003174,e_002654,u_002654,2026-07-20 19:33:25 UTC,failed,1999
pa_003175,e_002654,u_002654,2026-07-20 19:35:25 UTC,succeeded,1999
pa_003176,e_002655,u_002655,2026-07-20 18:30:24 UTC,succeeded,1999
pa_003177,e_002656,u_002656,2026-07-20 15:08:07 UTC,succeeded,1999
pa_003178,e_002657,u_002657,2026-07-20 00:26:03 UTC,succeeded,1999
pa_003179,e_002658,u_002658,2026-07-20 11:28:54 UTC,succeeded,1999
pa_003180,e_002659,u_002659,2026-07-20 05:29:07 UTC,succeeded,1999
pa_003181,e_002660,u_002660,2026-07-20 02:37:34 UTC,succeeded,1999
pa_003182,e_002661,u_002661,2026-07-20 04:10:02 UTC,failed,1999
pa_003183,e_002661,u_002661,2026-07-20 04:12:02 UTC,failed,1999
pa_003184,e_002661,u_002661,2026-07-20 04:14:02 UTC,succeeded,1999
pa_003185,e_002662,u_002662,2026-07-20 02:45:51 UTC,succeeded,1999
pa_003186,e_002663,u_002663,2026-07-20 13:16:31 UTC,succeeded,1999
pa_003187,e_002664,u_002664,2026-07-20 16:31:40 UTC,succeeded,1999
pa_003188,e_002665,u_002665,2026-07-20 02:41:21 UTC,succeeded,1999
pa_003189,e_002666,u_002666,2026-07-20 11:55:37 UTC,succeeded,1999
pa_003190,e_002667,u_002667,2026-07-20 05:32:45 UTC,succeeded,1999
pa_003191,e_002668,u_002668,2026-07-20 23:44:36 UTC,succeeded,1999
pa_003192,e_002669,u_002669,2026-07-20 06:30:58 UTC,succeeded,1999
pa_003193,e_002670,u_002670,2026-07-20 13:28:47 UTC,succeeded,1999
pa_003194,e_002671,u_002671,2026-07-20 19:38:57 UTC,failed,1999
pa_003195,e_002671,u_002671,2026-07-20 19:40:57 UTC,succeeded,1999
pa_003196,e_002672,u_002672,2026-07-20 03:49:58 UTC,succeeded,1999
pa_003197,e_002673,u_002673,2026-07-20 05:00:25 UTC,succeeded,1999
pa_003198,e_002674,u_002674,2026-07-20 19:09:03 UTC,succeeded,1999
pa_003199,e_002675,u_002675,2026-07-20 17:55:55 UTC,succeeded,1999
pa_003200,e_002676,u_002676,2026-07-20 10:47:45 UTC,failed,1999
pa_003201,e_002676,u_002676,2026-07-20 10:49:45 UTC,failed,1999
pa_003202,e_002676,u_002676,2026-07-20 10:51:45 UTC,failed,1999
pa_003203,e_002676,u_002676,2026-07-20 10:53:45 UTC,succeeded,1999
pa_003204,e_002677,u_002677,2026-07-20 19:24:28 UTC,succeeded,1999
pa_003205,e_002678,u_002678,2026-07-20 06:08:10 UTC,failed,1999
pa_003206,e_002678,u_002678,2026-07-20 06:10:10 UTC,failed,1999
pa_003207,e_002678,u_002678,2026-07-20 06:12:10 UTC,succeeded,1999
pa_003208,e_002679,u_002679,2026-07-20 06:16:19 UTC,failed,1999
pa_003209,e_002679,u_002679,2026-07-20 06:18:19 UTC,failed,1999
pa_003210,e_002679,u_002679,2026-07-20 06:20:19 UTC,succeeded,1999
pa_003211,e_002680,u_002680,2026-07-20 16:11:42 UTC,succeeded,1999
pa_003212,e_002681,u_002681,2026-07-20 07:50:57 UTC,failed,1999
pa_003213,e_002681,u_002681,2026-07-20 07:52:57 UTC,failed,1999
pa_003214,e_002681,u_002681,2026-07-20 07:54:57 UTC,failed,1999
pa_003215,e_002681,u_002681,2026-07-20 07:56:57 UTC,succeeded,1999
pa_003216,e_002682,u_002682,2026-07-20 23:21:40 UTC,succeeded,1999
pa_003217,e_002683,u_002683,2026-07-20 06:39:49 UTC,failed,1999
pa_003218,e_002683,u_002683,2026-07-20 06:41:49 UTC,failed,1999
pa_003219,e_002683,u_002683,2026-07-20 06:43:49 UTC,succeeded,1999
pa_003220,e_002684,u_002684,2026-07-20 12:57:46 UTC,succeeded,1999
pa_003221,e_002685,u_002685,2026-07-20 15:00:26 UTC,succeeded,1999
pa_003222,e_002686,u_002686,2026-07-20 05:44:05 UTC,succeeded,1999
pa_003223,e_002687,u_002687,2026-07-20 01:31:01 UTC,failed,1999
pa_003224,e_002687,u_002687,2026-07-20 01:33:01 UTC,failed,1999
pa_003225,e_002687,u_002687,2026-07-20 01:35:01 UTC,failed,1999
pa_003226,e_002687,u_002687,2026-07-20 01:37:01 UTC,succeeded,1999
pa_003227,e_002688,u_002688,2026-07-20 16:44:35 UTC,succeeded,1999
pa_003228,e_002689,u_002689,2026-07-20 04:40:01 UTC,succeeded,1999
pa_003229,e_002690,u_002690,2026-07-20 13:59:59 UTC,succeeded,1999
pa_003230,e_002691,u_002691,2026-07-20 08:09:54 UTC,succeeded,1999
pa_003231,e_002692,u_002692,2026-07-20 20:55:30 UTC,succeeded,1999
pa_003232,e_002693,u_002693,2026-07-20 23:51:34 UTC,succeeded,1999
pa_003233,e_002694,u_002694,2026-07-20 18:25:41 UTC,failed,1999
pa_003234,e_002694,u_002694,2026-07-20 18:27:41 UTC,failed,1999
pa_003235,e_002694,u_002694,2026-07-20 18:29:41 UTC,succeeded,1999
pa_003236,e_002695,u_002695,2026-07-20 18:25:18 UTC,succeeded,1999
pa_003237,e_002696,u_002696,2026-07-20 15:41:01 UTC,succeeded,1999
pa_003238,e_002697,u_002697,2026-07-20 13:46:47 UTC,succeeded,1999
pa_003239,e_002698,u_002698,2026-07-20 13:44:20 UTC,succeeded,1999
pa_003240,e_002699,u_002699,2026-07-20 02:13:30 UTC,failed,1999
pa_003241,e_002699,u_002699,2026-07-20 02:15:30 UTC,failed,1999
pa_003242,e_002699,u_002699,2026-07-20 02:17:30 UTC,succeeded,1999
pa_003243,e_002700,u_002700,2026-07-20 02:44:42 UTC,succeeded,1999
pa_003244,e_002701,u_002701,2026-07-20 07:43:21 UTC,succeeded,1999
pa_003245,e_002702,u_002702,2026-07-20 17:28:00 UTC,succeeded,1999
pa_003246,e_002703,u_002703,2026-07-20 13:07:21 UTC,failed,1999
pa_003247,e_002703,u_002703,2026-07-20 13:09:21 UTC,failed,1999
pa_003248,e_002703,u_002703,2026-07-20 13:11:21 UTC,succeeded,1999
pa_003249,e_002704,u_002704,2026-07-20 05:26:58 UTC,failed,1999
pa_003250,e_002704,u_002704,2026-07-20 05:28:58 UTC,failed,1999
pa_003251,e_002704,u_002704,2026-07-20 05:30:58 UTC,failed,1999
pa_003252,e_002704,u_002704,2026-07-20 05:32:58 UTC,succeeded,1999
pa_003253,e_002705,u_002705,2026-07-20 03:55:29 UTC,failed,1999
pa_003254,e_002705,u_002705,2026-07-20 03:57:29 UTC,failed,1999
pa_003255,e_002705,u_002705,2026-07-20 03:59:29 UTC,succeeded,1999
pa_003256,e_002706,u_002706,2026-07-20 19:12:22 UTC,succeeded,1999
pa_003257,e_002707,u_002707,2026-07-20 06:26:09 UTC,succeeded,1999
pa_003258,e_002708,u_002708,2026-07-20 22:18:33 UTC,succeeded,1999
pa_003259,e_002709,u_002709,2026-07-20 20:01:13 UTC,succeeded,1999
pa_003260,e_002710,u_002710,2026-07-20 03:33:30 UTC,succeeded,1999
pa_003261,e_002711,u_002711,2026-07-20 21:31:58 UTC,succeeded,1999
pa_003262,e_002712,u_002712,2026-07-20 06:41:12 UTC,succeeded,1999
pa_003263,e_002713,u_002713,2026-07-20 16:43:43 UTC,succeeded,1999
pa_003264,e_002714,u_002714,2026-07-20 08:48:15 UTC,succeeded,1999
pa_003265,e_002715,u_002715,2026-07-20 12:17:12 UTC,succeeded,1999
pa_003266,e_002716,u_002716,2026-07-20 17:50:06 UTC,succeeded,1999
pa_003267,e_002717,u_002717,2026-07-20 07:25:07 UTC,failed,1999
pa_003268,e_002717,u_002717,2026-07-20 07:27:07 UTC,succeeded,1999
pa_003269,e_002718,u_002718,2026-07-20 22:32:56 UTC,succeeded,1999
pa_003270,e_002719,u_002719,2026-07-20 00:54:46 UTC,succeeded,1999
pa_003271,e_002720,u_002720,2026-07-20 13:03:26 UTC,succeeded,1999
pa_003272,e_002721,u_002721,2026-07-20 18:47:52 UTC,succeeded,1999
pa_003273,e_002722,u_002722,2026-07-20 20:31:13 UTC,succeeded,1999
pa_003274,e_002723,u_002723,2026-07-20 08:25:31 UTC,succeeded,1999
pa_003275,e_002724,u_002724,2026-07-20 09:58:38 UTC,succeeded,1999
pa_003276,e_002725,u_002725,2026-07-20 04:48:34 UTC,succeeded,1999
pa_003277,e_002726,u_002726,2026-07-20 17:12:24 UTC,succeeded,1999
pa_003278,e_002727,u_002727,2026-07-20 12:51:56 UTC,succeeded,1999
pa_003279,e_002728,u_002728,2026-07-20 20:57:04 UTC,failed,1999
pa_003280,e_002728,u_002728,2026-07-20 20:59:04 UTC,failed,1999
pa_003281,e_002728,u_002728,2026-07-20 21:01:04 UTC,succeeded,1999
pa_003282,e_002729,u_002729,2026-07-20 11:38:13 UTC,succeeded,1999
pa_003283,e_002730,u_002730,2026-07-20 18:55:58 UTC,failed,1999
pa_003284,e_002730,u_002730,2026-07-20 18:57:58 UTC,failed,1999
pa_003285,e_002730,u_002730,2026-07-20 18:59:58 UTC,succeeded,1999
pa_003286,e_002731,u_002731,2026-07-20 06:00:57 UTC,succeeded,1999
pa_003287,e_002732,u_002732,2026-07-20 06:26:19 UTC,succeeded,1999
pa_003288,e_002733,u_002733,2026-07-20 18:25:46 UTC,succeeded,1999
pa_003289,e_002734,u_002734,2026-07-20 19:48:49 UTC,failed,1999
pa_003290,e_002734,u_002734,2026-07-20 19:50:49 UTC,failed,1999
pa_003291,e_002734,u_002734,2026-07-20 19:52:49 UTC,succeeded,1999
pa_003292,e_002735,u_002735,2026-07-20 06:25:53 UTC,succeeded,1999
pa_003293,e_002736,u_002736,2026-07-20 12:37:34 UTC,succeeded,1999
pa_003294,e_002737,u_002737,2026-07-20 18:20:35 UTC,succeeded,1999
pa_003295,e_002738,u_002738,2026-07-20 08:30:48 UTC,succeeded,1999
pa_003296,e_002739,u_002739,2026-07-20 01:29:41 UTC,failed,1999
pa_003297,e_002739,u_002739,2026-07-20 01:31:41 UTC,failed,1999
pa_003298,e_002739,u_002739,2026-07-20 01:33:41 UTC,succeeded,1999
pa_003299,e_002740,u_002740,2026-07-20 05:31:44 UTC,succeeded,1999
pa_003300,e_002741,u_002741,2026-07-20 19:56:01 UTC,succeeded,1999
pa_003301,e_002742,u_002742,2026-07-20 15:39:34 UTC,failed,1999
pa_003302,e_002742,u_002742,2026-07-20 15:41:34 UTC,failed,1999
pa_003303,e_002742,u_002742,2026-07-20 15:43:34 UTC,succeeded,1999
pa_003304,e_002743,u_002743,2026-07-20 04:07:37 UTC,succeeded,1999
pa_003305,e_002744,u_002744,2026-07-20 18:01:28 UTC,succeeded,1999
pa_003306,e_002745,u_002745,2026-07-20 05:42:33 UTC,succeeded,1999
pa_003307,e_002746,u_002746,2026-07-20 07:31:25 UTC,failed,1999
pa_003308,e_002746,u_002746,2026-07-20 07:33:25 UTC,succeeded,1999
pa_003309,e_002747,u_002747,2026-07-20 10:29:16 UTC,failed,1999
pa_003310,e_002747,u_002747,2026-07-20 10:31:16 UTC,failed,1999
pa_003311,e_002747,u_002747,2026-07-20 10:33:16 UTC,succeeded,1999
pa_003312,e_002748,u_002748,2026-07-20 10:42:49 UTC,failed,1999
pa_003313,e_002748,u_002748,2026-07-20 10:44:49 UTC,failed,1999
pa_003314,e_002748,u_002748,2026-07-20 10:46:49 UTC,succeeded,1999
pa_003315,e_002749,u_002749,2026-07-20 18:55:31 UTC,failed,1999
pa_003316,e_002749,u_002749,2026-07-20 18:57:31 UTC,failed,1999
pa_003317,e_002749,u_002749,2026-07-20 18:59:31 UTC,succeeded,1999
pa_003318,e_002750,u_002750,2026-07-21 01:50:14 UTC,succeeded,1999
pa_003319,e_002751,u_002751,2026-07-21 16:32:18 UTC,succeeded,1999
pa_003320,e_002752,u_002752,2026-07-21 17:54:06 UTC,failed,1999
pa_003321,e_002752,u_002752,2026-07-21 17:56:06 UTC,failed,1999
pa_003322,e_002752,u_002752,2026-07-21 17:58:06 UTC,failed,1999
pa_003323,e_002752,u_002752,2026-07-21 18:00:06 UTC,succeeded,1999
pa_003324,e_002753,u_002753,2026-07-21 06:18:44 UTC,succeeded,1999
pa_003325,e_002754,u_002754,2026-07-21 05:26:57 UTC,succeeded,1999
pa_003326,e_002755,u_002755,2026-07-21 19:44:27 UTC,succeeded,1999
pa_003327,e_002756,u_002756,2026-07-21 12:52:18 UTC,failed,1999
pa_003328,e_002756,u_002756,2026-07-21 12:54:18 UTC,failed,1999
pa_003329,e_002756,u_002756,2026-07-21 12:56:18 UTC,succeeded,1999
pa_003330,e_002757,u_002757,2026-07-21 10:59:48 UTC,succeeded,1999
pa_003331,e_002758,u_002758,2026-07-21 21:36:33 UTC,succeeded,1999
pa_003332,e_002759,u_002759,2026-07-21 23:13:57 UTC,failed,1999
pa_003333,e_002759,u_002759,2026-07-21 23:15:57 UTC,failed,1999
pa_003334,e_002759,u_002759,2026-07-21 23:17:57 UTC,failed,1999
pa_003335,e_002759,u_002759,2026-07-21 23:19:57 UTC,succeeded,1999
pa_003336,e_002760,u_002760,2026-07-21 18:14:50 UTC,failed,1999
pa_003337,e_002760,u_002760,2026-07-21 18:16:50 UTC,failed,1999
pa_003338,e_002760,u_002760,2026-07-21 18:18:50 UTC,failed,1999
pa_003339,e_002760,u_002760,2026-07-21 18:20:50 UTC,succeeded,1999
pa_003340,e_002761,u_002761,2026-07-21 13:38:36 UTC,succeeded,1999
pa_003341,e_002762,u_002762,2026-07-21 12:05:15 UTC,succeeded,1999
pa_003342,e_002763,u_002763,2026-07-21 22:34:54 UTC,succeeded,1999
pa_003343,e_002764,u_002764,2026-07-21 13:23:46 UTC,succeeded,1999
pa_003344,e_002765,u_002765,2026-07-21 21:14:42 UTC,succeeded,1999
pa_003345,e_002766,u_002766,2026-07-21 20:05:15 UTC,failed,1999
pa_003346,e_002766,u_002766,2026-07-21 20:07:15 UTC,failed,1999
pa_003347,e_002766,u_002766,2026-07-21 20:09:15 UTC,succeeded,1999
pa_003348,e_002767,u_002767,2026-07-21 16:52:06 UTC,succeeded,1999
pa_003349,e_002768,u_002768,2026-07-21 15:10:02 UTC,failed,1999
pa_003350,e_002768,u_002768,2026-07-21 15:12:02 UTC,failed,1999
pa_003351,e_002768,u_002768,2026-07-21 15:14:02 UTC,failed,1999
pa_003352,e_002768,u_002768,2026-07-21 15:16:02 UTC,succeeded,1999
pa_003353,e_002769,u_002769,2026-07-21 03:53:41 UTC,succeeded,1999
pa_003354,e_002770,u_002770,2026-07-21 15:01:41 UTC,failed,1999
pa_003355,e_002770,u_002770,2026-07-21 15:03:41 UTC,failed,1999
pa_003356,e_002770,u_002770,2026-07-21 15:05:41 UTC,failed,1999
pa_003357,e_002770,u_002770,2026-07-21 15:07:41 UTC,succeeded,1999
pa_003358,e_002771,u_002771,2026-07-21 19:31:19 UTC,succeeded,1999
pa_003359,e_002772,u_002772,2026-07-21 15:06:57 UTC,failed,1999
pa_003360,e_002772,u_002772,2026-07-21 15:08:57 UTC,failed,1999
pa_003361,e_002772,u_002772,2026-07-21 15:10:57 UTC,failed,1999
pa_003362,e_002772,u_002772,2026-07-21 15:12:57 UTC,succeeded,1999
pa_003363,e_002773,u_002773,2026-07-21 07:07:35 UTC,succeeded,1999
pa_003364,e_002774,u_002774,2026-07-21 23:54:39 UTC,succeeded,1999
pa_003365,e_002775,u_002775,2026-07-21 09:48:52 UTC,succeeded,1999
pa_003366,e_002776,u_002776,2026-07-21 08:50:01 UTC,succeeded,1999
pa_003367,e_002777,u_002777,2026-07-21 21:29:40 UTC,failed,1999
pa_003368,e_002777,u_002777,2026-07-21 21:31:40 UTC,failed,1999
pa_003369,e_002777,u_002777,2026-07-21 21:33:40 UTC,succeeded,1999
pa_003370,e_002778,u_002778,2026-07-21 02:52:01 UTC,succeeded,1999
pa_003371,e_002779,u_002779,2026-07-21 04:30:53 UTC,succeeded,1999
pa_003372,e_002780,u_002780,2026-07-21 14:10:25 UTC,succeeded,1999
pa_003373,e_002781,u_002781,2026-07-21 23:56:10 UTC,succeeded,1999
pa_003374,e_002782,u_002782,2026-07-21 21:58:21 UTC,succeeded,1999
pa_003375,e_002783,u_002783,2026-07-21 05:47:27 UTC,succeeded,1999
pa_003376,e_002784,u_002784,2026-07-21 21:06:30 UTC,failed,1999
pa_003377,e_002784,u_002784,2026-07-21 21:08:30 UTC,failed,1999
pa_003378,e_002784,u_002784,2026-07-21 21:10:30 UTC,succeeded,1999
pa_003379,e_002785,u_002785,2026-07-21 10:55:48 UTC,failed,1999
pa_003380,e_002785,u_002785,2026-07-21 10:57:48 UTC,failed,1999
pa_003381,e_002785,u_002785,2026-07-21 10:59:48 UTC,failed,1999
pa_003382,e_002785,u_002785,2026-07-21 11:01:48 UTC,succeeded,1999
pa_003383,e_002786,u_002786,2026-07-21 18:25:46 UTC,succeeded,1999
pa_003384,e_002787,u_002787,2026-07-21 13:16:49 UTC,succeeded,1999
pa_003385,e_002788,u_002788,2026-07-21 14:20:16 UTC,succeeded,1999
pa_003386,e_002789,u_002789,2026-07-21 21:20:53 UTC,failed,1999
pa_003387,e_002789,u_002789,2026-07-21 21:22:53 UTC,failed,1999
pa_003388,e_002789,u_002789,2026-07-21 21:24:53 UTC,succeeded,1999
pa_003389,e_002790,u_002790,2026-07-21 12:47:12 UTC,succeeded,1999
pa_003390,e_002791,u_002791,2026-07-21 09:11:48 UTC,succeeded,1999
pa_003391,e_002792,u_002792,2026-07-21 10:40:38 UTC,succeeded,1999
pa_003392,e_002793,u_002793,2026-07-21 11:34:05 UTC,succeeded,1999
pa_003393,e_002794,u_002794,2026-07-21 15:12:55 UTC,succeeded,1999
pa_003394,e_002795,u_002795,2026-07-21 22:50:43 UTC,succeeded,1999
pa_003395,e_002796,u_002796,2026-07-21 01:14:52 UTC,succeeded,1999
pa_003396,e_002797,u_002797,2026-07-21 23:05:56 UTC,succeeded,1999
pa_003397,e_002798,u_002798,2026-07-21 11:06:19 UTC,succeeded,1999
pa_003398,e_002799,u_002799,2026-07-21 01:21:19 UTC,failed,1999
pa_003399,e_002799,u_002799,2026-07-21 01:23:19 UTC,failed,1999
pa_003400,e_002799,u_002799,2026-07-21 01:25:19 UTC,succeeded,1999
pa_003401,e_002800,u_002800,2026-07-21 19:49:39 UTC,succeeded,1999
pa_003402,e_002801,u_002801,2026-07-21 18:19:23 UTC,failed,1999
pa_003403,e_002801,u_002801,2026-07-21 18:21:23 UTC,succeeded,1999
pa_003404,e_002802,u_002802,2026-07-21 16:37:31 UTC,failed,1999
pa_003405,e_002802,u_002802,2026-07-21 16:39:31 UTC,failed,1999
pa_003406,e_002802,u_002802,2026-07-21 16:41:31 UTC,succeeded,1999
pa_003407,e_002803,u_002803,2026-07-21 18:20:19 UTC,succeeded,1999
pa_003408,e_002804,u_002804,2026-07-21 02:51:40 UTC,succeeded,1999
pa_003409,e_002805,u_002805,2026-07-21 22:12:29 UTC,succeeded,1999
pa_003410,e_002806,u_002806,2026-07-21 12:46:29 UTC,failed,1999
pa_003411,e_002806,u_002806,2026-07-21 12:48:29 UTC,failed,1999
pa_003412,e_002806,u_002806,2026-07-21 12:50:29 UTC,succeeded,1999
pa_003413,e_002807,u_002807,2026-07-21 21:54:02 UTC,succeeded,1999
pa_003414,e_002808,u_002808,2026-07-21 23:36:59 UTC,succeeded,1999
pa_003415,e_002809,u_002809,2026-07-21 03:14:59 UTC,succeeded,1999
pa_003416,e_002810,u_002810,2026-07-21 15:18:08 UTC,failed,1999
pa_003417,e_002810,u_002810,2026-07-21 15:20:08 UTC,failed,1999
pa_003418,e_002810,u_002810,2026-07-21 15:22:08 UTC,succeeded,1999
pa_003419,e_002811,u_002811,2026-07-21 03:25:19 UTC,succeeded,1999
pa_003420,e_002812,u_002812,2026-07-21 17:20:27 UTC,failed,1999
pa_003421,e_002812,u_002812,2026-07-21 17:22:27 UTC,failed,1999
pa_003422,e_002812,u_002812,2026-07-21 17:24:27 UTC,failed,1999
pa_003423,e_002812,u_002812,2026-07-21 17:26:27 UTC,succeeded,1999
pa_003424,e_002813,u_002813,2026-07-21 18:45:49 UTC,succeeded,1999
pa_003425,e_002814,u_002814,2026-07-21 18:36:11 UTC,failed,1999
pa_003426,e_002814,u_002814,2026-07-21 18:38:11 UTC,failed,1999
pa_003427,e_002814,u_002814,2026-07-21 18:40:11 UTC,succeeded,1999
pa_003428,e_002815,u_002815,2026-07-21 19:23:57 UTC,succeeded,1999
pa_003429,e_002816,u_002816,2026-07-21 23:39:15 UTC,failed,1999
pa_003430,e_002816,u_002816,2026-07-21 23:41:15 UTC,failed,1999
pa_003431,e_002816,u_002816,2026-07-21 23:43:15 UTC,succeeded,1999
pa_003432,e_002817,u_002817,2026-07-21 04:25:29 UTC,succeeded,1999
pa_003433,e_002818,u_002818,2026-07-21 13:32:23 UTC,succeeded,1999
pa_003434,e_002819,u_002819,2026-07-21 22:10:13 UTC,succeeded,1999
pa_003435,e_002820,u_002820,2026-07-21 18:36:33 UTC,succeeded,1999
pa_003436,e_002821,u_002821,2026-07-21 17:25:59 UTC,succeeded,1999
pa_003437,e_002822,u_002822,2026-07-21 15:28:21 UTC,succeeded,1999
pa_003438,e_002823,u_002823,2026-07-21 20:00:40 UTC,succeeded,1999
pa_003439,e_002824,u_002824,2026-07-21 19:32:52 UTC,succeeded,1999
pa_003440,e_002825,u_002825,2026-07-21 05:13:06 UTC,failed,1999
pa_003441,e_002825,u_002825,2026-07-21 05:15:06 UTC,failed,1999
pa_003442,e_002825,u_002825,2026-07-21 05:17:06 UTC,failed,1999
pa_003443,e_002825,u_002825,2026-07-21 05:19:06 UTC,succeeded,1999
pa_003444,e_002826,u_002826,2026-07-21 18:28:14 UTC,failed,1999
pa_003445,e_002826,u_002826,2026-07-21 18:30:14 UTC,failed,1999
pa_003446,e_002826,u_002826,2026-07-21 18:32:14 UTC,failed,1999
pa_003447,e_002826,u_002826,2026-07-21 18:34:14 UTC,succeeded,1999
pa_003448,e_002827,u_002827,2026-07-21 06:18:53 UTC,failed,1999
pa_003449,e_002827,u_002827,2026-07-21 06:20:53 UTC,failed,1999
pa_003450,e_002827,u_002827,2026-07-21 06:22:53 UTC,failed,1999
pa_003451,e_002827,u_002827,2026-07-21 06:24:53 UTC,succeeded,1999
pa_003452,e_002828,u_002828,2026-07-21 13:43:35 UTC,failed,1999
pa_003453,e_002828,u_002828,2026-07-21 13:45:35 UTC,failed,1999
pa_003454,e_002828,u_002828,2026-07-21 13:47:35 UTC,succeeded,1999
pa_003455,e_002829,u_002829,2026-07-21 09:32:45 UTC,succeeded,1999
pa_003456,e_002830,u_002830,2026-07-21 20:31:26 UTC,succeeded,1999
pa_003457,e_002831,u_002831,2026-07-21 09:14:22 UTC,failed,1999
pa_003458,e_002831,u_002831,2026-07-21 09:16:22 UTC,failed,1999
pa_003459,e_002831,u_002831,2026-07-21 09:18:22 UTC,failed,1999
pa_003460,e_002831,u_002831,2026-07-21 09:20:22 UTC,succeeded,1999
pa_003461,e_002832,u_002832,2026-07-21 22:05:02 UTC,succeeded,1999
pa_003462,e_002833,u_002833,2026-07-21 20:39:17 UTC,succeeded,1999
pa_003463,e_002834,u_002834,2026-07-21 02:26:46 UTC,succeeded,1999
pa_003464,e_002835,u_002835,2026-07-21 14:41:04 UTC,succeeded,1999
pa_003465,e_002836,u_002836,2026-07-21 18:48:49 UTC,succeeded,1999
pa_003466,e_002837,u_002837,2026-07-21 19:59:37 UTC,failed,1999
pa_003467,e_002837,u_002837,2026-07-21 20:01:37 UTC,failed,1999
pa_003468,e_002837,u_002837,2026-07-21 20:03:37 UTC,failed,1999
pa_003469,e_002837,u_002837,2026-07-21 20:05:37 UTC,succeeded,1999
pa_003470,e_002838,u_002838,2026-07-21 00:29:25 UTC,succeeded,1999
pa_003471,e_002839,u_002839,2026-07-21 11:06:07 UTC,succeeded,1999
pa_003472,e_002840,u_002840,2026-07-21 15:58:19 UTC,succeeded,1999
pa_003473,e_002841,u_002841,2026-07-21 05:06:42 UTC,succeeded,1999
pa_003474,e_002842,u_002842,2026-07-21 00:49:34 UTC,failed,1999
pa_003475,e_002842,u_002842,2026-07-21 00:51:34 UTC,failed,1999
pa_003476,e_002842,u_002842,2026-07-21 00:53:34 UTC,succeeded,1999
pa_003477,e_002843,u_002843,2026-07-21 12:31:17 UTC,succeeded,1999
pa_003478,e_002844,u_002844,2026-07-21 04:18:16 UTC,succeeded,1999
pa_003479,e_002845,u_002845,2026-07-21 04:38:11 UTC,succeeded,1999
pa_003480,e_002846,u_002846,2026-07-21 05:08:55 UTC,succeeded,1999
pa_003481,e_002847,u_002847,2026-07-21 16:15:39 UTC,succeeded,1999
pa_003482,e_002848,u_002848,2026-07-21 18:04:20 UTC,succeeded,1999
pa_003483,e_002849,u_002849,2026-07-21 19:40:36 UTC,succeeded,1999
pa_003484,e_002850,u_002850,2026-07-21 20:19:59 UTC,succeeded,1999
pa_003485,e_002851,u_002851,2026-07-21 21:27:53 UTC,failed,1999
pa_003486,e_002851,u_002851,2026-07-21 21:29:53 UTC,failed,1999
pa_003487,e_002851,u_002851,2026-07-21 21:31:53 UTC,succeeded,1999
pa_003488,e_002852,u_002852,2026-07-21 15:32:59 UTC,succeeded,1999
pa_003489,e_002853,u_002853,2026-07-21 09:14:21 UTC,succeeded,1999
pa_003490,e_002854,u_002854,2026-07-21 03:13:54 UTC,succeeded,1999
pa_003491,e_002855,u_002855,2026-07-21 08:09:09 UTC,failed,1999
pa_003492,e_002855,u_002855,2026-07-21 08:11:09 UTC,failed,1999
pa_003493,e_002855,u_002855,2026-07-21 08:13:09 UTC,succeeded,1999
pa_003494,e_002856,u_002856,2026-07-21 12:02:16 UTC,failed,1999
pa_003495,e_002856,u_002856,2026-07-21 12:04:16 UTC,failed,1999
pa_003496,e_002856,u_002856,2026-07-21 12:06:16 UTC,succeeded,1999
pa_003497,e_002857,u_002857,2026-07-21 09:33:36 UTC,succeeded,1999
pa_003498,e_002858,u_002858,2026-07-21 13:47:01 UTC,succeeded,1999
pa_003499,e_002859,u_002859,2026-07-21 00:04:17 UTC,succeeded,1999
pa_003500,e_002860,u_002860,2026-07-22 16:41:47 UTC,succeeded,1999
pa_003501,e_002861,u_002861,2026-07-22 15:51:57 UTC,failed,1999
pa_003502,e_002861,u_002861,2026-07-22 15:53:57 UTC,succeeded,1999
pa_003503,e_002862,u_002862,2026-07-22 13:10:22 UTC,failed,1999
pa_003504,e_002862,u_002862,2026-07-22 13:12:22 UTC,succeeded,1999
pa_003505,e_002863,u_002863,2026-07-22 19:41:20 UTC,failed,1999
pa_003506,e_002863,u_002863,2026-07-22 19:43:20 UTC,failed,1999
pa_003507,e_002863,u_002863,2026-07-22 19:45:20 UTC,succeeded,1999
pa_003508,e_002864,u_002864,2026-07-22 16:18:02 UTC,succeeded,1999
pa_003509,e_002865,u_002865,2026-07-22 21:00:12 UTC,failed,1999
pa_003510,e_002865,u_002865,2026-07-22 21:02:12 UTC,failed,1999
pa_003511,e_002865,u_002865,2026-07-22 21:04:12 UTC,succeeded,1999
pa_003512,e_002866,u_002866,2026-07-22 04:13:52 UTC,succeeded,1999
pa_003513,e_002867,u_002867,2026-07-22 02:25:06 UTC,succeeded,1999
pa_003514,e_002868,u_002868,2026-07-22 17:34:57 UTC,succeeded,1999
pa_003515,e_002869,u_002869,2026-07-22 01:02:03 UTC,succeeded,1999
pa_003516,e_002870,u_002870,2026-07-22 14:43:18 UTC,failed,1999
pa_003517,e_002870,u_002870,2026-07-22 14:45:18 UTC,failed,1999
pa_003518,e_002870,u_002870,2026-07-22 14:47:18 UTC,succeeded,1999
pa_003519,e_002871,u_002871,2026-07-22 07:37:44 UTC,succeeded,1999
pa_003520,e_002872,u_002872,2026-07-22 17:12:33 UTC,succeeded,1999
pa_003521,e_002873,u_002873,2026-07-22 05:01:17 UTC,succeeded,1999
pa_003522,e_002874,u_002874,2026-07-22 05:24:49 UTC,succeeded,1999
pa_003523,e_002875,u_002875,2026-07-22 22:45:19 UTC,succeeded,1999
pa_003524,e_002876,u_002876,2026-07-22 14:44:41 UTC,succeeded,1999
pa_003525,e_002877,u_002877,2026-07-22 20:24:26 UTC,failed,1999
pa_003526,e_002877,u_002877,2026-07-22 20:26:26 UTC,succeeded,1999
pa_003527,e_002878,u_002878,2026-07-22 09:59:45 UTC,succeeded,1999
pa_003528,e_002879,u_002879,2026-07-22 03:23:46 UTC,failed,1999
pa_003529,e_002879,u_002879,2026-07-22 03:25:46 UTC,failed,1999
pa_003530,e_002879,u_002879,2026-07-22 03:27:46 UTC,succeeded,1999
pa_003531,e_002880,u_002880,2026-07-22 02:00:19 UTC,failed,1999
pa_003532,e_002880,u_002880,2026-07-22 02:02:19 UTC,failed,1999
pa_003533,e_002880,u_002880,2026-07-22 02:04:19 UTC,succeeded,1999
pa_003534,e_002881,u_002881,2026-07-22 17:40:01 UTC,succeeded,1999
pa_003535,e_002882,u_002882,2026-07-22 13:03:17 UTC,failed,1999
pa_003536,e_002882,u_002882,2026-07-22 13:05:17 UTC,succeeded,1999
pa_003537,e_002883,u_002883,2026-07-22 02:01:43 UTC,failed,1999
pa_003538,e_002883,u_002883,2026-07-22 02:03:43 UTC,failed,1999
pa_003539,e_002883,u_002883,2026-07-22 02:05:43 UTC,succeeded,1999
pa_003540,e_002884,u_002884,2026-07-22 16:05:23 UTC,succeeded,1999
pa_003541,e_002885,u_002885,2026-07-22 09:20:53 UTC,succeeded,1999
pa_003542,e_002886,u_002886,2026-07-22 01:44:08 UTC,succeeded,1999
pa_003543,e_002887,u_002887,2026-07-22 23:19:18 UTC,failed,1999
pa_003544,e_002887,u_002887,2026-07-22 23:21:18 UTC,failed,1999
pa_003545,e_002887,u_002887,2026-07-22 23:23:18 UTC,failed,1999
pa_003546,e_002887,u_002887,2026-07-22 23:25:18 UTC,succeeded,1999
pa_003547,e_002888,u_002888,2026-07-22 06:23:21 UTC,succeeded,1999
pa_003548,e_002889,u_002889,2026-07-22 00:23:06 UTC,failed,1999
pa_003549,e_002889,u_002889,2026-07-22 00:25:06 UTC,failed,1999
pa_003550,e_002889,u_002889,2026-07-22 00:27:06 UTC,succeeded,1999
pa_003551,e_002890,u_002890,2026-07-22 09:43:37 UTC,succeeded,1999
pa_003552,e_002891,u_002891,2026-07-22 16:24:45 UTC,succeeded,1999
pa_003553,e_002892,u_002892,2026-07-22 15:30:20 UTC,succeeded,1999
pa_003554,e_002893,u_002893,2026-07-22 16:03:31 UTC,succeeded,1999
pa_003555,e_002894,u_002894,2026-07-22 20:17:01 UTC,succeeded,1999
pa_003556,e_002895,u_002895,2026-07-22 22:08:45 UTC,succeeded,1999
pa_003557,e_002896,u_002896,2026-07-22 06:55:42 UTC,failed,1999
pa_003558,e_002896,u_002896,2026-07-22 06:57:42 UTC,failed,1999
pa_003559,e_002896,u_002896,2026-07-22 06:59:42 UTC,succeeded,1999
pa_003560,e_002897,u_002897,2026-07-22 03:41:18 UTC,failed,1999
pa_003561,e_002897,u_002897,2026-07-22 03:43:18 UTC,failed,1999
pa_003562,e_002897,u_002897,2026-07-22 03:45:18 UTC,succeeded,1999
pa_003563,e_002898,u_002898,2026-07-22 06:19:46 UTC,succeeded,1999
pa_003564,e_002899,u_002899,2026-07-22 05:40:55 UTC,succeeded,1999
pa_003565,e_002900,u_002900,2026-07-22 06:07:28 UTC,failed,1999
pa_003566,e_002900,u_002900,2026-07-22 06:09:28 UTC,failed,1999
pa_003567,e_002900,u_002900,2026-07-22 06:11:28 UTC,failed,1999
pa_003568,e_002900,u_002900,2026-07-22 06:13:28 UTC,succeeded,1999
pa_003569,e_002901,u_002901,2026-07-22 12:25:51 UTC,succeeded,1999
pa_003570,e_002902,u_002902,2026-07-22 18:00:24 UTC,succeeded,1999
pa_003571,e_002903,u_002903,2026-07-22 09:53:34 UTC,succeeded,1999
pa_003572,e_002904,u_002904,2026-07-22 21:24:30 UTC,failed,1999
pa_003573,e_002904,u_002904,2026-07-22 21:26:30 UTC,failed,1999
pa_003574,e_002904,u_002904,2026-07-22 21:28:30 UTC,succeeded,1999
pa_003575,e_002905,u_002905,2026-07-22 21:08:42 UTC,failed,1999
pa_003576,e_002905,u_002905,2026-07-22 21:10:42 UTC,failed,1999
pa_003577,e_002905,u_002905,2026-07-22 21:12:42 UTC,failed,1999
pa_003578,e_002905,u_002905,2026-07-22 21:14:42 UTC,succeeded,1999
pa_003579,e_002906,u_002906,2026-07-22 06:43:28 UTC,succeeded,1999
pa_003580,e_002907,u_002907,2026-07-22 01:35:08 UTC,succeeded,1999
pa_003581,e_002908,u_002908,2026-07-22 00:39:24 UTC,succeeded,1999
pa_003582,e_002909,u_002909,2026-07-22 12:58:36 UTC,succeeded,1999
pa_003583,e_002910,u_002910,2026-07-22 18:12:50 UTC,succeeded,1999
pa_003584,e_002911,u_002911,2026-07-22 12:49:39 UTC,succeeded,1999
pa_003585,e_002912,u_002912,2026-07-22 18:44:58 UTC,succeeded,1999
pa_003586,e_002913,u_002913,2026-07-22 08:07:46 UTC,failed,1999
pa_003587,e_002913,u_002913,2026-07-22 08:09:46 UTC,failed,1999
pa_003588,e_002913,u_002913,2026-07-22 08:11:46 UTC,failed,1999
pa_003589,e_002913,u_002913,2026-07-22 08:13:46 UTC,succeeded,1999
pa_003590,e_002914,u_002914,2026-07-22 11:55:11 UTC,failed,1999
pa_003591,e_002914,u_002914,2026-07-22 11:57:11 UTC,failed,1999
pa_003592,e_002914,u_002914,2026-07-22 11:59:11 UTC,succeeded,1999
pa_003593,e_002915,u_002915,2026-07-22 17:01:52 UTC,failed,1999
pa_003594,e_002915,u_002915,2026-07-22 17:03:52 UTC,failed,1999
pa_003595,e_002915,u_002915,2026-07-22 17:05:52 UTC,succeeded,1999
pa_003596,e_002916,u_002916,2026-07-22 12:04:17 UTC,succeeded,1999
pa_003597,e_002917,u_002917,2026-07-22 11:36:33 UTC,succeeded,1999
pa_003598,e_002918,u_002918,2026-07-22 12:25:03 UTC,succeeded,1999
pa_003599,e_002919,u_002919,2026-07-22 22:38:28 UTC,failed,1999
pa_003600,e_002919,u_002919,2026-07-22 22:40:28 UTC,failed,1999
pa_003601,e_002919,u_002919,2026-07-22 22:42:28 UTC,failed,1999
pa_003602,e_002919,u_002919,2026-07-22 22:44:28 UTC,succeeded,1999
pa_003603,e_002920,u_002920,2026-07-22 20:59:16 UTC,succeeded,1999
pa_003604,e_002921,u_002921,2026-07-22 10:56:56 UTC,failed,1999
pa_003605,e_002921,u_002921,2026-07-22 10:58:56 UTC,failed,1999
pa_003606,e_002921,u_002921,2026-07-22 11:00:56 UTC,failed,1999
pa_003607,e_002921,u_002921,2026-07-22 11:02:56 UTC,succeeded,1999
pa_003608,e_002922,u_002922,2026-07-22 17:46:17 UTC,succeeded,1999
pa_003609,e_002923,u_002923,2026-07-22 03:20:03 UTC,succeeded,1999
pa_003610,e_002924,u_002924,2026-07-22 04:19:05 UTC,succeeded,1999
pa_003611,e_002925,u_002925,2026-07-22 03:33:38 UTC,succeeded,1999
pa_003612,e_002926,u_002926,2026-07-22 06:36:07 UTC,succeeded,1999
pa_003613,e_002927,u_002927,2026-07-22 22:17:20 UTC,succeeded,1999
pa_003614,e_002928,u_002928,2026-07-22 23:15:28 UTC,failed,1999
pa_003615,e_002928,u_002928,2026-07-22 23:17:28 UTC,failed,1999
pa_003616,e_002928,u_002928,2026-07-22 23:19:28 UTC,failed,1999
pa_003617,e_002928,u_002928,2026-07-22 23:21:28 UTC,succeeded,1999
pa_003618,e_002929,u_002929,2026-07-22 18:16:09 UTC,succeeded,1999
pa_003619,e_002930,u_002930,2026-07-22 13:13:52 UTC,succeeded,1999
pa_003620,e_002931,u_002931,2026-07-22 09:27:27 UTC,failed,1999
pa_003621,e_002931,u_002931,2026-07-22 09:29:27 UTC,failed,1999
pa_003622,e_002931,u_002931,2026-07-22 09:31:27 UTC,succeeded,1999
pa_003623,e_002932,u_002932,2026-07-22 02:28:23 UTC,succeeded,1999
pa_003624,e_002933,u_002933,2026-07-22 01:13:04 UTC,succeeded,1999
pa_003625,e_002934,u_002934,2026-07-22 17:56:19 UTC,succeeded,1999
pa_003626,e_002935,u_002935,2026-07-22 02:04:00 UTC,succeeded,1999
pa_003627,e_002936,u_002936,2026-07-22 03:51:29 UTC,succeeded,1999
pa_003628,e_002937,u_002937,2026-07-22 17:36:06 UTC,succeeded,1999
pa_003629,e_002938,u_002938,2026-07-22 04:46:54 UTC,succeeded,1999
pa_003630,e_002939,u_002939,2026-07-22 01:06:13 UTC,succeeded,1999
pa_003631,e_002940,u_002940,2026-07-22 08:18:25 UTC,succeeded,1999
pa_003632,e_002941,u_002941,2026-07-22 10:22:11 UTC,succeeded,1999
pa_003633,e_002942,u_002942,2026-07-22 21:20:07 UTC,succeeded,1999
pa_003634,e_002943,u_002943,2026-07-22 11:13:57 UTC,succeeded,1999
pa_003635,e_002944,u_002944,2026-07-22 00:25:52 UTC,succeeded,1999
pa_003636,e_002945,u_002945,2026-07-22 09:27:32 UTC,succeeded,1999
pa_003637,e_002946,u_002946,2026-07-22 06:15:32 UTC,failed,1999
pa_003638,e_002946,u_002946,2026-07-22 06:17:32 UTC,succeeded,1999
pa_003639,e_002947,u_002947,2026-07-22 14:37:55 UTC,succeeded,1999
pa_003640,e_002948,u_002948,2026-07-22 15:13:57 UTC,failed,1999
pa_003641,e_002948,u_002948,2026-07-22 15:15:57 UTC,failed,1999
pa_003642,e_002948,u_002948,2026-07-22 15:17:57 UTC,failed,1999
pa_003643,e_002948,u_002948,2026-07-22 15:19:57 UTC,succeeded,1999
pa_003644,e_002949,u_002949,2026-07-22 14:34:08 UTC,succeeded,1999
pa_003645,e_002950,u_002950,2026-07-22 00:24:53 UTC,succeeded,1999
pa_003646,e_002951,u_002951,2026-07-22 14:52:14 UTC,failed,1999
pa_003647,e_002951,u_002951,2026-07-22 14:54:14 UTC,failed,1999
pa_003648,e_002951,u_002951,2026-07-22 14:56:14 UTC,failed,1999
pa_003649,e_002951,u_002951,2026-07-22 14:58:14 UTC,succeeded,1999
pa_003650,e_002952,u_002952,2026-07-22 22:07:43 UTC,succeeded,1999
pa_003651,e_002953,u_002953,2026-07-22 19:22:55 UTC,succeeded,1999
pa_003652,e_002954,u_002954,2026-07-22 11:34:34 UTC,failed,1999
pa_003653,e_002954,u_002954,2026-07-22 11:36:34 UTC,failed,1999
pa_003654,e_002954,u_002954,2026-07-22 11:38:34 UTC,succeeded,1999
pa_003655,e_002955,u_002955,2026-07-22 11:44:42 UTC,succeeded,1999
pa_003656,e_002956,u_002956,2026-07-22 13:21:00 UTC,failed,1999
pa_003657,e_002956,u_002956,2026-07-22 13:23:00 UTC,failed,1999
pa_003658,e_002956,u_002956,2026-07-22 13:25:00 UTC,succeeded,1999
pa_003659,e_002957,u_002957,2026-07-22 14:56:55 UTC,failed,1999
pa_003660,e_002957,u_002957,2026-07-22 14:58:55 UTC,failed,1999
pa_003661,e_002957,u_002957,2026-07-22 15:00:55 UTC,succeeded,1999
pa_003662,e_002958,u_002958,2026-07-22 02:19:35 UTC,succeeded,1999
pa_003663,e_002959,u_002959,2026-07-22 09:30:22 UTC,succeeded,1999
pa_003664,e_002960,u_002960,2026-07-22 03:11:52 UTC,succeeded,1999
pa_003665,e_002961,u_002961,2026-07-22 21:41:32 UTC,succeeded,1999
pa_003666,e_002962,u_002962,2026-07-22 08:52:18 UTC,succeeded,1999
pa_003667,e_002963,u_002963,2026-07-22 16:42:03 UTC,succeeded,1999
pa_003668,e_002964,u_002964,2026-07-22 15:01:53 UTC,succeeded,1999
pa_003669,e_002965,u_002965,2026-07-22 21:08:00 UTC,succeeded,1999
pa_003670,e_002966,u_002966,2026-07-22 22:24:40 UTC,succeeded,1999
pa_003671,e_002967,u_002967,2026-07-22 17:17:19 UTC,failed,1999
pa_003672,e_002967,u_002967,2026-07-22 17:19:19 UTC,failed,1999
pa_003673,e_002967,u_002967,2026-07-22 17:21:19 UTC,succeeded,1999
pa_003674,e_002968,u_002968,2026-07-22 14:12:53 UTC,succeeded,1999
pa_003675,e_002969,u_002969,2026-07-22 09:08:23 UTC,succeeded,1999
pa_003676,e_002970,u_002970,2026-07-22 18:00:42 UTC,succeeded,1999
pa_003677,e_002971,u_002971,2026-07-22 00:15:32 UTC,failed,1999
pa_003678,e_002971,u_002971,2026-07-22 00:17:32 UTC,failed,1999
pa_003679,e_002971,u_002971,2026-07-22 00:19:32 UTC,succeeded,1999
pa_003680,e_002972,u_002972,2026-07-22 22:10:27 UTC,failed,1999
pa_003681,e_002972,u_002972,2026-07-22 22:12:27 UTC,failed,1999
pa_003682,e_002972,u_002972,2026-07-22 22:14:27 UTC,succeeded,1999
pa_003683,e_002973,u_002973,2026-07-22 06:45:13 UTC,succeeded,1999
pa_003684,e_002974,u_002974,2026-07-22 20:40:28 UTC,failed,1999
pa_003685,e_002974,u_002974,2026-07-22 20:42:28 UTC,failed,1999
pa_003686,e_002974,u_002974,2026-07-22 20:44:28 UTC,failed,1999
pa_003687,e_002974,u_002974,2026-07-22 20:46:28 UTC,succeeded,1999
pa_003688,e_002975,u_002975,2026-07-22 00:41:36 UTC,succeeded,1999
pa_003689,e_002976,u_002976,2026-07-22 06:51:01 UTC,failed,1999
pa_003690,e_002976,u_002976,2026-07-22 06:53:01 UTC,failed,1999
pa_003691,e_002976,u_002976,2026-07-22 06:55:01 UTC,succeeded,1999
pa_003692,e_002977,u_002977,2026-07-22 17:38:28 UTC,succeeded,1999
pa_003693,e_002978,u_002978,2026-07-22 23:30:14 UTC,failed,1999
pa_003694,e_002978,u_002978,2026-07-22 23:32:14 UTC,failed,1999
pa_003695,e_002978,u_002978,2026-07-22 23:34:14 UTC,succeeded,1999
pa_003696,e_002979,u_002979,2026-07-22 07:54:27 UTC,succeeded,1999
pa_003697,e_002980,u_002980,2026-07-22 04:56:22 UTC,succeeded,1999
pa_003698,e_002981,u_002981,2026-07-22 02:53:48 UTC,failed,1999
pa_003699,e_002981,u_002981,2026-07-22 02:55:48 UTC,succeeded,1999
pa_003700,e_002982,u_002982,2026-07-22 14:16:20 UTC,succeeded,1999
pa_003701,e_002983,u_002983,2026-07-22 17:49:40 UTC,failed,1999
pa_003702,e_002983,u_002983,2026-07-22 17:51:40 UTC,succeeded,1999
pa_003703,e_002984,u_002984,2026-07-22 21:50:37 UTC,succeeded,1999
pa_003704,e_002985,u_002985,2026-07-22 08:58:58 UTC,succeeded,1999
pa_003705,e_002986,u_002986,2026-07-22 14:25:46 UTC,succeeded,1999
pa_003706,e_002987,u_002987,2026-07-22 04:59:37 UTC,succeeded,1999
pa_003707,e_002988,u_002988,2026-07-22 07:53:29 UTC,failed,1999
pa_003708,e_002988,u_002988,2026-07-22 07:55:29 UTC,succeeded,1999
pa_003709,e_002989,u_002989,2026-07-22 18:15:08 UTC,succeeded,1999
pa_003710,e_002990,u_002990,2026-07-22 20:03:16 UTC,succeeded,1999
pa_003711,e_002991,u_002991,2026-07-22 16:23:50 UTC,failed,1999
pa_003712,e_002991,u_002991,2026-07-22 16:25:50 UTC,failed,1999
pa_003713,e_002991,u_002991,2026-07-22 16:27:50 UTC,succeeded,1999
pa_003714,e_002992,u_002992,2026-07-22 13:45:13 UTC,succeeded,1999
pa_003715,e_002993,u_002993,2026-07-22 04:09:35 UTC,failed,1999
pa_003716,e_002993,u_002993,2026-07-22 04:11:35 UTC,failed,1999
pa_003717,e_002993,u_002993,2026-07-22 04:13:35 UTC,failed,1999
pa_003718,e_002993,u_002993,2026-07-22 04:15:35 UTC,succeeded,1999
pa_003719,e_002994,u_002994,2026-07-22 22:14:31 UTC,failed,1999
pa_003720,e_002994,u_002994,2026-07-22 22:16:31 UTC,failed,1999
pa_003721,e_002994,u_002994,2026-07-22 22:18:31 UTC,succeeded,1999
pa_003722,e_002995,u_002995,2026-07-22 20:48:09 UTC,failed,1999
pa_003723,e_002995,u_002995,2026-07-22 20:50:09 UTC,failed,1999
pa_003724,e_002995,u_002995,2026-07-22 20:52:09 UTC,succeeded,1999
pa_003725,e_002996,u_002996,2026-07-22 09:45:05 UTC,failed,1999
pa_003726,e_002996,u_002996,2026-07-22 09:47:05 UTC,succeeded,1999
pa_003727,e_002997,u_002997,2026-07-23 20:02:38 UTC,succeeded,1999
pa_003728,e_002998,u_002998,2026-07-23 20:59:59 UTC,succeeded,1999
pa_003729,e_002999,u_002999,2026-07-23 15:21:07 UTC,succeeded,1999
pa_003730,e_003000,u_003000,2026-07-23 17:48:19 UTC,succeeded,1999
pa_003731,e_003001,u_003001,2026-07-23 09:03:38 UTC,failed,1999
pa_003732,e_003001,u_003001,2026-07-23 09:05:38 UTC,failed,1999
pa_003733,e_003001,u_003001,2026-07-23 09:07:38 UTC,succeeded,1999
pa_003734,e_003002,u_003002,2026-07-23 00:38:24 UTC,succeeded,1999
pa_003735,e_003003,u_003003,2026-07-23 22:39:29 UTC,succeeded,1999
pa_003736,e_003004,u_003004,2026-07-23 11:38:01 UTC,failed,1999
pa_003737,e_003004,u_003004,2026-07-23 11:40:01 UTC,failed,1999
pa_003738,e_003004,u_003004,2026-07-23 11:42:01 UTC,failed,1999
pa_003739,e_003004,u_003004,2026-07-23 11:44:01 UTC,succeeded,1999
pa_003740,e_003005,u_003005,2026-07-23 15:34:07 UTC,failed,1999
pa_003741,e_003005,u_003005,2026-07-23 15:36:07 UTC,failed,1999
pa_003742,e_003005,u_003005,2026-07-23 15:38:07 UTC,failed,1999
pa_003743,e_003005,u_003005,2026-07-23 15:40:07 UTC,succeeded,1999
pa_003744,e_003006,u_003006,2026-07-23 15:52:14 UTC,succeeded,1999
pa_003745,e_003007,u_003007,2026-07-23 16:09:16 UTC,succeeded,1999
pa_003746,e_003008,u_003008,2026-07-23 12:18:06 UTC,succeeded,1999
pa_003747,e_003009,u_003009,2026-07-23 18:08:09 UTC,succeeded,1999
pa_003748,e_003010,u_003010,2026-07-23 05:02:55 UTC,failed,1999
pa_003749,e_003010,u_003010,2026-07-23 05:04:55 UTC,failed,1999
pa_003750,e_003010,u_003010,2026-07-23 05:06:55 UTC,succeeded,1999
pa_003751,e_003011,u_003011,2026-07-23 12:47:28 UTC,succeeded,1999
pa_003752,e_003012,u_003012,2026-07-23 03:24:34 UTC,succeeded,1999
pa_003753,e_003013,u_003013,2026-07-23 16:13:18 UTC,failed,1999
pa_003754,e_003013,u_003013,2026-07-23 16:15:18 UTC,failed,1999
pa_003755,e_003013,u_003013,2026-07-23 16:17:18 UTC,succeeded,1999
pa_003756,e_003014,u_003014,2026-07-23 13:11:14 UTC,failed,1999
pa_003757,e_003014,u_003014,2026-07-23 13:13:14 UTC,failed,1999
pa_003758,e_003014,u_003014,2026-07-23 13:15:14 UTC,succeeded,1999
pa_003759,e_003015,u_003015,2026-07-23 14:28:36 UTC,succeeded,1999
pa_003760,e_003016,u_003016,2026-07-23 21:44:50 UTC,succeeded,1999
pa_003761,e_003017,u_003017,2026-07-23 05:25:26 UTC,failed,1999
pa_003762,e_003017,u_003017,2026-07-23 05:27:26 UTC,succeeded,1999
pa_003763,e_003018,u_003018,2026-07-23 15:13:40 UTC,succeeded,1999
pa_003764,e_003019,u_003019,2026-07-23 17:29:24 UTC,succeeded,1999
pa_003765,e_003020,u_003020,2026-07-23 21:33:17 UTC,succeeded,1999
pa_003766,e_003021,u_003021,2026-07-23 10:29:59 UTC,succeeded,1999
pa_003767,e_003022,u_003022,2026-07-23 22:24:55 UTC,succeeded,1999
pa_003768,e_003023,u_003023,2026-07-23 23:10:52 UTC,succeeded,1999
pa_003769,e_003024,u_003024,2026-07-23 23:07:45 UTC,succeeded,1999
pa_003770,e_003025,u_003025,2026-07-23 21:30:12 UTC,succeeded,1999
pa_003771,e_003026,u_003026,2026-07-23 23:20:01 UTC,succeeded,1999
pa_003772,e_003027,u_003027,2026-07-23 00:55:18 UTC,succeeded,1999
pa_003773,e_003028,u_003028,2026-07-23 02:52:01 UTC,failed,1999
pa_003774,e_003028,u_003028,2026-07-23 02:54:01 UTC,failed,1999
pa_003775,e_003028,u_003028,2026-07-23 02:56:01 UTC,failed,1999
pa_003776,e_003028,u_003028,2026-07-23 02:58:01 UTC,succeeded,1999
pa_003777,e_003029,u_003029,2026-07-23 19:28:29 UTC,succeeded,1999
pa_003778,e_003030,u_003030,2026-07-23 16:01:59 UTC,failed,1999
pa_003779,e_003030,u_003030,2026-07-23 16:03:59 UTC,failed,1999
pa_003780,e_003030,u_003030,2026-07-23 16:05:59 UTC,succeeded,1999
pa_003781,e_003031,u_003031,2026-07-23 19:31:06 UTC,succeeded,1999
pa_003782,e_003032,u_003032,2026-07-23 18:57:10 UTC,succeeded,1999
pa_003783,e_003033,u_003033,2026-07-23 02:30:21 UTC,succeeded,1999
pa_003784,e_003034,u_003034,2026-07-23 23:05:18 UTC,succeeded,1999
pa_003785,e_003035,u_003035,2026-07-23 08:28:48 UTC,succeeded,1999
pa_003786,e_003036,u_003036,2026-07-23 15:51:40 UTC,failed,1999
pa_003787,e_003036,u_003036,2026-07-23 15:53:40 UTC,failed,1999
pa_003788,e_003036,u_003036,2026-07-23 15:55:40 UTC,failed,1999
pa_003789,e_003036,u_003036,2026-07-23 15:57:40 UTC,succeeded,1999
pa_003790,e_003037,u_003037,2026-07-23 00:47:09 UTC,succeeded,1999
pa_003791,e_003038,u_003038,2026-07-23 05:15:55 UTC,succeeded,1999
pa_003792,e_003039,u_003039,2026-07-23 17:57:18 UTC,succeeded,1999
pa_003793,e_003040,u_003040,2026-07-23 05:41:24 UTC,succeeded,1999
pa_003794,e_003041,u_003041,2026-07-23 15:35:25 UTC,succeeded,1999
pa_003795,e_003042,u_003042,2026-07-23 09:54:04 UTC,succeeded,1999
pa_003796,e_003043,u_003043,2026-07-23 03:27:10 UTC,succeeded,1999
pa_003797,e_003044,u_003044,2026-07-23 04:06:21 UTC,succeeded,1999
pa_003798,e_003045,u_003045,2026-07-23 01:16:34 UTC,failed,1999
pa_003799,e_003045,u_003045,2026-07-23 01:18:34 UTC,failed,1999
pa_003800,e_003045,u_003045,2026-07-23 01:20:34 UTC,succeeded,1999
pa_003801,e_003046,u_003046,2026-07-23 02:37:14 UTC,failed,1999
pa_003802,e_003046,u_003046,2026-07-23 02:39:14 UTC,failed,1999
pa_003803,e_003046,u_003046,2026-07-23 02:41:14 UTC,failed,1999
pa_003804,e_003046,u_003046,2026-07-23 02:43:14 UTC,succeeded,1999
pa_003805,e_003047,u_003047,2026-07-23 22:23:01 UTC,succeeded,1999
pa_003806,e_003048,u_003048,2026-07-23 12:55:21 UTC,succeeded,1999
pa_003807,e_003049,u_003049,2026-07-23 17:54:15 UTC,succeeded,1999
pa_003808,e_003050,u_003050,2026-07-23 10:13:50 UTC,succeeded,1999
pa_003809,e_003051,u_003051,2026-07-23 11:21:35 UTC,succeeded,1999
pa_003810,e_003052,u_003052,2026-07-23 14:04:56 UTC,succeeded,1999
pa_003811,e_003053,u_003053,2026-07-23 06:51:00 UTC,succeeded,1999
pa_003812,e_003054,u_003054,2026-07-23 08:01:10 UTC,succeeded,1999
pa_003813,e_003055,u_003055,2026-07-23 21:21:08 UTC,succeeded,1999
pa_003814,e_003056,u_003056,2026-07-23 00:15:32 UTC,failed,1999
pa_003815,e_003056,u_003056,2026-07-23 00:17:32 UTC,failed,1999
pa_003816,e_003056,u_003056,2026-07-23 00:19:32 UTC,failed,1999
pa_003817,e_003056,u_003056,2026-07-23 00:21:32 UTC,succeeded,1999
pa_003818,e_003057,u_003057,2026-07-23 15:53:53 UTC,failed,1999
pa_003819,e_003057,u_003057,2026-07-23 15:55:53 UTC,failed,1999
pa_003820,e_003057,u_003057,2026-07-23 15:57:53 UTC,failed,1999
pa_003821,e_003057,u_003057,2026-07-23 15:59:53 UTC,succeeded,1999
pa_003822,e_003058,u_003058,2026-07-23 19:45:39 UTC,succeeded,1999
pa_003823,e_003059,u_003059,2026-07-23 12:32:21 UTC,succeeded,1999
pa_003824,e_003060,u_003060,2026-07-23 17:55:07 UTC,failed,1999
pa_003825,e_003060,u_003060,2026-07-23 17:57:07 UTC,succeeded,1999
pa_003826,e_003061,u_003061,2026-07-23 15:26:07 UTC,succeeded,1999
pa_003827,e_003062,u_003062,2026-07-23 00:10:03 UTC,succeeded,1999
pa_003828,e_003063,u_003063,2026-07-23 06:35:49 UTC,succeeded,1999
pa_003829,e_003064,u_003064,2026-07-23 19:34:33 UTC,succeeded,1999
pa_003830,e_003065,u_003065,2026-07-23 09:52:13 UTC,succeeded,1999
pa_003831,e_003066,u_003066,2026-07-23 12:07:06 UTC,succeeded,1999
pa_003832,e_003067,u_003067,2026-07-23 22:19:34 UTC,succeeded,1999
pa_003833,e_003068,u_003068,2026-07-23 09:46:39 UTC,succeeded,1999
pa_003834,e_003069,u_003069,2026-07-23 02:42:40 UTC,succeeded,1999
pa_003835,e_003070,u_003070,2026-07-23 13:16:59 UTC,succeeded,1999
pa_003836,e_003071,u_003071,2026-07-23 13:55:07 UTC,succeeded,1999
pa_003837,e_003072,u_003072,2026-07-23 16:13:11 UTC,succeeded,1999
pa_003838,e_003073,u_003073,2026-07-23 07:02:47 UTC,succeeded,1999
pa_003839,e_003074,u_003074,2026-07-23 13:24:09 UTC,succeeded,1999
pa_003840,e_003075,u_003075,2026-07-23 18:40:29 UTC,succeeded,1999
pa_003841,e_003076,u_003076,2026-07-23 12:08:50 UTC,succeeded,1999
pa_003842,e_003077,u_003077,2026-07-23 20:06:24 UTC,succeeded,1999
pa_003843,e_003078,u_003078,2026-07-23 23:28:20 UTC,succeeded,1999
pa_003844,e_003079,u_003079,2026-07-23 17:08:56 UTC,succeeded,1999
pa_003845,e_003080,u_003080,2026-07-23 20:06:31 UTC,succeeded,1999
pa_003846,e_003081,u_003081,2026-07-23 13:19:43 UTC,failed,1999
pa_003847,e_003081,u_003081,2026-07-23 13:21:43 UTC,failed,1999
pa_003848,e_003081,u_003081,2026-07-23 13:23:43 UTC,succeeded,1999
pa_003849,e_003082,u_003082,2026-07-23 23:08:30 UTC,succeeded,1999
pa_003850,e_003083,u_003083,2026-07-23 12:32:12 UTC,succeeded,1999
pa_003851,e_003084,u_003084,2026-07-23 15:54:49 UTC,succeeded,1999
pa_003852,e_003085,u_003085,2026-07-23 07:18:12 UTC,succeeded,1999
pa_003853,e_003086,u_003086,2026-07-23 00:12:40 UTC,succeeded,1999
pa_003854,e_003087,u_003087,2026-07-23 23:49:14 UTC,succeeded,1999
pa_003855,e_003088,u_003088,2026-07-23 10:47:34 UTC,failed,1999
pa_003856,e_003088,u_003088,2026-07-23 10:49:34 UTC,failed,1999
pa_003857,e_003088,u_003088,2026-07-23 10:51:34 UTC,succeeded,1999
pa_003858,e_003089,u_003089,2026-07-23 03:34:13 UTC,succeeded,1999
pa_003859,e_003090,u_003090,2026-07-23 00:16:40 UTC,succeeded,1999
pa_003860,e_003091,u_003091,2026-07-23 23:50:57 UTC,failed,1999
pa_003861,e_003091,u_003091,2026-07-23 23:52:57 UTC,failed,1999
pa_003862,e_003091,u_003091,2026-07-23 23:54:57 UTC,succeeded,1999
pa_003863,e_003092,u_003092,2026-07-23 09:54:32 UTC,failed,1999
pa_003864,e_003092,u_003092,2026-07-23 09:56:32 UTC,succeeded,1999
pa_003865,e_003093,u_003093,2026-07-23 03:48:45 UTC,succeeded,1999
pa_003866,e_003094,u_003094,2026-07-23 03:30:20 UTC,succeeded,1999
pa_003867,e_003095,u_003095,2026-07-23 01:05:16 UTC,succeeded,1999
pa_003868,e_003096,u_003096,2026-07-23 16:56:49 UTC,failed,1999
pa_003869,e_003096,u_003096,2026-07-23 16:58:49 UTC,succeeded,1999
pa_003870,e_003097,u_003097,2026-07-23 22:57:38 UTC,failed,1999
pa_003871,e_003097,u_003097,2026-07-23 22:59:38 UTC,failed,1999
pa_003872,e_003097,u_003097,2026-07-23 23:01:38 UTC,succeeded,1999
pa_003873,e_003098,u_003098,2026-07-23 11:13:54 UTC,succeeded,1999
pa_003874,e_003099,u_003099,2026-07-23 16:51:07 UTC,succeeded,1999
pa_003875,e_003100,u_003100,2026-07-23 06:27:34 UTC,failed,1999
pa_003876,e_003100,u_003100,2026-07-23 06:29:34 UTC,succeeded,1999
pa_003877,e_003101,u_003101,2026-07-23 20:32:59 UTC,failed,1999
pa_003878,e_003101,u_003101,2026-07-23 20:34:59 UTC,failed,1999
pa_003879,e_003101,u_003101,2026-07-23 20:36:59 UTC,succeeded,1999
pa_003880,e_003102,u_003102,2026-07-23 00:20:13 UTC,succeeded,1999
pa_003881,e_003103,u_003103,2026-07-23 04:32:30 UTC,succeeded,1999
pa_003882,e_003104,u_003104,2026-07-23 19:42:19 UTC,succeeded,1999
pa_003883,e_003105,u_003105,2026-07-23 10:50:16 UTC,succeeded,1999
pa_003884,e_003106,u_003106,2026-07-23 06:57:36 UTC,failed,1999
pa_003885,e_003106,u_003106,2026-07-23 06:59:36 UTC,failed,1999
pa_003886,e_003106,u_003106,2026-07-23 07:01:36 UTC,succeeded,1999
pa_003887,e_003107,u_003107,2026-07-23 15:30:33 UTC,succeeded,1999
pa_003888,e_003108,u_003108,2026-07-23 11:10:29 UTC,failed,1999
pa_003889,e_003108,u_003108,2026-07-23 11:12:29 UTC,succeeded,1999
pa_003890,e_003109,u_003109,2026-07-23 16:08:45 UTC,succeeded,1999
pa_003891,e_003110,u_003110,2026-07-23 07:45:23 UTC,succeeded,1999
pa_003892,e_003111,u_003111,2026-07-23 14:29:38 UTC,succeeded,1999
pa_003893,e_003112,u_003112,2026-07-23 00:35:46 UTC,succeeded,1999
pa_003894,e_003113,u_003113,2026-07-23 05:02:53 UTC,failed,1999
pa_003895,e_003113,u_003113,2026-07-23 05:04:53 UTC,failed,1999
pa_003896,e_003113,u_003113,2026-07-23 05:06:53 UTC,failed,1999
pa_003897,e_003113,u_003113,2026-07-23 05:08:53 UTC,succeeded,1999
pa_003898,e_003114,u_003114,2026-07-23 04:39:22 UTC,succeeded,1999
pa_003899,e_003115,u_003115,2026-07-23 07:09:49 UTC,succeeded,1999
pa_003900,e_003116,u_003116,2026-07-23 09:38:19 UTC,failed,1999
pa_003901,e_003116,u_003116,2026-07-23 09:40:19 UTC,failed,1999
pa_003902,e_003116,u_003116,2026-07-23 09:42:19 UTC,succeeded,1999
pa_003903,e_003117,u_003117,2026-07-23 19:52:18 UTC,succeeded,1999
pa_003904,e_003118,u_003118,2026-07-23 15:29:14 UTC,succeeded,1999
pa_003905,e_003119,u_003119,2026-07-23 00:41:46 UTC,succeeded,1999
pa_003906,e_003120,u_003120,2026-07-23 22:25:53 UTC,succeeded,1999
pa_003907,e_003121,u_003121,2026-07-23 01:04:02 UTC,succeeded,1999
pa_003908,e_003122,u_003122,2026-07-23 07:06:16 UTC,succeeded,1999
pa_003909,e_003123,u_003123,2026-07-23 16:55:08 UTC,succeeded,1999
pa_003910,e_003124,u_003124,2026-07-23 00:16:39 UTC,succeeded,1999
pa_003911,e_003125,u_003125,2026-07-23 14:09:38 UTC,succeeded,1999
pa_003912,e_003126,u_003126,2026-07-23 05:24:12 UTC,succeeded,1999
pa_003913,e_003127,u_003127,2026-07-23 15:07:55 UTC,failed,1999
pa_003914,e_003127,u_003127,2026-07-23 15:09:55 UTC,succeeded,1999
pa_003915,e_003128,u_003128,2026-07-23 00:40:01 UTC,succeeded,1999
pa_003916,e_003129,u_003129,2026-07-23 17:45:12 UTC,succeeded,1999
pa_003917,e_003130,u_003130,2026-07-23 08:13:37 UTC,succeeded,1999
pa_003918,e_003131,u_003131,2026-07-23 12:56:26 UTC,succeeded,1999
pa_003919,e_003132,u_003132,2026-07-23 21:08:37 UTC,failed,1999
pa_003920,e_003132,u_003132,2026-07-23 21:10:37 UTC,failed,1999
pa_003921,e_003132,u_003132,2026-07-23 21:12:37 UTC,succeeded,1999
pa_003922,e_003133,u_003133,2026-07-23 03:34:50 UTC,succeeded,1999
pa_003923,e_003134,u_003134,2026-07-23 02:11:08 UTC,succeeded,1999
pa_003924,e_003135,u_003135,2026-07-23 10:06:29 UTC,succeeded,1999
pa_003925,e_003136,u_003136,2026-07-23 16:59:39 UTC,succeeded,1999
pa_003926,e_003137,u_003137,2026-07-23 01:07:07 UTC,succeeded,1999
pa_003927,e_003138,u_003138,2026-07-23 19:43:04 UTC,succeeded,1999
pa_003928,e_003139,u_003139,2026-07-23 20:58:30 UTC,failed,1999
pa_003929,e_003139,u_003139,2026-07-23 21:00:30 UTC,failed,1999
pa_003930,e_003139,u_003139,2026-07-23 21:02:30 UTC,failed,1999
pa_003931,e_003139,u_003139,2026-07-23 21:04:30 UTC,succeeded,1999
pa_003932,e_003140,u_003140,2026-07-23 04:52:05 UTC,succeeded,1999
pa_003933,e_003141,u_003141,2026-07-23 03:39:28 UTC,succeeded,1999
pa_003934,e_003142,u_003142,2026-07-23 04:50:29 UTC,succeeded,1999
pa_003935,e_003143,u_003143,2026-07-24 09:26:59 UTC,succeeded,1999
pa_003936,e_003144,u_003144,2026-07-24 08:28:54 UTC,succeeded,1999
pa_003937,e_003145,u_003145,2026-07-24 13:56:16 UTC,succeeded,1999
pa_003938,e_003146,u_003146,2026-07-24 10:36:18 UTC,failed,1999
pa_003939,e_003146,u_003146,2026-07-24 10:38:18 UTC,failed,1999
pa_003940,e_003146,u_003146,2026-07-24 10:40:18 UTC,failed,1999
pa_003941,e_003146,u_003146,2026-07-24 10:42:18 UTC,succeeded,1999
pa_003942,e_003147,u_003147,2026-07-24 02:45:55 UTC,succeeded,1999
pa_003943,e_003148,u_003148,2026-07-24 15:14:42 UTC,failed,1999
pa_003944,e_003148,u_003148,2026-07-24 15:16:42 UTC,succeeded,1999
pa_003945,e_003149,u_003149,2026-07-24 15:29:29 UTC,succeeded,1999
pa_003946,e_003150,u_003150,2026-07-24 18:01:28 UTC,succeeded,1999
pa_003947,e_003151,u_003151,2026-07-24 11:39:27 UTC,succeeded,1999
pa_003948,e_003152,u_003152,2026-07-24 07:46:26 UTC,succeeded,1999
pa_003949,e_003153,u_003153,2026-07-24 17:31:43 UTC,succeeded,1999
pa_003950,e_003154,u_003154,2026-07-24 18:55:28 UTC,succeeded,1999
pa_003951,e_003155,u_003155,2026-07-24 21:06:21 UTC,succeeded,1999
pa_003952,e_003156,u_003156,2026-07-24 03:09:43 UTC,succeeded,1999
pa_003953,e_003157,u_003157,2026-07-24 14:27:08 UTC,failed,1999
pa_003954,e_003157,u_003157,2026-07-24 14:29:08 UTC,failed,1999
pa_003955,e_003157,u_003157,2026-07-24 14:31:08 UTC,failed,1999
pa_003956,e_003157,u_003157,2026-07-24 14:33:08 UTC,succeeded,1999
pa_003957,e_003158,u_003158,2026-07-24 01:24:31 UTC,succeeded,1999
pa_003958,e_003159,u_003159,2026-07-24 04:24:56 UTC,succeeded,1999
pa_003959,e_003160,u_003160,2026-07-24 00:31:30 UTC,succeeded,1999
pa_003960,e_003161,u_003161,2026-07-24 00:19:14 UTC,succeeded,1999
pa_003961,e_003162,u_003162,2026-07-24 21:30:17 UTC,failed,1999
pa_003962,e_003162,u_003162,2026-07-24 21:32:17 UTC,failed,1999
pa_003963,e_003162,u_003162,2026-07-24 21:34:17 UTC,failed,1999
pa_003964,e_003162,u_003162,2026-07-24 21:36:17 UTC,succeeded,1999
pa_003965,e_003163,u_003163,2026-07-24 10:22:39 UTC,succeeded,1999
pa_003966,e_003164,u_003164,2026-07-24 13:58:35 UTC,failed,1999
pa_003967,e_003164,u_003164,2026-07-24 14:00:35 UTC,failed,1999
pa_003968,e_003164,u_003164,2026-07-24 14:02:35 UTC,succeeded,1999
pa_003969,e_003165,u_003165,2026-07-24 10:36:45 UTC,failed,1999
pa_003970,e_003165,u_003165,2026-07-24 10:38:45 UTC,failed,1999
pa_003971,e_003165,u_003165,2026-07-24 10:40:45 UTC,failed,1999
pa_003972,e_003165,u_003165,2026-07-24 10:42:45 UTC,succeeded,1999
pa_003973,e_003166,u_003166,2026-07-24 09:55:59 UTC,succeeded,1999
pa_003974,e_003167,u_003167,2026-07-24 21:15:14 UTC,failed,1999
pa_003975,e_003167,u_003167,2026-07-24 21:17:14 UTC,failed,1999
pa_003976,e_003167,u_003167,2026-07-24 21:19:14 UTC,succeeded,1999
pa_003977,e_003168,u_003168,2026-07-24 19:04:46 UTC,failed,1999
pa_003978,e_003168,u_003168,2026-07-24 19:06:46 UTC,failed,1999
pa_003979,e_003168,u_003168,2026-07-24 19:08:46 UTC,succeeded,1999
pa_003980,e_003169,u_003169,2026-07-24 20:58:44 UTC,succeeded,1999
pa_003981,e_003170,u_003170,2026-07-24 18:26:44 UTC,succeeded,1999
pa_003982,e_003171,u_003171,2026-07-24 13:49:23 UTC,succeeded,1999
pa_003983,e_003172,u_003172,2026-07-24 01:27:53 UTC,succeeded,1999
pa_003984,e_003173,u_003173,2026-07-24 07:15:09 UTC,succeeded,1999
pa_003985,e_003174,u_003174,2026-07-24 07:54:39 UTC,succeeded,1999
pa_003986,e_003175,u_003175,2026-07-24 18:40:48 UTC,succeeded,1999
pa_003987,e_003176,u_003176,2026-07-24 19:18:44 UTC,succeeded,1999
pa_003988,e_003177,u_003177,2026-07-24 08:19:29 UTC,failed,1999
pa_003989,e_003177,u_003177,2026-07-24 08:21:29 UTC,failed,1999
pa_003990,e_003177,u_003177,2026-07-24 08:23:29 UTC,succeeded,1999
pa_003991,e_003178,u_003178,2026-07-24 22:18:07 UTC,failed,1999
pa_003992,e_003178,u_003178,2026-07-24 22:20:07 UTC,failed,1999
pa_003993,e_003178,u_003178,2026-07-24 22:22:07 UTC,succeeded,1999
pa_003994,e_003179,u_003179,2026-07-24 19:17:10 UTC,succeeded,1999
pa_003995,e_003180,u_003180,2026-07-24 11:29:16 UTC,succeeded,1999
pa_003996,e_003181,u_003181,2026-07-24 06:18:14 UTC,failed,1999
pa_003997,e_003181,u_003181,2026-07-24 06:20:14 UTC,failed,1999
pa_003998,e_003181,u_003181,2026-07-24 06:22:14 UTC,succeeded,1999
pa_003999,e_003182,u_003182,2026-07-24 01:01:58 UTC,succeeded,1999
pa_004000,e_003183,u_003183,2026-07-24 19:39:24 UTC,succeeded,1999
pa_004001,e_003184,u_003184,2026-07-24 01:52:56 UTC,succeeded,1999
pa_004002,e_003185,u_003185,2026-07-24 04:10:59 UTC,succeeded,1999
pa_004003,e_003186,u_003186,2026-07-24 19:07:20 UTC,failed,1999
pa_004004,e_003186,u_003186,2026-07-24 19:09:20 UTC,failed,1999
pa_004005,e_003186,u_003186,2026-07-24 19:11:20 UTC,succeeded,1999
pa_004006,e_003187,u_003187,2026-07-24 04:01:06 UTC,succeeded,1999
pa_004007,e_003188,u_003188,2026-07-24 10:33:16 UTC,succeeded,1999
pa_004008,e_003189,u_003189,2026-07-24 07:29:26 UTC,succeeded,1999
pa_004009,e_003190,u_003190,2026-07-24 17:35:15 UTC,succeeded,1999
pa_004010,e_003191,u_003191,2026-07-24 13:14:20 UTC,succeeded,1999
pa_004011,e_003192,u_003192,2026-07-24 13:54:03 UTC,succeeded,1999
pa_004012,e_003193,u_003193,2026-07-24 14:49:09 UTC,succeeded,1999
pa_004013,e_003194,u_003194,2026-07-24 11:52:02 UTC,succeeded,1999
pa_004014,e_003195,u_003195,2026-07-24 04:52:18 UTC,succeeded,1999
pa_004015,e_003196,u_003196,2026-07-24 06:21:41 UTC,failed,1999
pa_004016,e_003196,u_003196,2026-07-24 06:23:41 UTC,failed,1999
pa_004017,e_003196,u_003196,2026-07-24 06:25:41 UTC,succeeded,1999
pa_004018,e_003197,u_003197,2026-07-24 16:13:38 UTC,failed,1999
pa_004019,e_003197,u_003197,2026-07-24 16:15:38 UTC,succeeded,1999
pa_004020,e_003198,u_003198,2026-07-24 02:34:54 UTC,succeeded,1999
pa_004021,e_003199,u_003199,2026-07-24 23:20:50 UTC,failed,1999
pa_004022,e_003199,u_003199,2026-07-24 23:22:50 UTC,failed,1999
pa_004023,e_003199,u_003199,2026-07-24 23:24:50 UTC,succeeded,1999
pa_004024,e_003200,u_003200,2026-07-24 09:21:39 UTC,succeeded,1999
pa_004025,e_003201,u_003201,2026-07-24 18:40:50 UTC,failed,1999
pa_004026,e_003201,u_003201,2026-07-24 18:42:50 UTC,failed,1999
pa_004027,e_003201,u_003201,2026-07-24 18:44:50 UTC,succeeded,1999
pa_004028,e_003202,u_003202,2026-07-24 07:54:13 UTC,succeeded,1999
pa_004029,e_003203,u_003203,2026-07-24 17:56:32 UTC,failed,1999
pa_004030,e_003203,u_003203,2026-07-24 17:58:32 UTC,failed,1999
pa_004031,e_003203,u_003203,2026-07-24 18:00:32 UTC,failed,1999
pa_004032,e_003203,u_003203,2026-07-24 18:02:32 UTC,succeeded,1999
pa_004033,e_003204,u_003204,2026-07-24 09:30:47 UTC,succeeded,1999
pa_004034,e_003205,u_003205,2026-07-24 15:38:22 UTC,failed,1999
pa_004035,e_003205,u_003205,2026-07-24 15:40:22 UTC,failed,1999
pa_004036,e_003205,u_003205,2026-07-24 15:42:22 UTC,succeeded,1999
pa_004037,e_003206,u_003206,2026-07-24 14:40:31 UTC,failed,1999
pa_004038,e_003206,u_003206,2026-07-24 14:42:31 UTC,failed,1999
pa_004039,e_003206,u_003206,2026-07-24 14:44:31 UTC,failed,1999
pa_004040,e_003206,u_003206,2026-07-24 14:46:31 UTC,succeeded,1999
pa_004041,e_003207,u_003207,2026-07-24 11:37:37 UTC,succeeded,1999
pa_004042,e_003208,u_003208,2026-07-24 06:52:23 UTC,failed,1999
pa_004043,e_003208,u_003208,2026-07-24 06:54:23 UTC,succeeded,1999
pa_004044,e_003209,u_003209,2026-07-24 10:52:53 UTC,succeeded,1999
pa_004045,e_003210,u_003210,2026-07-24 16:19:17 UTC,succeeded,1999
pa_004046,e_003211,u_003211,2026-07-24 05:38:01 UTC,succeeded,1999
pa_004047,e_003212,u_003212,2026-07-24 18:33:10 UTC,failed,1999
pa_004048,e_003212,u_003212,2026-07-24 18:35:10 UTC,succeeded,1999
pa_004049,e_003213,u_003213,2026-07-24 15:12:02 UTC,succeeded,1999
pa_004050,e_003214,u_003214,2026-07-24 17:44:39 UTC,succeeded,1999
pa_004051,e_003215,u_003215,2026-07-24 04:35:48 UTC,succeeded,1999
pa_004052,e_003216,u_003216,2026-07-24 16:55:55 UTC,succeeded,1999
pa_004053,e_003217,u_003217,2026-07-24 16:05:30 UTC,succeeded,1999
pa_004054,e_003218,u_003218,2026-07-24 20:17:59 UTC,succeeded,1999
pa_004055,e_003219,u_003219,2026-07-24 23:06:12 UTC,succeeded,1999
pa_004056,e_003220,u_003220,2026-07-24 17:47:37 UTC,succeeded,1999
pa_004057,e_003221,u_003221,2026-07-24 13:21:34 UTC,failed,1999
pa_004058,e_003221,u_003221,2026-07-24 13:23:34 UTC,succeeded,1999
pa_004059,e_003222,u_003222,2026-07-24 00:07:07 UTC,succeeded,1999
pa_004060,e_003223,u_003223,2026-07-24 18:13:59 UTC,succeeded,1999
pa_004061,e_003224,u_003224,2026-07-24 04:07:53 UTC,succeeded,1999
pa_004062,e_003225,u_003225,2026-07-24 17:36:01 UTC,failed,1999
pa_004063,e_003225,u_003225,2026-07-24 17:38:01 UTC,failed,1999
pa_004064,e_003225,u_003225,2026-07-24 17:40:01 UTC,succeeded,1999
pa_004065,e_003226,u_003226,2026-07-24 14:04:50 UTC,succeeded,1999
pa_004066,e_003227,u_003227,2026-07-24 01:06:09 UTC,succeeded,1999
pa_004067,e_003228,u_003228,2026-07-24 20:57:17 UTC,failed,1999
pa_004068,e_003228,u_003228,2026-07-24 20:59:17 UTC,failed,1999
pa_004069,e_003228,u_003228,2026-07-24 21:01:17 UTC,succeeded,1999
pa_004070,e_003229,u_003229,2026-07-24 23:20:09 UTC,failed,1999
pa_004071,e_003229,u_003229,2026-07-24 23:22:09 UTC,failed,1999
pa_004072,e_003229,u_003229,2026-07-24 23:24:09 UTC,failed,1999
pa_004073,e_003229,u_003229,2026-07-24 23:26:09 UTC,succeeded,1999
pa_004074,e_003230,u_003230,2026-07-24 13:16:47 UTC,succeeded,1999
pa_004075,e_003231,u_003231,2026-07-24 09:42:47 UTC,succeeded,1999
pa_004076,e_003232,u_003232,2026-07-24 04:05:27 UTC,succeeded,1999
pa_004077,e_003233,u_003233,2026-07-24 12:51:11 UTC,failed,1999
pa_004078,e_003233,u_003233,2026-07-24 12:53:11 UTC,succeeded,1999
pa_004079,e_003234,u_003234,2026-07-24 20:07:27 UTC,failed,1999
pa_004080,e_003234,u_003234,2026-07-24 20:09:27 UTC,failed,1999
pa_004081,e_003234,u_003234,2026-07-24 20:11:27 UTC,succeeded,1999
pa_004082,e_003235,u_003235,2026-07-24 06:14:11 UTC,succeeded,1999
pa_004083,e_003236,u_003236,2026-07-24 19:16:41 UTC,succeeded,1999
pa_004084,e_003237,u_003237,2026-07-24 21:26:52 UTC,succeeded,1999
pa_004085,e_003238,u_003238,2026-07-24 15:30:41 UTC,succeeded,1999
pa_004086,e_003239,u_003239,2026-07-24 10:56:58 UTC,succeeded,1999
pa_004087,e_003240,u_003240,2026-07-24 05:43:08 UTC,failed,1999
pa_004088,e_003240,u_003240,2026-07-24 05:45:08 UTC,failed,1999
pa_004089,e_003240,u_003240,2026-07-24 05:47:08 UTC,succeeded,1999
pa_004090,e_003241,u_003241,2026-07-24 08:35:19 UTC,failed,1999
pa_004091,e_003241,u_003241,2026-07-24 08:37:19 UTC,failed,1999
pa_004092,e_003241,u_003241,2026-07-24 08:39:19 UTC,failed,1999
pa_004093,e_003241,u_003241,2026-07-24 08:41:19 UTC,succeeded,1999
pa_004094,e_003242,u_003242,2026-07-24 18:07:57 UTC,failed,1999
pa_004095,e_003242,u_003242,2026-07-24 18:09:57 UTC,failed,1999
pa_004096,e_003242,u_003242,2026-07-24 18:11:57 UTC,failed,1999
pa_004097,e_003242,u_003242,2026-07-24 18:13:57 UTC,succeeded,1999
pa_004098,e_003243,u_003243,2026-07-24 10:09:25 UTC,succeeded,1999
pa_004099,e_003244,u_003244,2026-07-24 05:28:47 UTC,succeeded,1999
pa_004100,e_003245,u_003245,2026-07-24 00:18:23 UTC,succeeded,1999
pa_004101,e_003246,u_003246,2026-07-24 12:58:10 UTC,failed,1999
pa_004102,e_003246,u_003246,2026-07-24 13:00:10 UTC,failed,1999
pa_004103,e_003246,u_003246,2026-07-24 13:02:10 UTC,failed,1999
pa_004104,e_003246,u_003246,2026-07-24 13:04:10 UTC,succeeded,1999
pa_004105,e_003247,u_003247,2026-07-24 07:31:09 UTC,succeeded,1999
pa_004106,e_003248,u_003248,2026-07-24 09:30:16 UTC,succeeded,1999
pa_004107,e_003249,u_003249,2026-07-24 09:09:35 UTC,succeeded,1999
pa_004108,e_003250,u_003250,2026-07-24 19:29:24 UTC,succeeded,1999
pa_004109,e_003251,u_003251,2026-07-24 00:01:00 UTC,succeeded,1999
pa_004110,e_003252,u_003252,2026-07-24 04:38:56 UTC,succeeded,1999
pa_004111,e_003253,u_003253,2026-07-24 10:04:08 UTC,succeeded,1999
pa_004112,e_003254,u_003254,2026-07-24 16:10:21 UTC,succeeded,1999
pa_004113,e_003255,u_003255,2026-07-24 19:48:10 UTC,succeeded,1999
pa_004114,e_003256,u_003256,2026-07-24 11:11:54 UTC,failed,1999
pa_004115,e_003256,u_003256,2026-07-24 11:13:54 UTC,failed,1999
pa_004116,e_003256,u_003256,2026-07-24 11:15:54 UTC,failed,1999
pa_004117,e_003256,u_003256,2026-07-24 11:17:54 UTC,succeeded,1999
pa_004118,e_003257,u_003257,2026-07-24 19:23:29 UTC,failed,1999
pa_004119,e_003257,u_003257,2026-07-24 19:25:29 UTC,failed,1999
pa_004120,e_003257,u_003257,2026-07-24 19:27:29 UTC,failed,1999
pa_004121,e_003257,u_003257,2026-07-24 19:29:29 UTC,succeeded,1999
pa_004122,e_003258,u_003258,2026-07-24 03:49:48 UTC,succeeded,1999
pa_004123,e_003259,u_003259,2026-07-24 08:54:24 UTC,succeeded,1999
pa_004124,e_003260,u_003260,2026-07-24 22:48:17 UTC,failed,1999
pa_004125,e_003260,u_003260,2026-07-24 22:50:17 UTC,failed,1999
pa_004126,e_003260,u_003260,2026-07-24 22:52:17 UTC,succeeded,1999
pa_004127,e_003261,u_003261,2026-07-24 13:18:05 UTC,succeeded,1999
pa_004128,e_003262,u_003262,2026-07-24 19:18:40 UTC,succeeded,1999
pa_004129,e_003263,u_003263,2026-07-24 15:24:02 UTC,succeeded,1999
pa_004130,e_003264,u_003264,2026-07-24 17:03:46 UTC,succeeded,1999
pa_004131,e_003265,u_003265,2026-07-24 03:19:16 UTC,succeeded,1999
pa_004132,e_003266,u_003266,2026-07-24 01:37:57 UTC,failed,1999
pa_004133,e_003266,u_003266,2026-07-24 01:39:57 UTC,failed,1999
pa_004134,e_003266,u_003266,2026-07-24 01:41:57 UTC,succeeded,1999
pa_004135,e_003267,u_003267,2026-07-24 15:57:01 UTC,succeeded,1999
pa_004136,e_003268,u_003268,2026-07-24 22:31:31 UTC,succeeded,1999
pa_004137,e_003269,u_003269,2026-07-24 03:56:57 UTC,succeeded,1999
pa_004138,e_003270,u_003270,2026-07-24 01:36:30 UTC,failed,1999
pa_004139,e_003270,u_003270,2026-07-24 01:38:30 UTC,failed,1999
pa_004140,e_003270,u_003270,2026-07-24 01:40:30 UTC,succeeded,1999
pa_004141,e_003271,u_003271,2026-07-24 06:29:17 UTC,succeeded,1999
pa_004142,e_003272,u_003272,2026-07-24 22:24:43 UTC,failed,1999
pa_004143,e_003272,u_003272,2026-07-24 22:26:43 UTC,failed,1999
pa_004144,e_003272,u_003272,2026-07-24 22:28:43 UTC,failed,1999
pa_004145,e_003272,u_003272,2026-07-24 22:30:43 UTC,succeeded,1999
pa_004146,e_003273,u_003273,2026-07-24 17:08:02 UTC,failed,1999
pa_004147,e_003273,u_003273,2026-07-24 17:10:02 UTC,succeeded,1999
pa_004148,e_003274,u_003274,2026-07-24 23:23:22 UTC,failed,1999
pa_004149,e_003274,u_003274,2026-07-24 23:25:22 UTC,failed,1999
pa_004150,e_003274,u_003274,2026-07-24 23:27:22 UTC,succeeded,1999
pa_004151,e_003275,u_003275,2026-07-24 06:21:12 UTC,succeeded,1999
pa_004152,e_003276,u_003276,2026-07-24 14:43:58 UTC,failed,1999
pa_004153,e_003276,u_003276,2026-07-24 14:45:58 UTC,failed,1999
pa_004154,e_003276,u_003276,2026-07-24 14:47:58 UTC,succeeded,1999
pa_004155,e_003277,u_003277,2026-07-25 15:52:38 UTC,succeeded,1999
pa_004156,e_003278,u_003278,2026-07-25 05:51:28 UTC,succeeded,1999
pa_004157,e_003279,u_003279,2026-07-25 21:01:40 UTC,succeeded,1999
pa_004158,e_003280,u_003280,2026-07-25 02:27:32 UTC,succeeded,1999
pa_004159,e_003281,u_003281,2026-07-25 22:55:29 UTC,failed,1999
pa_004160,e_003281,u_003281,2026-07-25 22:57:29 UTC,failed,1999
pa_004161,e_003281,u_003281,2026-07-25 22:59:29 UTC,failed,1999
pa_004162,e_003281,u_003281,2026-07-25 23:01:29 UTC,succeeded,1999
pa_004163,e_003282,u_003282,2026-07-25 22:41:17 UTC,failed,1999
pa_004164,e_003282,u_003282,2026-07-25 22:43:17 UTC,failed,1999
pa_004165,e_003282,u_003282,2026-07-25 22:45:17 UTC,succeeded,1999
pa_004166,e_003283,u_003283,2026-07-25 09:00:42 UTC,succeeded,1999
pa_004167,e_003284,u_003284,2026-07-25 13:37:26 UTC,succeeded,1999
pa_004168,e_003285,u_003285,2026-07-25 18:23:07 UTC,succeeded,1999
pa_004169,e_003286,u_003286,2026-07-25 01:09:49 UTC,failed,1999
pa_004170,e_003286,u_003286,2026-07-25 01:11:49 UTC,failed,1999
pa_004171,e_003286,u_003286,2026-07-25 01:13:49 UTC,succeeded,1999
pa_004172,e_003287,u_003287,2026-07-25 13:11:45 UTC,succeeded,1999
pa_004173,e_003288,u_003288,2026-07-25 00:04:57 UTC,succeeded,1999
pa_004174,e_003289,u_003289,2026-07-25 17:25:42 UTC,succeeded,1999
pa_004175,e_003290,u_003290,2026-07-25 14:04:38 UTC,succeeded,1999
pa_004176,e_003291,u_003291,2026-07-25 22:17:18 UTC,succeeded,1999
pa_004177,e_003292,u_003292,2026-07-25 05:50:06 UTC,succeeded,1999
pa_004178,e_003293,u_003293,2026-07-25 00:36:27 UTC,succeeded,1999
pa_004179,e_003294,u_003294,2026-07-25 13:37:44 UTC,succeeded,1999
pa_004180,e_003295,u_003295,2026-07-25 03:45:14 UTC,failed,1999
pa_004181,e_003295,u_003295,2026-07-25 03:47:14 UTC,failed,1999
pa_004182,e_003295,u_003295,2026-07-25 03:49:14 UTC,succeeded,1999
pa_004183,e_003296,u_003296,2026-07-25 14:48:05 UTC,succeeded,1999
pa_004184,e_003297,u_003297,2026-07-25 01:42:56 UTC,succeeded,1999
pa_004185,e_003298,u_003298,2026-07-25 15:33:32 UTC,succeeded,1999
pa_004186,e_003299,u_003299,2026-07-25 17:38:20 UTC,failed,1999
pa_004187,e_003299,u_003299,2026-07-25 17:40:20 UTC,failed,1999
pa_004188,e_003299,u_003299,2026-07-25 17:42:20 UTC,succeeded,1999
pa_004189,e_003300,u_003300,2026-07-25 14:39:44 UTC,succeeded,1999
pa_004190,e_003301,u_003301,2026-07-25 15:55:42 UTC,succeeded,1999
pa_004191,e_003302,u_003302,2026-07-25 00:33:16 UTC,succeeded,1999
pa_004192,e_003303,u_003303,2026-07-25 19:58:19 UTC,failed,1999
pa_004193,e_003303,u_003303,2026-07-25 20:00:19 UTC,failed,1999
pa_004194,e_003303,u_003303,2026-07-25 20:02:19 UTC,succeeded,1999
pa_004195,e_003304,u_003304,2026-07-25 02:46:47 UTC,succeeded,1999
pa_004196,e_003305,u_003305,2026-07-25 18:22:12 UTC,succeeded,1999
pa_004197,e_003306,u_003306,2026-07-25 21:32:42 UTC,succeeded,1999
pa_004198,e_003307,u_003307,2026-07-25 22:16:09 UTC,succeeded,1999
pa_004199,e_003308,u_003308,2026-07-25 22:29:37 UTC,failed,1999
pa_004200,e_003308,u_003308,2026-07-25 22:31:37 UTC,succeeded,1999
pa_004201,e_003309,u_003309,2026-07-25 23:12:07 UTC,failed,1999
pa_004202,e_003309,u_003309,2026-07-25 23:14:07 UTC,failed,1999
pa_004203,e_003309,u_003309,2026-07-25 23:16:07 UTC,succeeded,1999
pa_004204,e_003310,u_003310,2026-07-25 22:28:19 UTC,failed,1999
pa_004205,e_003310,u_003310,2026-07-25 22:30:19 UTC,succeeded,1999
pa_004206,e_003311,u_003311,2026-07-25 05:30:25 UTC,succeeded,1999
pa_004207,e_003312,u_003312,2026-07-25 04:53:38 UTC,succeeded,1999
pa_004208,e_003313,u_003313,2026-07-25 11:36:36 UTC,succeeded,1999
pa_004209,e_003314,u_003314,2026-07-25 05:54:32 UTC,failed,1999
pa_004210,e_003314,u_003314,2026-07-25 05:56:32 UTC,failed,1999
pa_004211,e_003314,u_003314,2026-07-25 05:58:32 UTC,succeeded,1999
pa_004212,e_003315,u_003315,2026-07-25 18:29:59 UTC,succeeded,1999
pa_004213,e_003316,u_003316,2026-07-25 17:44:48 UTC,succeeded,1999
pa_004214,e_003317,u_003317,2026-07-25 08:41:21 UTC,succeeded,1999
pa_004215,e_003318,u_003318,2026-07-25 00:30:02 UTC,succeeded,1999
pa_004216,e_003319,u_003319,2026-07-25 05:14:35 UTC,succeeded,1999
pa_004217,e_003320,u_003320,2026-07-25 19:49:30 UTC,failed,1999
pa_004218,e_003320,u_003320,2026-07-25 19:51:30 UTC,failed,1999
pa_004219,e_003320,u_003320,2026-07-25 19:53:30 UTC,succeeded,1999
pa_004220,e_003321,u_003321,2026-07-25 01:42:38 UTC,succeeded,1999
pa_004221,e_003322,u_003322,2026-07-25 09:00:44 UTC,succeeded,1999
pa_004222,e_003323,u_003323,2026-07-25 14:21:09 UTC,succeeded,1999
pa_004223,e_003324,u_003324,2026-07-25 07:02:22 UTC,succeeded,1999
pa_004224,e_003325,u_003325,2026-07-25 10:56:13 UTC,succeeded,1999
pa_004225,e_003326,u_003326,2026-07-25 13:38:46 UTC,succeeded,1999
pa_004226,e_003327,u_003327,2026-07-25 21:38:01 UTC,succeeded,1999
pa_004227,e_003328,u_003328,2026-07-25 00:50:46 UTC,succeeded,1999
pa_004228,e_003329,u_003329,2026-07-25 22:57:45 UTC,failed,1999
pa_004229,e_003329,u_003329,2026-07-25 22:59:45 UTC,failed,1999
pa_004230,e_003329,u_003329,2026-07-25 23:01:45 UTC,succeeded,1999
pa_004231,e_003330,u_003330,2026-07-25 04:55:07 UTC,succeeded,1999
pa_004232,e_003331,u_003331,2026-07-25 06:16:14 UTC,succeeded,1999
pa_004233,e_003332,u_003332,2026-07-25 02:15:58 UTC,succeeded,1999
pa_004234,e_003333,u_003333,2026-07-25 04:51:54 UTC,failed,1999
pa_004235,e_003333,u_003333,2026-07-25 04:53:54 UTC,succeeded,1999
pa_004236,e_003334,u_003334,2026-07-25 09:02:12 UTC,failed,1999
pa_004237,e_003334,u_003334,2026-07-25 09:04:12 UTC,failed,1999
pa_004238,e_003334,u_003334,2026-07-25 09:06:12 UTC,succeeded,1999
pa_004239,e_003335,u_003335,2026-07-25 16:22:15 UTC,failed,1999
pa_004240,e_003335,u_003335,2026-07-25 16:24:15 UTC,failed,1999
pa_004241,e_003335,u_003335,2026-07-25 16:26:15 UTC,succeeded,1999
pa_004242,e_003336,u_003336,2026-07-25 09:42:54 UTC,succeeded,1999
pa_004243,e_003337,u_003337,2026-07-25 06:38:05 UTC,succeeded,1999
pa_004244,e_003338,u_003338,2026-07-25 20:32:34 UTC,succeeded,1999
pa_004245,e_003339,u_003339,2026-07-25 15:15:57 UTC,succeeded,1999
pa_004246,e_003340,u_003340,2026-07-25 05:15:36 UTC,succeeded,1999
pa_004247,e_003341,u_003341,2026-07-25 10:39:16 UTC,succeeded,1999
pa_004248,e_003342,u_003342,2026-07-25 21:32:24 UTC,succeeded,1999
pa_004249,e_003343,u_003343,2026-07-25 06:53:04 UTC,succeeded,1999
pa_004250,e_003344,u_003344,2026-07-25 14:48:21 UTC,succeeded,1999
pa_004251,e_003345,u_003345,2026-07-25 02:06:28 UTC,succeeded,1999
pa_004252,e_003346,u_003346,2026-07-25 17:21:56 UTC,failed,1999
pa_004253,e_003346,u_003346,2026-07-25 17:23:56 UTC,succeeded,1999
pa_004254,e_003347,u_003347,2026-07-25 08:01:03 UTC,succeeded,1999
pa_004255,e_003348,u_003348,2026-07-25 07:25:51 UTC,succeeded,1999
pa_004256,e_003349,u_003349,2026-07-25 23:58:53 UTC,succeeded,1999
pa_004257,e_003350,u_003350,2026-07-25 07:27:44 UTC,failed,1999
pa_004258,e_003350,u_003350,2026-07-25 07:29:44 UTC,failed,1999
pa_004259,e_003350,u_003350,2026-07-25 07:31:44 UTC,succeeded,1999
pa_004260,e_003351,u_003351,2026-07-25 01:31:11 UTC,succeeded,1999
pa_004261,e_003352,u_003352,2026-07-25 21:43:42 UTC,succeeded,1999
pa_004262,e_003353,u_003353,2026-07-25 00:32:09 UTC,succeeded,1999
pa_004263,e_003354,u_003354,2026-07-25 11:58:43 UTC,failed,1999
pa_004264,e_003354,u_003354,2026-07-25 12:00:43 UTC,failed,1999
pa_004265,e_003354,u_003354,2026-07-25 12:02:43 UTC,succeeded,1999
pa_004266,e_003355,u_003355,2026-07-25 06:30:31 UTC,succeeded,1999
pa_004267,e_003356,u_003356,2026-07-25 00:56:21 UTC,succeeded,1999
pa_004268,e_003357,u_003357,2026-07-25 09:50:14 UTC,succeeded,1999
pa_004269,e_003358,u_003358,2026-07-25 08:27:50 UTC,succeeded,1999
pa_004270,e_003359,u_003359,2026-07-25 23:48:28 UTC,succeeded,1999
pa_004271,e_003360,u_003360,2026-07-25 14:42:13 UTC,failed,1999
pa_004272,e_003360,u_003360,2026-07-25 14:44:13 UTC,succeeded,1999
pa_004273,e_003361,u_003361,2026-07-25 22:19:56 UTC,failed,1999
pa_004274,e_003361,u_003361,2026-07-25 22:21:56 UTC,failed,1999
pa_004275,e_003361,u_003361,2026-07-25 22:23:56 UTC,succeeded,1999
pa_004276,e_003362,u_003362,2026-07-25 04:22:25 UTC,succeeded,1999
pa_004277,e_003363,u_003363,2026-07-25 17:15:24 UTC,succeeded,1999
pa_004278,e_003364,u_003364,2026-07-25 17:02:37 UTC,succeeded,1999
pa_004279,e_003365,u_003365,2026-07-25 10:55:34 UTC,succeeded,1999
pa_004280,e_003366,u_003366,2026-07-25 08:49:34 UTC,succeeded,1999
pa_004281,e_003367,u_003367,2026-07-25 03:33:41 UTC,failed,1999
pa_004282,e_003367,u_003367,2026-07-25 03:35:41 UTC,succeeded,1999
pa_004283,e_003368,u_003368,2026-07-25 08:52:08 UTC,succeeded,1999
pa_004284,e_003369,u_003369,2026-07-25 21:08:24 UTC,succeeded,1999
pa_004285,e_003370,u_003370,2026-07-25 06:19:49 UTC,failed,1999
pa_004286,e_003370,u_003370,2026-07-25 06:21:49 UTC,failed,1999
pa_004287,e_003370,u_003370,2026-07-25 06:23:49 UTC,succeeded,1999
pa_004288,e_003371,u_003371,2026-07-25 01:57:51 UTC,failed,1999
pa_004289,e_003371,u_003371,2026-07-25 01:59:51 UTC,failed,1999
pa_004290,e_003371,u_003371,2026-07-25 02:01:51 UTC,succeeded,1999
pa_004291,e_003372,u_003372,2026-07-26 22:36:38 UTC,succeeded,1999
pa_004292,e_003373,u_003373,2026-07-26 01:33:19 UTC,failed,1999
pa_004293,e_003373,u_003373,2026-07-26 01:35:19 UTC,failed,1999
pa_004294,e_003373,u_003373,2026-07-26 01:37:19 UTC,failed,1999
pa_004295,e_003373,u_003373,2026-07-26 01:39:19 UTC,succeeded,1999
pa_004296,e_003374,u_003374,2026-07-26 13:51:32 UTC,succeeded,1999
pa_004297,e_003375,u_003375,2026-07-26 09:34:47 UTC,succeeded,1999
pa_004298,e_003376,u_003376,2026-07-26 14:44:41 UTC,failed,1999
pa_004299,e_003376,u_003376,2026-07-26 14:46:41 UTC,succeeded,1999
pa_004300,e_003377,u_003377,2026-07-26 23:36:54 UTC,succeeded,1999
pa_004301,e_003378,u_003378,2026-07-26 16:49:22 UTC,succeeded,1999
pa_004302,e_003379,u_003379,2026-07-26 17:17:16 UTC,succeeded,1999
pa_004303,e_003380,u_003380,2026-07-26 18:47:42 UTC,succeeded,1999
pa_004304,e_003381,u_003381,2026-07-26 09:00:34 UTC,succeeded,1999
pa_004305,e_003382,u_003382,2026-07-26 06:50:11 UTC,failed,1999
pa_004306,e_003382,u_003382,2026-07-26 06:52:11 UTC,failed,1999
pa_004307,e_003382,u_003382,2026-07-26 06:54:11 UTC,failed,1999
pa_004308,e_003382,u_003382,2026-07-26 06:56:11 UTC,succeeded,1999
pa_004309,e_003383,u_003383,2026-07-26 08:45:15 UTC,succeeded,1999
pa_004310,e_003384,u_003384,2026-07-26 04:35:40 UTC,succeeded,1999
pa_004311,e_003385,u_003385,2026-07-26 23:15:00 UTC,failed,1999
pa_004312,e_003385,u_003385,2026-07-26 23:17:00 UTC,failed,1999
pa_004313,e_003385,u_003385,2026-07-26 23:19:00 UTC,succeeded,1999
pa_004314,e_003386,u_003386,2026-07-26 10:00:12 UTC,failed,1999
pa_004315,e_003386,u_003386,2026-07-26 10:02:12 UTC,succeeded,1999
pa_004316,e_003387,u_003387,2026-07-26 12:55:05 UTC,succeeded,1999
pa_004317,e_003388,u_003388,2026-07-26 23:27:06 UTC,succeeded,1999
pa_004318,e_003389,u_003389,2026-07-26 18:42:51 UTC,failed,1999
pa_004319,e_003389,u_003389,2026-07-26 18:44:51 UTC,failed,1999
pa_004320,e_003389,u_003389,2026-07-26 18:46:51 UTC,failed,1999
pa_004321,e_003389,u_003389,2026-07-26 18:48:51 UTC,succeeded,1999
pa_004322,e_003390,u_003390,2026-07-26 20:04:19 UTC,failed,1999
pa_004323,e_003390,u_003390,2026-07-26 20:06:19 UTC,failed,1999
pa_004324,e_003390,u_003390,2026-07-26 20:08:19 UTC,succeeded,1999
pa_004325,e_003391,u_003391,2026-07-26 15:44:50 UTC,succeeded,1999
pa_004326,e_003392,u_003392,2026-07-26 09:24:08 UTC,failed,1999
pa_004327,e_003392,u_003392,2026-07-26 09:26:08 UTC,failed,1999
pa_004328,e_003392,u_003392,2026-07-26 09:28:08 UTC,succeeded,1999
pa_004329,e_003393,u_003393,2026-07-26 11:24:49 UTC,succeeded,1999
pa_004330,e_003394,u_003394,2026-07-26 18:44:08 UTC,failed,1999
pa_004331,e_003394,u_003394,2026-07-26 18:46:08 UTC,succeeded,1999
pa_004332,e_003395,u_003395,2026-07-26 17:08:26 UTC,failed,1999
pa_004333,e_003395,u_003395,2026-07-26 17:10:26 UTC,failed,1999
pa_004334,e_003395,u_003395,2026-07-26 17:12:26 UTC,failed,1999
pa_004335,e_003395,u_003395,2026-07-26 17:14:26 UTC,succeeded,1999
pa_004336,e_003396,u_003396,2026-07-26 12:55:17 UTC,succeeded,1999
pa_004337,e_003397,u_003397,2026-07-26 04:28:30 UTC,succeeded,1999
pa_004338,e_003398,u_003398,2026-07-26 16:52:51 UTC,succeeded,1999
pa_004339,e_003399,u_003399,2026-07-26 19:02:57 UTC,failed,1999
pa_004340,e_003399,u_003399,2026-07-26 19:04:57 UTC,failed,1999
pa_004341,e_003399,u_003399,2026-07-26 19:06:57 UTC,failed,1999
pa_004342,e_003399,u_003399,2026-07-26 19:08:57 UTC,succeeded,1999
pa_004343,e_003400,u_003400,2026-07-26 20:41:00 UTC,succeeded,1999
pa_004344,e_003401,u_003401,2026-07-26 08:38:32 UTC,succeeded,1999
pa_004345,e_003402,u_003402,2026-07-26 01:22:47 UTC,failed,1999
pa_004346,e_003402,u_003402,2026-07-26 01:24:47 UTC,failed,1999
pa_004347,e_003402,u_003402,2026-07-26 01:26:47 UTC,succeeded,1999
pa_004348,e_003403,u_003403,2026-07-26 07:14:16 UTC,failed,1999
pa_004349,e_003403,u_003403,2026-07-26 07:16:16 UTC,failed,1999
pa_004350,e_003403,u_003403,2026-07-26 07:18:16 UTC,succeeded,1999
pa_004351,e_003404,u_003404,2026-07-26 08:12:08 UTC,succeeded,1999
pa_004352,e_003405,u_003405,2026-07-26 16:39:29 UTC,failed,1999
pa_004353,e_003405,u_003405,2026-07-26 16:41:29 UTC,failed,1999
pa_004354,e_003405,u_003405,2026-07-26 16:43:29 UTC,succeeded,1999
pa_004355,e_003406,u_003406,2026-07-26 02:18:35 UTC,succeeded,1999
pa_004356,e_003407,u_003407,2026-07-26 01:47:55 UTC,succeeded,1999
pa_004357,e_003408,u_003408,2026-07-26 15:55:28 UTC,failed,1999
pa_004358,e_003408,u_003408,2026-07-26 15:57:28 UTC,failed,1999
pa_004359,e_003408,u_003408,2026-07-26 15:59:28 UTC,succeeded,1999
pa_004360,e_003409,u_003409,2026-07-26 15:11:37 UTC,succeeded,1999
pa_004361,e_003410,u_003410,2026-07-26 17:34:02 UTC,succeeded,1999
pa_004362,e_003411,u_003411,2026-07-26 16:45:47 UTC,succeeded,1999
pa_004363,e_003412,u_003412,2026-07-26 12:30:03 UTC,succeeded,1999
pa_004364,e_003413,u_003413,2026-07-26 05:15:19 UTC,failed,1999
pa_004365,e_003413,u_003413,2026-07-26 05:17:19 UTC,succeeded,1999
pa_004366,e_003414,u_003414,2026-07-26 08:14:08 UTC,succeeded,1999
pa_004367,e_003415,u_003415,2026-07-26 21:43:45 UTC,succeeded,1999
pa_004368,e_003416,u_003416,2026-07-26 13:41:52 UTC,succeeded,1999
pa_004369,e_003417,u_003417,2026-07-26 04:38:40 UTC,succeeded,1999
pa_004370,e_003418,u_003418,2026-07-26 03:54:09 UTC,failed,1999
pa_004371,e_003418,u_003418,2026-07-26 03:56:09 UTC,failed,1999
pa_004372,e_003418,u_003418,2026-07-26 03:58:09 UTC,succeeded,1999
pa_004373,e_003419,u_003419,2026-07-26 21:54:21 UTC,succeeded,1999
pa_004374,e_003420,u_003420,2026-07-26 07:52:23 UTC,succeeded,1999
pa_004375,e_003421,u_003421,2026-07-26 20:22:49 UTC,succeeded,1999
pa_004376,e_003422,u_003422,2026-07-26 05:25:01 UTC,failed,1999
pa_004377,e_003422,u_003422,2026-07-26 05:27:01 UTC,failed,1999
pa_004378,e_003422,u_003422,2026-07-26 05:29:01 UTC,succeeded,1999
pa_004379,e_003423,u_003423,2026-07-26 18:52:04 UTC,succeeded,1999
pa_004380,e_003424,u_003424,2026-07-26 12:15:49 UTC,succeeded,1999
pa_004381,e_003425,u_003425,2026-07-26 08:19:43 UTC,failed,1999
pa_004382,e_003425,u_003425,2026-07-26 08:21:43 UTC,succeeded,1999
pa_004383,e_003426,u_003426,2026-07-26 15:07:56 UTC,succeeded,1999
pa_004384,e_003427,u_003427,2026-07-26 16:53:07 UTC,failed,1999
pa_004385,e_003427,u_003427,2026-07-26 16:55:07 UTC,failed,1999
pa_004386,e_003427,u_003427,2026-07-26 16:57:07 UTC,failed,1999
pa_004387,e_003427,u_003427,2026-07-26 16:59:07 UTC,succeeded,1999
pa_004388,e_003428,u_003428,2026-07-26 13:21:33 UTC,succeeded,1999
pa_004389,e_003429,u_003429,2026-07-26 20:31:00 UTC,succeeded,1999
pa_004390,e_003430,u_003430,2026-07-26 16:05:56 UTC,failed,1999
pa_004391,e_003430,u_003430,2026-07-26 16:07:56 UTC,failed,1999
pa_004392,e_003430,u_003430,2026-07-26 16:09:56 UTC,failed,1999
pa_004393,e_003430,u_003430,2026-07-26 16:11:56 UTC,succeeded,1999
pa_004394,e_003431,u_003431,2026-07-26 00:49:26 UTC,succeeded,1999
pa_004395,e_003432,u_003432,2026-07-26 12:04:49 UTC,succeeded,1999
pa_004396,e_003433,u_003433,2026-07-26 10:19:11 UTC,succeeded,1999
pa_004397,e_003434,u_003434,2026-07-26 12:11:21 UTC,failed,1999
pa_004398,e_003434,u_003434,2026-07-26 12:13:21 UTC,succeeded,1999
pa_004399,e_003435,u_003435,2026-07-26 23:53:20 UTC,succeeded,1999
pa_004400,e_003436,u_003436,2026-07-26 15:03:25 UTC,succeeded,1999
pa_004401,e_003437,u_003437,2026-07-26 08:08:34 UTC,succeeded,1999
pa_004402,e_003438,u_003438,2026-07-26 21:44:54 UTC,failed,1999
pa_004403,e_003438,u_003438,2026-07-26 21:46:54 UTC,succeeded,1999
pa_004404,e_003439,u_003439,2026-07-26 15:55:02 UTC,succeeded,1999
pa_004405,e_003440,u_003440,2026-07-26 08:31:21 UTC,failed,1999
pa_004406,e_003440,u_003440,2026-07-26 08:33:21 UTC,failed,1999
pa_004407,e_003440,u_003440,2026-07-26 08:35:21 UTC,failed,1999
pa_004408,e_003440,u_003440,2026-07-26 08:37:21 UTC,succeeded,1999
pa_004409,e_003441,u_003441,2026-07-26 22:01:07 UTC,succeeded,1999
pa_004410,e_003442,u_003442,2026-07-26 15:50:53 UTC,succeeded,1999
pa_004411,e_003443,u_003443,2026-07-26 16:24:35 UTC,succeeded,1999
pa_004412,e_003444,u_003444,2026-07-26 21:30:08 UTC,succeeded,1999
pa_004413,e_003445,u_003445,2026-07-26 21:00:39 UTC,succeeded,1999
pa_004414,e_003446,u_003446,2026-07-26 04:58:26 UTC,succeeded,1999
pa_004415,e_003447,u_003447,2026-07-26 18:39:27 UTC,succeeded,1999
pa_004416,e_003448,u_003448,2026-07-26 05:30:26 UTC,succeeded,1999
pa_004417,e_003449,u_003449,2026-07-26 01:17:42 UTC,succeeded,1999
pa_004418,e_003450,u_003450,2026-07-26 17:21:45 UTC,succeeded,1999
pa_004419,e_003451,u_003451,2026-07-26 21:12:41 UTC,failed,1999
pa_004420,e_003451,u_003451,2026-07-26 21:14:41 UTC,succeeded,1999
pa_004421,e_003452,u_003452,2026-07-26 16:40:34 UTC,succeeded,1999
pa_004422,e_003453,u_003453,2026-07-26 15:16:26 UTC,failed,1999
pa_004423,e_003453,u_003453,2026-07-26 15:18:26 UTC,failed,1999
pa_004424,e_003453,u_003453,2026-07-26 15:20:26 UTC,succeeded,1999
pa_004425,e_003454,u_003454,2026-07-26 05:17:48 UTC,failed,1999
pa_004426,e_003454,u_003454,2026-07-26 05:19:48 UTC,failed,1999
pa_004427,e_003454,u_003454,2026-07-26 05:21:48 UTC,succeeded,1999
pa_004428,e_003455,u_003455,2026-07-26 23:37:19 UTC,succeeded,1999
pa_004429,e_003456,u_003456,2026-07-26 00:24:23 UTC,failed,1999
pa_004430,e_003456,u_003456,2026-07-26 00:26:23 UTC,failed,1999
pa_004431,e_003456,u_003456,2026-07-26 00:28:23 UTC,succeeded,1999
pa_004432,e_003457,u_003457,2026-07-26 12:24:17 UTC,succeeded,1999
pa_004433,e_003458,u_003458,2026-07-26 23:34:36 UTC,succeeded,1999
pa_004434,e_003459,u_003459,2026-07-26 08:39:25 UTC,succeeded,1999
pa_004435,e_003460,u_003460,2026-07-26 18:20:46 UTC,failed,1999
pa_004436,e_003460,u_003460,2026-07-26 18:22:46 UTC,succeeded,1999
pa_004437,e_003461,u_003461,2026-07-26 00:22:04 UTC,succeeded,1999
pa_004438,e_003462,u_003462,2026-07-26 03:37:42 UTC,succeeded,1999
pa_004439,e_003463,u_003463,2026-07-26 11:53:42 UTC,succeeded,1999
pa_004440,e_003464,u_003464,2026-07-26 23:02:57 UTC,succeeded,1999
pa_004441,e_003465,u_003465,2026-07-26 12:19:17 UTC,failed,1999
pa_004442,e_003465,u_003465,2026-07-26 12:21:17 UTC,failed,1999
pa_004443,e_003465,u_003465,2026-07-26 12:23:17 UTC,succeeded,1999
pa_004444,e_003466,u_003466,2026-07-26 07:23:10 UTC,succeeded,1999
pa_004445,e_003467,u_003467,2026-07-26 14:15:04 UTC,succeeded,1999
pa_004446,e_003468,u_003468,2026-07-26 22:54:14 UTC,succeeded,1999
pa_004447,e_003469,u_003469,2026-07-26 03:31:11 UTC,succeeded,1999
pa_004448,e_003470,u_003470,2026-07-26 16:20:41 UTC,succeeded,1999
pa_004449,e_003471,u_003471,2026-07-26 23:55:51 UTC,failed,1999
pa_004450,e_003471,u_003471,2026-07-26 23:57:51 UTC,failed,1999
pa_004451,e_003471,u_003471,2026-07-26 23:59:51 UTC,succeeded,1999
pa_004452,e_003472,u_003472,2026-07-26 18:54:12 UTC,succeeded,1999
pa_004453,e_003473,u_003473,2026-07-26 19:28:38 UTC,failed,1999
pa_004454,e_003473,u_003473,2026-07-26 19:30:38 UTC,succeeded,1999
pa_004455,e_003474,u_003474,2026-07-26 16:17:19 UTC,succeeded,1999
pa_004456,e_003475,u_003475,2026-07-26 16:20:55 UTC,failed,1999
pa_004457,e_003475,u_003475,2026-07-26 16:22:55 UTC,succeeded,1999
pa_004458,e_003476,u_003476,2026-07-26 23:36:24 UTC,succeeded,1999
pa_004459,e_003477,u_003477,2026-07-26 04:11:57 UTC,succeeded,1999
