user_id,signup_date,acquisition_channel,region
u_000001,2026-06-29,organic,us
u_000002,2026-06-29,organic,us
u_000003,2026-06-29,organic,us
u_000004,2026-06-29,organic,eu
u_000005,2026-06-29,organic,eu
u_000006,2026-06-29,organic,in
u_000007,2026-06-29,organic,in
u_000008,2026-06-29,organic,in
u_000009,2026-06-29,organic,in
u_000010,2026-06-29,organic,us
u_000011,2026-06-29,organic,eu
u_000012,2026-06-29,organic,in
u_000013,2026-06-29,organic,eu
u_000014,2026-06-29,organic,in
u_000015,2026-06-29,organic,us
u_000016,2026-06-29,organic,eu
u_000017,2026-06-29,organic,us
u_000018,2026-06-29,organic,us
u_000019,2026-06-29,organic,us
u_000020,2026-06-29,organic,eu
u_000021,2026-06-29,organic,us
u_000022,2026-06-29,organic,us
u_000023,2026-06-29,organic,us
u_000024,2026-06-29,organic,eu
u_000025,2026-06-29,organic,us
u_000026,2026-06-29,organic,us
u_000027,2026-06-29,organic,us
u_000028,2026-06-29,organic,us
u_000029,2026-06-29,organic,us
u_000030,2026-06-29,organic,us
u_000031,2026-06-29,organic,in
u_000032,2026-06-29,organic,us
u_000033,2026-06-29,organic,us
u_000034,2026-06-29,organic,in
u_000035,2026-06-29,organic,us
u_000036,2026-06-29,organic,eu
u_000037,2026-06-29,organic,us
u_000038,2026-06-29,organic,us
u_000039,2026-06-29,organic,us
u_000040,2026-06-29,organic,eu
u_000041,2026-06-29,organic,us
u_000042,2026-06-29,organic,us
u_000043,2026-06-29,paid_search,in
u_000044,2026-06-29,paid_search,us
u_000045,2026-06-29,paid_search,in
u_000046,2026-06-29,paid_search,us
u_000047,2026-06-29,paid_search,us
u_000048,2026-06-29,paid_search,in
u_000049,2026-06-29,paid_search,us
u_000050,2026-06-29,paid_search,in
u_000051,2026-06-29,paid_search,us
u_000052,2026-06-29,paid_search,us
u_000053,2026-06-29,paid_search,us
u_000054,2026-06-29,paid_search,us
u_000055,2026-06-29,paid_search,eu
u_000056,2026-06-29,paid_search,in
u_000057,2026-06-29,paid_search,eu
u_000058,2026-06-29,paid_search,us
u_000059,2026-06-29,paid_search,eu
u_000060,2026-06-29,paid_search,in
u_000061,2026-06-29,paid_search,eu
u_000062,2026-06-29,paid_search,in
u_000063,2026-06-29,paid_search,in
u_000064,2026-06-29,paid_search,us
u_000065,2026-06-29,paid_search,in
u_000066,2026-06-29,paid_search,eu
u_000067,2026-06-29,paid_search,eu
u_000068,2026-06-29,paid_search,us
u_000069,2026-06-29,paid_search,in
u_000070,2026-06-29,paid_search,eu
u_000071,2026-06-29,push,us
u_000072,2026-06-29,push,us
u_000073,2026-06-29,push,in
u_000074,2026-06-29,push,us
u_000075,2026-06-29,push,us
u_000076,2026-06-29,push,in
u_000077,2026-06-29,push,eu
u_000078,2026-06-29,push,us
u_000079,2026-06-29,push,us
u_000080,2026-06-29,push,us
u_000081,2026-06-29,push,us
u_000082,2026-06-29,push,eu
u_000083,2026-06-29,push,us
u_000084,2026-06-29,push,in
u_000085,2026-06-29,push,us
u_000086,2026-06-29,push,eu
u_000087,2026-06-29,push,us
u_000088,2026-06-29,push,us
u_000089,2026-06-29,push,in
u_000090,2026-06-29,push,us
u_000091,2026-06-29,push,us
u_000092,2026-06-29,push,us
u_000093,2026-06-29,push,in
u_000094,2026-06-29,push,in
u_000095,2026-06-29,push,us
u_000096,2026-06-29,push,us
u_000097,2026-06-29,push,in
u_000098,2026-06-29,push,us
u_000099,2026-06-29,email,eu
u_000100,2026-06-29,email,us
u_000101,2026-06-29,,us
u_000102,2026-06-29,email,eu
u_000103,2026-06-29,email,us
u_000104,2026-06-29,email,in
u_000105,2026-06-29,email,eu
u_000106,2026-06-29,email,us
u_000107,2026-06-29,email,us
u_000108,2026-06-29,email,in
u_000109,2026-06-29,email,us
u_000110,2026-06-29,email,us
u_000111,2026-06-29,email,us
u_000112,2026-06-29,email,eu
u_000113,2026-06-29,email,us
u_000114,2026-06-29,email,us
u_000115,2026-06-29,email,us
u_000116,2026-06-29,,us
u_000117,2026-06-29,email,us
u_000118,2026-06-29,email,us
u_000119,2026-06-29,email,us
u_000120,2026-06-29,,us
u_000121,2026-06-29,,eu
u_000122,2026-06-29,,us
u_000123,2026-06-29,,in
u_000124,2026-06-29,,us
u_000125,2026-06-29,,in
u_000126,2026-06-29,,in
u_000127,2026-06-29,,eu
u_000128,2026-06-29,,us
u_000129,2026-06-29,,us
u_000130,2026-06-29,,us
u_000131,2026-06-29,,us
u_000132,2026-06-29,,us
u_000133,2026-06-29,,us
u_000134,2026-06-29,,eu
u_000135,2026-06-29,,eu
u_000136,2026-06-29,,eu
u_000137,2026-06-29,,us
u_000138,2026-06-29,,us
u_000139,2026-06-29,,us
u_000140,2026-06-29,,us
u_000141,2026-06-30,organic,eu
u_000142,2026-06-30,organic,us
u_000143,2026-06-30,organic,us
u_000144,2026-06-30,organic,eu
u_000145,2026-06-30,organic,in
u_000146,2026-06-30,organic,us
u_000147,2026-06-30,organic,us
u_000148,2026-06-30,organic,us
u_000149,2026-06-30,organic,us
u_000150,2026-06-30,organic,in
u_000151,2026-06-30,organic,us
u_000152,2026-06-30,organic,us
u_000153,2026-06-30,organic,eu
u_000154,2026-06-30,organic,eu
u_000155,2026-06-30,organic,in
u_000156,2026-06-30,organic,eu
u_000157,2026-06-30,organic,us
u_000158,2026-06-30,organic,in
u_000159,2026-06-30,organic,us
u_000160,2026-06-30,organic,us
u_000161,2026-06-30,organic,us
u_000162,2026-06-30,organic,us
u_000163,2026-06-30,organic,us
u_000164,2026-06-30,organic,us
u_000165,2026-06-30,organic,eu
u_000166,2026-06-30,organic,eu
u_000167,2026-06-30,organic,us
u_000168,2026-06-30,organic,us
u_000169,2026-06-30,organic,in
u_000170,2026-06-30,organic,us
u_000171,2026-06-30,organic,in
u_000172,2026-06-30,organic,us
u_000173,2026-06-30,organic,us
u_000174,2026-06-30,organic,in
u_000175,2026-06-30,organic,us
u_000176,2026-06-30,organic,us
u_000177,2026-06-30,organic,eu
u_000178,2026-06-30,organic,us
u_000179,2026-06-30,organic,us
u_000180,2026-06-30,organic,eu
u_000181,2026-06-30,paid_search,eu
u_000182,2026-06-30,paid_search,us
u_000183,2026-06-30,paid_search,eu
u_000184,2026-06-30,paid_search,us
u_000185,2026-06-30,paid_search,eu
u_000186,2026-06-30,paid_search,us
u_000187,2026-06-30,paid_search,eu
u_000188,2026-06-30,paid_search,us
u_000189,2026-06-30,paid_search,in
u_000190,2026-06-30,paid_search,us
u_000191,2026-06-30,paid_search,us
u_000192,2026-06-30,paid_search,eu
u_000193,2026-06-30,paid_search,us
u_000194,2026-06-30,paid_search,us
u_000195,2026-06-30,paid_search,us
u_000196,2026-06-30,paid_search,us
u_000197,2026-06-30,paid_search,us
u_000198,2026-06-30,paid_search,in
u_000199,2026-06-30,paid_search,eu
u_000200,2026-06-30,paid_search,in
u_000201,2026-06-30,paid_search,eu
u_000202,2026-06-30,paid_search,us
u_000203,2026-06-30,paid_search,us
u_000204,2026-06-30,paid_search,us
u_000205,2026-06-30,paid_search,eu
u_000206,2026-06-30,paid_search,in
u_000207,2026-06-30,paid_search,eu
u_000208,2026-06-30,push,us
u_000209,2026-06-30,push,in
u_000210,2026-06-30,push,us
u_000211,2026-06-30,push,us
u_000212,2026-06-30,push,us
u_000213,2026-06-30,push,us
u_000214,2026-06-30,push,eu
u_000215,2026-06-30,push,eu
u_000216,2026-06-30,email,us
u_000217,2026-06-30,email,in
u_000218,2026-06-30,email,in
u_000219,2026-06-30,email,eu
u_000220,2026-06-30,email,eu
u_000221,2026-06-30,email,us
u_000222,2026-06-30,email,in
u_000223,2026-06-30,,us
u_000224,2026-06-30,,us
u_000225,2026-06-30,,us
u_000226,2026-06-30,,us
u_000227,2026-06-30,,in
u_000228,2026-06-30,,in
u_000229,2026-06-30,,eu
u_000230,2026-06-30,,eu
u_000231,2026-06-30,,us
u_000232,2026-06-30,,in
u_000233,2026-06-30,,us
u_000234,2026-06-30,,in
u_000235,2026-06-30,,us
u_000236,2026-06-30,,us
u_000237,2026-06-30,,us
u_000238,2026-06-30,,us
u_000239,2026-06-30,,us
u_000240,2026-06-30,,us
u_000241,2026-06-30,,us
u_000242,2026-06-30,,in
u_000243,2026-07-01,organic,us
u_000244,2026-07-01,organic,us
u_000245,2026-07-01,organic,us
u_000246,2026-07-01,organic,in
u_000247,2026-07-01,organic,us
u_000248,2026-07-01,organic,us
u_000249,2026-07-01,organic,us
u_000250,2026-07-01,organic,us
u_000251,2026-07-01,organic,us
u_000252,2026-07-01,organic,us
u_000253,2026-07-01,organic,us
u_000254,2026-07-01,organic,in
u_000255,2026-07-01,organic,in
u_000256,2026-07-01,organic,us
u_000257,2026-07-01,organic,us
u_000258,2026-07-01,organic,us
u_000259,2026-07-01,organic,eu
u_000260,2026-07-01,organic,us
u_000261,2026-07-01,organic,eu
u_000262,2026-07-01,organic,in
u_000263,2026-07-01,organic,in
u_000264,2026-07-01,organic,in
u_000265,2026-07-01,organic,eu
u_000266,2026-07-01,organic,us
u_000267,2026-07-01,organic,in
u_000268,2026-07-01,organic,us
u_000269,2026-07-01,organic,us
u_000270,2026-07-01,organic,us
u_000271,2026-07-01,organic,in
u_000272,2026-07-01,organic,us
u_000273,2026-07-01,organic,in
u_000274,2026-07-01,organic,us
u_000275,2026-07-01,organic,us
u_000276,2026-07-01,organic,eu
u_000277,2026-07-01,organic,eu
u_000278,2026-07-01,organic,eu
u_000279,2026-07-01,organic,eu
u_000280,2026-07-01,organic,us
u_000281,2026-07-01,organic,eu
u_000282,2026-07-01,organic,eu
u_000283,2026-07-01,organic,eu
u_000284,2026-07-01,organic,us
u_000285,2026-07-01,paid_search,eu
u_000286,2026-07-01,paid_search,us
u_000287,2026-07-01,paid_search,us
u_000288,2026-07-01,paid_search,us
u_000289,2026-07-01,paid_search,us
u_000290,2026-07-01,paid_search,us
u_000291,2026-07-01,paid_search,us
u_000292,2026-07-01,paid_search,us
u_000293,2026-07-01,paid_search,in
u_000294,2026-07-01,paid_search,eu
u_000295,2026-07-01,paid_search,eu
u_000296,2026-07-01,paid_search,us
u_000297,2026-07-01,paid_search,us
u_000298,2026-07-01,paid_search,eu
u_000299,2026-07-01,paid_search,eu
u_000300,2026-07-01,paid_search,us
u_000301,2026-07-01,paid_search,eu
u_000302,2026-07-01,paid_search,us
u_000303,2026-07-01,paid_search,us
u_000304,2026-07-01,paid_search,in
u_000305,2026-07-01,paid_search,us
u_000306,2026-07-01,paid_search,in
u_000307,2026-07-01,paid_search,in
u_000308,2026-07-01,paid_search,us
u_000309,2026-07-01,paid_search,in
u_000310,2026-07-01,paid_search,us
u_000311,2026-07-01,paid_search,us
u_000312,2026-07-01,paid_search,us
u_000313,2026-07-01,push,eu
u_000314,2026-07-01,,us
u_000315,2026-07-01,push,us
u_000316,2026-07-01,push,us
u_000317,2026-07-01,push,in
u_000318,2026-07-01,push,in
u_000319,2026-07-01,push,in
u_000320,2026-07-01,push,in
u_000321,2026-07-01,push,us
u_000322,2026-07-01,push,us
u_000323,2026-07-01,push,us
u_000324,2026-07-01,push,in
u_000325,2026-07-01,push,eu
u_000326,2026-07-01,push,us
u_000327,2026-07-01,push,us
u_000328,2026-07-01,push,in
u_000329,2026-07-01,push,us
u_000330,2026-07-01,push,us
u_000331,2026-07-01,push,us
u_000332,2026-07-01,push,in
u_000333,2026-07-01,push,us
u_000334,2026-07-01,push,us
u_000335,2026-07-01,push,us
u_000336,2026-07-01,push,eu
u_000337,2026-07-01,push,in
u_000338,2026-07-01,push,us
u_000339,2026-07-01,push,us
u_000340,2026-07-01,push,eu
u_000341,2026-07-01,email,in
u_000342,2026-07-01,email,us
u_000343,2026-07-01,email,in
u_000344,2026-07-01,email,us
u_000345,2026-07-01,email,us
u_000346,2026-07-01,email,eu
u_000347,2026-07-01,email,us
u_000348,2026-07-01,email,us
u_000349,2026-07-01,email,eu
u_000350,2026-07-01,email,eu
u_000351,2026-07-01,email,eu
u_000352,2026-07-01,email,us
u_000353,2026-07-01,email,in
u_000354,2026-07-01,email,us
u_000355,2026-07-01,email,eu
u_000356,2026-07-01,email,us
u_000357,2026-07-01,email,us
u_000358,2026-07-01,email,in
u_000359,2026-07-01,email,in
u_000360,2026-07-01,email,us
u_000361,2026-07-01,email,us
u_000362,2026-07-01,,us
u_000363,2026-07-01,,us
u_000364,2026-07-01,,us
u_000365,2026-07-01,,eu
u_000366,2026-07-01,,eu
u_000367,2026-07-01,,us
u_000368,2026-07-01,,us
u_000369,2026-07-01,,in
u_000370,2026-07-01,,eu
u_000371,2026-07-01,,us
u_000372,2026-07-01,,us
u_000373,2026-07-01,,us
u_000374,2026-07-01,,eu
u_000375,2026-07-01,,us
u_000376,2026-07-01,,us
u_000377,2026-07-01,,us
u_000378,2026-07-01,,in
u_000379,2026-07-01,,eu
u_000380,2026-07-01,,eu
u_000381,2026-07-01,,us
u_000382,2026-07-01,,eu
u_000383,2026-07-02,organic,eu
u_000384,2026-07-02,organic,eu
u_000385,2026-07-02,organic,in
u_000386,2026-07-02,organic,us
u_000387,2026-07-02,organic,us
u_000388,2026-07-02,organic,in
u_000389,2026-07-02,organic,us
u_000390,2026-07-02,organic,eu
u_000391,2026-07-02,organic,in
u_000392,2026-07-02,organic,in
u_000393,2026-07-02,organic,us
u_000394,2026-07-02,organic,eu
u_000395,2026-07-02,organic,in
u_000396,2026-07-02,organic,us
u_000397,2026-07-02,organic,in
u_000398,2026-07-02,organic,in
u_000399,2026-07-02,organic,in
u_000400,2026-07-02,organic,us
u_000401,2026-07-02,organic,us
u_000402,2026-07-02,organic,us
u_000403,2026-07-02,organic,us
u_000404,2026-07-02,organic,us
u_000405,2026-07-02,organic,us
u_000406,2026-07-02,organic,in
u_000407,2026-07-02,organic,us
u_000408,2026-07-02,organic,us
u_000409,2026-07-02,organic,us
u_000410,2026-07-02,organic,us
u_000411,2026-07-02,organic,us
u_000412,2026-07-02,organic,in
u_000413,2026-07-02,organic,us
u_000414,2026-07-02,organic,eu
u_000415,2026-07-02,organic,us
u_000416,2026-07-02,organic,eu
u_000417,2026-07-02,organic,us
u_000418,2026-07-02,organic,in
u_000419,2026-07-02,organic,us
u_000420,2026-07-02,organic,us
u_000421,2026-07-02,organic,in
u_000422,2026-07-02,organic,us
u_000423,2026-07-02,organic,us
u_000424,2026-07-02,organic,eu
u_000425,2026-07-02,organic,eu
u_000426,2026-07-02,paid_search,us
u_000427,2026-07-02,paid_search,us
u_000428,2026-07-02,paid_search,us
u_000429,2026-07-02,paid_search,us
u_000430,2026-07-02,paid_search,us
u_000431,2026-07-02,paid_search,eu
u_000432,2026-07-02,paid_search,us
u_000433,2026-07-02,paid_search,eu
u_000434,2026-07-02,paid_search,us
u_000435,2026-07-02,paid_search,us
u_000436,2026-07-02,paid_search,us
u_000437,2026-07-02,paid_search,eu
u_000438,2026-07-02,paid_search,us
u_000439,2026-07-02,paid_search,us
u_000440,2026-07-02,paid_search,us
u_000441,2026-07-02,paid_search,us
u_000442,2026-07-02,paid_search,eu
u_000443,2026-07-02,paid_search,us
u_000444,2026-07-02,paid_search,eu
u_000445,2026-07-02,paid_search,in
u_000446,2026-07-02,paid_search,us
u_000447,2026-07-02,paid_search,us
u_000448,2026-07-02,paid_search,us
u_000449,2026-07-02,paid_search,eu
u_000450,2026-07-02,paid_search,us
u_000451,2026-07-02,paid_search,us
u_000452,2026-07-02,paid_search,in
u_000453,2026-07-02,paid_search,us
u_000454,2026-07-02,paid_search,us
u_000455,2026-07-02,push,us
u_000456,2026-07-02,push,us
u_000457,2026-07-02,push,us
u_000458,2026-07-02,push,eu
u_000459,2026-07-02,push,in
u_000460,2026-07-02,push,us
u_000461,2026-07-02,push,us
u_000462,2026-07-02,push,us
u_000463,2026-07-02,push,us
u_000464,2026-07-02,push,us
u_000465,2026-07-02,push,in
u_000466,2026-07-02,push,in
u_000467,2026-07-02,push,us
u_000468,2026-07-02,push,in
u_000469,2026-07-02,push,us
u_000470,2026-07-02,push,us
u_000471,2026-07-02,push,eu
u_000472,2026-07-02,push,eu
u_000473,2026-07-02,push,us
u_000474,2026-07-02,push,eu
u_000475,2026-07-02,push,us
u_000476,2026-07-02,push,eu
u_000477,2026-07-02,push,us
u_000478,2026-07-02,push,in
u_000479,2026-07-02,push,us
u_000480,2026-07-02,push,us
u_000481,2026-07-02,push,us
u_000482,2026-07-02,push,eu
u_000483,2026-07-02,push,us
u_000484,2026-07-02,email,us
u_000485,2026-07-02,email,in
u_000486,2026-07-02,email,us
u_000487,2026-07-02,email,eu
u_000488,2026-07-02,email,us
u_000489,2026-07-02,email,us
u_000490,2026-07-02,email,us
u_000491,2026-07-02,email,us
u_000492,2026-07-02,email,us
u_000493,2026-07-02,email,us
u_000494,2026-07-02,email,us
u_000495,2026-07-02,email,us
u_000496,2026-07-02,email,us
u_000497,2026-07-02,email,eu
u_000498,2026-07-02,email,eu
u_000499,2026-07-02,email,us
u_000500,2026-07-02,email,us
u_000501,2026-07-02,email,us
u_000502,2026-07-02,email,us
u_000503,2026-07-02,email,us
u_000504,2026-07-02,email,in
u_000505,2026-07-02,,us
u_000506,2026-07-02,referral,us
u_000507,2026-07-02,,us
u_000508,2026-07-02,,us
u_000509,2026-07-02,,us
u_000510,2026-07-02,,us
u_000511,2026-07-02,,us
u_000512,2026-07-02,,in
u_000513,2026-07-02,,in
u_000514,2026-07-02,,us
u_000515,2026-07-02,,in
u_000516,2026-07-02,,us
u_000517,2026-07-02,,us
u_000518,2026-07-02,referral,us
u_000519,2026-07-02,,us
u_000520,2026-07-02,,in
u_000521,2026-07-02,,us
u_000522,2026-07-02,,us
u_000523,2026-07-02,referral,eu
u_000524,2026-07-02,,us
u_000525,2026-07-02,,eu
u_000526,2026-07-03,organic,eu
u_000527,2026-07-03,organic,us
u_000528,2026-07-03,organic,us
u_000529,2026-07-03,organic,us
u_000530,2026-07-03,organic,eu
u_000531,2026-07-03,organic,us
u_000532,2026-07-03,organic,us
u_000533,2026-07-03,organic,in
u_000534,2026-07-03,organic,eu
u_000535,2026-07-03,organic,us
u_000536,2026-07-03,organic,in
u_000537,2026-07-03,organic,eu
u_000538,2026-07-03,organic,us
u_000539,2026-07-03,organic,eu
u_000540,2026-07-03,organic,in
u_000541,2026-07-03,organic,us
u_000542,2026-07-03,organic,us
u_000543,2026-07-03,organic,us
u_000544,2026-07-03,organic,eu
u_000545,2026-07-03,organic,us
u_000546,2026-07-03,organic,us
u_000547,2026-07-03,organic,us
u_000548,2026-07-03,organic,us
u_000549,2026-07-03,organic,eu
u_000550,2026-07-03,organic,eu
u_000551,2026-07-03,organic,eu
u_000552,2026-07-03,organic,in
u_000553,2026-07-03,organic,us
u_000554,2026-07-03,organic,eu
u_000555,2026-07-03,organic,us
u_000556,2026-07-03,organic,us
u_000557,2026-07-03,organic,us
u_000558,2026-07-03,organic,us
u_000559,2026-07-03,organic,eu
u_000560,2026-07-03,organic,us
u_000561,2026-07-03,organic,us
u_000562,2026-07-03,organic,us
u_000563,2026-07-03,organic,us
u_000564,2026-07-03,organic,eu
u_000565,2026-07-03,organic,eu
u_000566,2026-07-03,organic,eu
u_000567,2026-07-03,paid_search,us
u_000568,2026-07-03,paid_search,eu
u_000569,2026-07-03,paid_search,in
u_000570,2026-07-03,paid_search,us
u_000571,2026-07-03,paid_search,in
u_000572,2026-07-03,paid_search,us
u_000573,2026-07-03,paid_search,in
u_000574,2026-07-03,paid_search,us
u_000575,2026-07-03,paid_search,in
u_000576,2026-07-03,,eu
u_000577,2026-07-03,paid_search,us
u_000578,2026-07-03,paid_search,us
u_000579,2026-07-03,paid_search,us
u_000580,2026-07-03,paid_search,in
u_000581,2026-07-03,paid_search,us
u_000582,2026-07-03,paid_search,in
u_000583,2026-07-03,,us
u_000584,2026-07-03,paid_search,in
u_000585,2026-07-03,paid_search,us
u_000586,2026-07-03,paid_search,us
u_000587,2026-07-03,paid_search,us
u_000588,2026-07-03,paid_search,us
u_000589,2026-07-03,paid_search,us
u_000590,2026-07-03,paid_search,us
u_000591,2026-07-03,paid_search,eu
u_000592,2026-07-03,paid_search,us
u_000593,2026-07-03,paid_search,in
u_000594,2026-07-03,push,us
u_000595,2026-07-03,push,eu
u_000596,2026-07-03,push,eu
u_000597,2026-07-03,push,us
u_000598,2026-07-03,push,us
u_000599,2026-07-03,push,eu
u_000600,2026-07-03,push,eu
u_000601,2026-07-03,push,us
u_000602,2026-07-03,push,in
u_000603,2026-07-03,push,us
u_000604,2026-07-03,push,us
u_000605,2026-07-03,push,us
u_000606,2026-07-03,push,in
u_000607,2026-07-03,push,us
u_000608,2026-07-03,push,us
u_000609,2026-07-03,push,eu
u_000610,2026-07-03,push,us
u_000611,2026-07-03,push,us
u_000612,2026-07-03,push,eu
u_000613,2026-07-03,push,us
u_000614,2026-07-03,push,us
u_000615,2026-07-03,push,in
u_000616,2026-07-03,push,us
u_000617,2026-07-03,push,in
u_000618,2026-07-03,push,us
u_000619,2026-07-03,push,us
u_000620,2026-07-03,push,eu
u_000621,2026-07-03,email,us
u_000622,2026-07-03,email,us
u_000623,2026-07-03,email,in
u_000624,2026-07-03,email,us
u_000625,2026-07-03,email,us
u_000626,2026-07-03,email,eu
u_000627,2026-07-03,email,us
u_000628,2026-07-03,email,us
u_000629,2026-07-03,email,us
u_000630,2026-07-03,email,us
u_000631,2026-07-03,email,us
u_000632,2026-07-03,email,us
u_000633,2026-07-03,email,eu
u_000634,2026-07-03,email,us
u_000635,2026-07-03,email,us
u_000636,2026-07-03,email,eu
u_000637,2026-07-03,email,us
u_000638,2026-07-03,email,us
u_000639,2026-07-03,email,eu
u_000640,2026-07-03,email,us
u_000641,2026-07-03,email,us
u_000642,2026-07-03,,in
u_000643,2026-07-03,,us
u_000644,2026-07-03,,us
u_000645,2026-07-03,,us
u_000646,2026-07-03,referral,us
u_000647,2026-07-03,,us
u_000648,2026-07-03,,in
u_000649,2026-07-03,,us
u_000650,2026-07-03,,us
u_000651,2026-07-03,,us
u_000652,2026-07-03,,in
u_000653,2026-07-03,,in
u_000654,2026-07-03,,eu
u_000655,2026-07-03,referral,us
u_000656,2026-07-03,,us
u_000657,2026-07-03,,us
u_000658,2026-07-03,,us
u_000659,2026-07-03,,us
u_000660,2026-07-03,,us
u_000661,2026-07-03,,us
u_000662,2026-07-03,,eu
u_000663,2026-07-04,organic,us
u_000664,2026-07-04,organic,us
u_000665,2026-07-04,organic,us
u_000666,2026-07-04,organic,eu
u_000667,2026-07-04,organic,eu
u_000668,2026-07-04,,us
u_000669,2026-07-04,organic,us
u_000670,2026-07-04,organic,in
u_000671,2026-07-04,organic,us
u_000672,2026-07-04,organic,us
u_000673,2026-07-04,organic,us
u_000674,2026-07-04,organic,us
u_000675,2026-07-04,,us
u_000676,2026-07-04,organic,us
u_000677,2026-07-04,organic,in
u_000678,2026-07-04,organic,us
u_000679,2026-07-04,organic,us
u_000680,2026-07-04,organic,eu
u_000681,2026-07-04,organic,us
u_000682,2026-07-04,organic,us
u_000683,2026-07-04,organic,us
u_000684,2026-07-04,organic,us
u_000685,2026-07-04,organic,eu
u_000686,2026-07-04,organic,us
u_000687,2026-07-04,organic,us
u_000688,2026-07-04,organic,in
u_000689,2026-07-04,organic,in
u_000690,2026-07-04,organic,us
u_000691,2026-07-04,organic,us
u_000692,2026-07-04,organic,in
u_000693,2026-07-04,organic,in
u_000694,2026-07-04,organic,us
u_000695,2026-07-04,paid_search,eu
u_000696,2026-07-04,paid_search,us
u_000697,2026-07-04,paid_search,us
u_000698,2026-07-04,paid_search,us
u_000699,2026-07-04,paid_search,us
u_000700,2026-07-04,paid_search,us
u_000701,2026-07-04,paid_search,us
u_000702,2026-07-04,paid_search,us
u_000703,2026-07-04,paid_search,in
u_000704,2026-07-04,paid_search,us
u_000705,2026-07-04,paid_search,us
u_000706,2026-07-04,paid_search,us
u_000707,2026-07-04,paid_search,in
u_000708,2026-07-04,paid_search,us
u_000709,2026-07-04,paid_search,eu
u_000710,2026-07-04,paid_search,us
u_000711,2026-07-04,paid_search,in
u_000712,2026-07-04,paid_search,us
u_000713,2026-07-04,paid_search,us
u_000714,2026-07-04,paid_search,eu
u_000715,2026-07-04,paid_search,eu
u_000716,2026-07-04,push,us
u_000717,2026-07-04,push,us
u_000718,2026-07-04,push,us
u_000719,2026-07-04,push,us
u_000720,2026-07-04,push,in
u_000721,2026-07-04,push,us
u_000722,2026-07-04,push,eu
u_000723,2026-07-04,push,us
u_000724,2026-07-04,push,us
u_000725,2026-07-04,push,in
u_000726,2026-07-04,push,eu
u_000727,2026-07-04,push,us
u_000728,2026-07-04,push,us
u_000729,2026-07-04,push,in
u_000730,2026-07-04,push,eu
u_000731,2026-07-04,push,us
u_000732,2026-07-04,push,us
u_000733,2026-07-04,push,us
u_000734,2026-07-04,push,us
u_000735,2026-07-04,push,us
u_000736,2026-07-04,push,us
u_000737,2026-07-04,email,eu
u_000738,2026-07-04,email,in
u_000739,2026-07-04,email,us
u_000740,2026-07-04,email,us
u_000741,2026-07-04,email,us
u_000742,2026-07-04,email,us
u_000743,2026-07-04,email,us
u_000744,2026-07-04,email,us
u_000745,2026-07-04,email,eu
u_000746,2026-07-04,email,us
u_000747,2026-07-04,email,us
u_000748,2026-07-04,email,us
u_000749,2026-07-04,email,us
u_000750,2026-07-04,email,eu
u_000751,2026-07-04,email,in
u_000752,2026-07-04,email,us
u_000753,2026-07-04,,us
u_000754,2026-07-04,,in
u_000755,2026-07-04,,us
u_000756,2026-07-04,,in
u_000757,2026-07-04,,in
u_000758,2026-07-04,,us
u_000759,2026-07-04,referral,us
u_000760,2026-07-04,,us
u_000761,2026-07-04,,in
u_000762,2026-07-04,,eu
u_000763,2026-07-04,,us
u_000764,2026-07-04,,in
u_000765,2026-07-04,,eu
u_000766,2026-07-04,,eu
u_000767,2026-07-04,,us
u_000768,2026-07-04,,eu
u_000769,2026-07-05,organic,in
u_000770,2026-07-05,organic,eu
u_000771,2026-07-05,organic,us
u_000772,2026-07-05,organic,in
u_000773,2026-07-05,organic,us
u_000774,2026-07-05,organic,us
u_000775,2026-07-05,organic,us
u_000776,2026-07-05,organic,us
u_000777,2026-07-05,organic,us
u_000778,2026-07-05,organic,eu
u_000779,2026-07-05,organic,us
u_000780,2026-07-05,organic,eu
u_000781,2026-07-05,organic,eu
u_000782,2026-07-05,organic,eu
u_000783,2026-07-05,organic,us
u_000784,2026-07-05,organic,us
u_000785,2026-07-05,organic,eu
u_000786,2026-07-05,organic,us
u_000787,2026-07-05,organic,eu
u_000788,2026-07-05,organic,us
u_000789,2026-07-05,organic,eu
u_000790,2026-07-05,organic,us
u_000791,2026-07-05,organic,us
u_000792,2026-07-05,organic,in
u_000793,2026-07-05,organic,us
u_000794,2026-07-05,organic,us
u_000795,2026-07-05,organic,in
u_000796,2026-07-05,,in
u_000797,2026-07-05,organic,us
u_000798,2026-07-05,organic,us
u_000799,2026-07-05,organic,us
u_000800,2026-07-05,paid_search,eu
u_000801,2026-07-05,paid_search,in
u_000802,2026-07-05,paid_search,us
u_000803,2026-07-05,paid_search,in
u_000804,2026-07-05,paid_search,eu
u_000805,2026-07-05,paid_search,us
u_000806,2026-07-05,paid_search,us
u_000807,2026-07-05,paid_search,in
u_000808,2026-07-05,paid_search,in
u_000809,2026-07-05,,us
u_000810,2026-07-05,paid_search,in
u_000811,2026-07-05,paid_search,us
u_000812,2026-07-05,paid_search,in
u_000813,2026-07-05,paid_search,in
u_000814,2026-07-05,paid_search,us
u_000815,2026-07-05,paid_search,eu
u_000816,2026-07-05,paid_search,in
u_000817,2026-07-05,paid_search,eu
u_000818,2026-07-05,paid_search,us
u_000819,2026-07-05,paid_search,us
u_000820,2026-07-05,paid_search,us
u_000821,2026-07-05,push,in
u_000822,2026-07-05,push,in
u_000823,2026-07-05,push,eu
u_000824,2026-07-05,push,us
u_000825,2026-07-05,push,in
u_000826,2026-07-05,push,us
u_000827,2026-07-05,push,us
u_000828,2026-07-05,push,eu
u_000829,2026-07-05,push,us
u_000830,2026-07-05,push,us
u_000831,2026-07-05,push,us
u_000832,2026-07-05,push,eu
u_000833,2026-07-05,push,in
u_000834,2026-07-05,push,in
u_000835,2026-07-05,push,us
u_000836,2026-07-05,push,us
u_000837,2026-07-05,push,us
u_000838,2026-07-05,push,us
u_000839,2026-07-05,push,us
u_000840,2026-07-05,push,in
u_000841,2026-07-05,push,eu
u_000842,2026-07-05,email,eu
u_000843,2026-07-05,email,in
u_000844,2026-07-05,email,us
u_000845,2026-07-05,email,eu
u_000846,2026-07-05,email,us
u_000847,2026-07-05,email,in
u_000848,2026-07-05,email,us
u_000849,2026-07-05,email,us
u_000850,2026-07-05,email,us
u_000851,2026-07-05,email,us
u_000852,2026-07-05,email,us
u_000853,2026-07-05,email,us
u_000854,2026-07-05,email,us
u_000855,2026-07-05,email,eu
u_000856,2026-07-05,email,eu
u_000857,2026-07-05,email,eu
u_000858,2026-07-05,,us
u_000859,2026-07-05,,us
u_000860,2026-07-05,,us
u_000861,2026-07-05,,in
u_000862,2026-07-05,,in
u_000863,2026-07-05,,us
u_000864,2026-07-05,,us
u_000865,2026-07-05,,eu
u_000866,2026-07-05,referral,us
u_000867,2026-07-05,,eu
u_000868,2026-07-05,,us
u_000869,2026-07-05,,eu
u_000870,2026-07-05,,eu
u_000871,2026-07-05,,eu
u_000872,2026-07-05,,us
u_000873,2026-07-05,,in
u_000874,2026-07-06,organic,eu
u_000875,2026-07-06,organic,us
u_000876,2026-07-06,organic,us
u_000877,2026-07-06,organic,in
u_000878,2026-07-06,organic,us
u_000879,2026-07-06,organic,us
u_000880,2026-07-06,organic,us
u_000881,2026-07-06,organic,us
u_000882,2026-07-06,organic,in
u_000883,2026-07-06,organic,eu
u_000884,2026-07-06,organic,in
u_000885,2026-07-06,organic,eu
u_000886,2026-07-06,organic,us
u_000887,2026-07-06,organic,us
u_000888,2026-07-06,organic,us
u_000889,2026-07-06,organic,us
u_000890,2026-07-06,organic,in
u_000891,2026-07-06,organic,us
u_000892,2026-07-06,organic,eu
u_000893,2026-07-06,organic,us
u_000894,2026-07-06,organic,us
u_000895,2026-07-06,organic,us
u_000896,2026-07-06,organic,us
u_000897,2026-07-06,organic,us
u_000898,2026-07-06,organic,us
u_000899,2026-07-06,organic,eu
u_000900,2026-07-06,organic,us
u_000901,2026-07-06,organic,us
u_000902,2026-07-06,organic,us
u_000903,2026-07-06,organic,in
u_000904,2026-07-06,organic,us
u_000905,2026-07-06,organic,us
u_000906,2026-07-06,organic,eu
u_000907,2026-07-06,organic,eu
u_000908,2026-07-06,organic,us
u_000909,2026-07-06,organic,us
u_000910,2026-07-06,organic,us
u_000911,2026-07-06,organic,eu
u_000912,2026-07-06,organic,us
u_000913,2026-07-06,organic,us
u_000914,2026-07-06,organic,in
u_000915,2026-07-06,organic,in
u_000916,2026-07-06,paid_search,us
u_000917,2026-07-06,paid_search,eu
u_000918,2026-07-06,paid_search,us
u_000919,2026-07-06,paid_search,us
u_000920,2026-07-06,paid_search,in
u_000921,2026-07-06,paid_search,us
u_000922,2026-07-06,paid_search,eu
u_000923,2026-07-06,paid_search,us
u_000924,2026-07-06,paid_search,eu
u_000925,2026-07-06,paid_search,us
u_000926,2026-07-06,paid_search,us
u_000927,2026-07-06,paid_search,in
u_000928,2026-07-06,paid_search,eu
u_000929,2026-07-06,paid_search,us
u_000930,2026-07-06,paid_search,us
u_000931,2026-07-06,paid_search,us
u_000932,2026-07-06,paid_search,us
u_000933,2026-07-06,paid_search,eu
u_000934,2026-07-06,paid_search,us
u_000935,2026-07-06,paid_search,us
u_000936,2026-07-06,paid_search,eu
u_000937,2026-07-06,paid_search,us
u_000938,2026-07-06,paid_search,us
u_000939,2026-07-06,paid_search,us
u_000940,2026-07-06,paid_search,eu
u_000941,2026-07-06,paid_search,in
u_000942,2026-07-06,paid_search,us
u_000943,2026-07-06,paid_search,us
u_000944,2026-07-06,push,eu
u_000945,2026-07-06,push,us
u_000946,2026-07-06,push,us
u_000947,2026-07-06,push,eu
u_000948,2026-07-06,push,eu
u_000949,2026-07-06,push,eu
u_000950,2026-07-06,push,us
u_000951,2026-07-06,push,us
u_000952,2026-07-06,push,in
u_000953,2026-07-06,push,us
u_000954,2026-07-06,push,in
u_000955,2026-07-06,,us
u_000956,2026-07-06,,eu
u_000957,2026-07-06,push,us
u_000958,2026-07-06,push,us
u_000959,2026-07-06,push,in
u_000960,2026-07-06,push,eu
u_000961,2026-07-06,push,in
u_000962,2026-07-06,push,us
u_000963,2026-07-06,push,in
u_000964,2026-07-06,push,us
u_000965,2026-07-06,push,us
u_000966,2026-07-06,push,us
u_000967,2026-07-06,push,us
u_000968,2026-07-06,push,us
u_000969,2026-07-06,push,in
u_000970,2026-07-06,push,eu
u_000971,2026-07-06,push,us
u_000972,2026-07-06,email,eu
u_000973,2026-07-06,email,in
u_000974,2026-07-06,email,in
u_000975,2026-07-06,email,in
u_000976,2026-07-06,email,us
u_000977,2026-07-06,email,us
u_000978,2026-07-06,email,us
u_000979,2026-07-06,email,in
u_000980,2026-07-06,email,in
u_000981,2026-07-06,email,eu
u_000982,2026-07-06,email,us
u_000983,2026-07-06,email,in
u_000984,2026-07-06,email,in
u_000985,2026-07-06,email,eu
u_000986,2026-07-06,email,eu
u_000987,2026-07-06,email,in
u_000988,2026-07-06,email,us
u_000989,2026-07-06,email,us
u_000990,2026-07-06,email,us
u_000991,2026-07-06,email,us
u_000992,2026-07-06,email,us
u_000993,2026-07-06,,in
u_000994,2026-07-06,,eu
u_000995,2026-07-06,,us
u_000996,2026-07-06,referral,us
u_000997,2026-07-06,,us
u_000998,2026-07-06,,us
u_000999,2026-07-06,,us
u_001000,2026-07-06,,eu
u_001001,2026-07-06,,us
u_001002,2026-07-06,,in
u_001003,2026-07-06,,us
u_001004,2026-07-06,,us
u_001005,2026-07-06,,us
u_001006,2026-07-06,,eu
u_001007,2026-07-06,,us
u_001008,2026-07-06,,us
u_001009,2026-07-06,,us
u_001010,2026-07-06,,in
u_001011,2026-07-06,,us
u_001012,2026-07-06,,us
u_001013,2026-07-06,,us
u_001014,2026-07-07,organic,us
u_001015,2026-07-07,organic,us
u_001016,2026-07-07,organic,us
u_001017,2026-07-07,organic,eu
u_001018,2026-07-07,organic,eu
u_001019,2026-07-07,organic,us
u_001020,2026-07-07,organic,us
u_001021,2026-07-07,organic,in
u_001022,2026-07-07,organic,us
u_001023,2026-07-07,organic,us
u_001024,2026-07-07,organic,us
u_001025,2026-07-07,organic,in
u_001026,2026-07-07,organic,us
u_001027,2026-07-07,organic,us
u_001028,2026-07-07,organic,eu
u_001029,2026-07-07,organic,eu
u_001030,2026-07-07,organic,us
u_001031,2026-07-07,organic,in
u_001032,2026-07-07,organic,us
u_001033,2026-07-07,organic,us
u_001034,2026-07-07,organic,in
u_001035,2026-07-07,organic,us
u_001036,2026-07-07,organic,in
u_001037,2026-07-07,organic,eu
u_001038,2026-07-07,organic,us
u_001039,2026-07-07,organic,eu
u_001040,2026-07-07,organic,us
u_001041,2026-07-07,organic,us
u_001042,2026-07-07,organic,us
u_001043,2026-07-07,organic,us
u_001044,2026-07-07,organic,us
u_001045,2026-07-07,organic,eu
u_001046,2026-07-07,organic,us
u_001047,2026-07-07,organic,us
u_001048,2026-07-07,organic,us
u_001049,2026-07-07,organic,in
u_001050,2026-07-07,organic,in
u_001051,2026-07-07,organic,eu
u_001052,2026-07-07,organic,eu
u_001053,2026-07-07,organic,eu
u_001054,2026-07-07,paid_search,us
u_001055,2026-07-07,paid_search,in
u_001056,2026-07-07,paid_search,eu
u_001057,2026-07-07,paid_search,us
u_001058,2026-07-07,paid_search,us
u_001059,2026-07-07,paid_search,in
u_001060,2026-07-07,paid_search,us
u_001061,2026-07-07,paid_search,in
u_001062,2026-07-07,paid_search,us
u_001063,2026-07-07,paid_search,us
u_001064,2026-07-07,paid_search,us
u_001065,2026-07-07,paid_search,us
u_001066,2026-07-07,paid_search,us
u_001067,2026-07-07,paid_search,us
u_001068,2026-07-07,paid_search,eu
u_001069,2026-07-07,paid_search,eu
u_001070,2026-07-07,paid_search,us
u_001071,2026-07-07,paid_search,eu
u_001072,2026-07-07,paid_search,us
u_001073,2026-07-07,paid_search,in
u_001074,2026-07-07,paid_search,us
u_001075,2026-07-07,paid_search,eu
u_001076,2026-07-07,paid_search,in
u_001077,2026-07-07,paid_search,eu
u_001078,2026-07-07,paid_search,eu
u_001079,2026-07-07,paid_search,us
u_001080,2026-07-07,paid_search,us
u_001081,2026-07-07,push,us
u_001082,2026-07-07,push,us
u_001083,2026-07-07,push,us
u_001084,2026-07-07,push,in
u_001085,2026-07-07,push,us
u_001086,2026-07-07,push,us
u_001087,2026-07-07,push,us
u_001088,2026-07-07,push,us
u_001089,2026-07-07,email,in
u_001090,2026-07-07,email,us
u_001091,2026-07-07,email,eu
u_001092,2026-07-07,email,eu
u_001093,2026-07-07,email,eu
u_001094,2026-07-07,email,in
u_001095,2026-07-07,email,eu
u_001096,2026-07-07,,us
u_001097,2026-07-07,,us
u_001098,2026-07-07,,in
u_001099,2026-07-07,,us
u_001100,2026-07-07,,us
u_001101,2026-07-07,referral,us
u_001102,2026-07-07,,in
u_001103,2026-07-07,,us
u_001104,2026-07-07,,us
u_001105,2026-07-07,,eu
u_001106,2026-07-07,,us
u_001107,2026-07-07,,eu
u_001108,2026-07-07,,in
u_001109,2026-07-07,,us
u_001110,2026-07-07,,eu
u_001111,2026-07-07,,us
u_001112,2026-07-07,,us
u_001113,2026-07-07,,eu
u_001114,2026-07-07,,us
u_001115,2026-07-07,,eu
u_001116,2026-07-08,organic,us
u_001117,2026-07-08,organic,us
u_001118,2026-07-08,organic,us
u_001119,2026-07-08,organic,eu
u_001120,2026-07-08,organic,eu
u_001121,2026-07-08,organic,eu
u_001122,2026-07-08,organic,us
u_001123,2026-07-08,organic,us
u_001124,2026-07-08,organic,us
u_001125,2026-07-08,organic,us
u_001126,2026-07-08,organic,us
u_001127,2026-07-08,organic,us
u_001128,2026-07-08,organic,in
u_001129,2026-07-08,organic,us
u_001130,2026-07-08,organic,in
u_001131,2026-07-08,organic,in
u_001132,2026-07-08,organic,us
u_001133,2026-07-08,organic,us
u_001134,2026-07-08,organic,in
u_001135,2026-07-08,organic,us
u_001136,2026-07-08,organic,us
u_001137,2026-07-08,organic,eu
u_001138,2026-07-08,organic,us
u_001139,2026-07-08,organic,us
u_001140,2026-07-08,organic,us
u_001141,2026-07-08,organic,in
u_001142,2026-07-08,organic,eu
u_001143,2026-07-08,organic,us
u_001144,2026-07-08,organic,us
u_001145,2026-07-08,organic,us
u_001146,2026-07-08,organic,us
u_001147,2026-07-08,organic,in
u_001148,2026-07-08,organic,in
u_001149,2026-07-08,organic,us
u_001150,2026-07-08,organic,eu
u_001151,2026-07-08,organic,us
u_001152,2026-07-08,organic,us
u_001153,2026-07-08,organic,us
u_001154,2026-07-08,organic,us
u_001155,2026-07-08,organic,us
u_001156,2026-07-08,organic,us
u_001157,2026-07-08,paid_search,eu
u_001158,2026-07-08,paid_search,us
u_001159,2026-07-08,paid_search,us
u_001160,2026-07-08,paid_search,us
u_001161,2026-07-08,paid_search,in
u_001162,2026-07-08,paid_search,eu
u_001163,2026-07-08,paid_search,eu
u_001164,2026-07-08,paid_search,in
u_001165,2026-07-08,paid_search,us
u_001166,2026-07-08,paid_search,in
u_001167,2026-07-08,paid_search,us
u_001168,2026-07-08,paid_search,in
u_001169,2026-07-08,paid_search,us
u_001170,2026-07-08,paid_search,us
u_001171,2026-07-08,paid_search,in
u_001172,2026-07-08,paid_search,us
u_001173,2026-07-08,paid_search,us
u_001174,2026-07-08,paid_search,us
u_001175,2026-07-08,paid_search,us
u_001176,2026-07-08,paid_search,us
u_001177,2026-07-08,paid_search,in
u_001178,2026-07-08,paid_search,us
u_001179,2026-07-08,paid_search,in
u_001180,2026-07-08,paid_search,us
u_001181,2026-07-08,paid_search,eu
u_001182,2026-07-08,paid_search,us
u_001183,2026-07-08,paid_search,in
u_001184,2026-07-08,paid_search,us
u_001185,2026-07-08,push,eu
u_001186,2026-07-08,push,in
u_001187,2026-07-08,push,us
u_001188,2026-07-08,push,us
u_001189,2026-07-08,push,eu
u_001190,2026-07-08,push,us
u_001191,2026-07-08,push,us
u_001192,2026-07-08,push,us
u_001193,2026-07-08,push,us
u_001194,2026-07-08,push,in
u_001195,2026-07-08,push,us
u_001196,2026-07-08,push,us
u_001197,2026-07-08,push,us
u_001198,2026-07-08,push,in
u_001199,2026-07-08,push,us
u_001200,2026-07-08,push,us
u_001201,2026-07-08,push,us
u_001202,2026-07-08,push,us
u_001203,2026-07-08,push,us
u_001204,2026-07-08,push,in
u_001205,2026-07-08,push,in
u_001206,2026-07-08,push,us
u_001207,2026-07-08,push,us
u_001208,2026-07-08,push,us
u_001209,2026-07-08,push,us
u_001210,2026-07-08,push,in
u_001211,2026-07-08,push,us
u_001212,2026-07-08,push,in
u_001213,2026-07-08,email,us
u_001214,2026-07-08,email,us
u_001215,2026-07-08,email,us
u_001216,2026-07-08,email,us
u_001217,2026-07-08,,eu
u_001218,2026-07-08,email,in
u_001219,2026-07-08,email,us
u_001220,2026-07-08,email,in
u_001221,2026-07-08,email,us
u_001222,2026-07-08,email,in
u_001223,2026-07-08,email,in
u_001224,2026-07-08,email,in
u_001225,2026-07-08,email,us
u_001226,2026-07-08,email,in
u_001227,2026-07-08,email,us
u_001228,2026-07-08,email,us
u_001229,2026-07-08,email,eu
u_001230,2026-07-08,email,eu
u_001231,2026-07-08,email,us
u_001232,2026-07-08,email,us
u_001233,2026-07-08,email,us
u_001234,2026-07-08,,us
u_001235,2026-07-08,,us
u_001236,2026-07-08,,us
u_001237,2026-07-08,,us
u_001238,2026-07-08,,eu
u_001239,2026-07-08,,us
u_001240,2026-07-08,,us
u_001241,2026-07-08,,in
u_001242,2026-07-08,,us
u_001243,2026-07-08,,eu
u_001244,2026-07-08,referral,eu
u_001245,2026-07-08,,us
u_001246,2026-07-08,,us
u_001247,2026-07-08,,eu
u_001248,2026-07-08,,us
u_001249,2026-07-08,referral,us
u_001250,2026-07-08,,in
u_001251,2026-07-08,,us
u_001252,2026-07-08,,us
u_001253,2026-07-08,referral,us
u_001254,2026-07-08,,us
u_001255,2026-07-09,organic,eu
u_001256,2026-07-09,organic,eu
u_001257,2026-07-09,organic,in
u_001258,2026-07-09,organic,in
u_001259,2026-07-09,organic,us
u_001260,2026-07-09,organic,us
u_001261,2026-07-09,organic,us
u_001262,2026-07-09,organic,us
u_001263,2026-07-09,organic,eu
u_001264,2026-07-09,organic,us
u_001265,2026-07-09,organic,us
u_001266,2026-07-09,organic,us
u_001267,2026-07-09,organic,eu
u_001268,2026-07-09,organic,us
u_001269,2026-07-09,organic,us
u_001270,2026-07-09,organic,us
u_001271,2026-07-09,organic,eu
u_001272,2026-07-09,organic,us
u_001273,2026-07-09,organic,us
u_001274,2026-07-09,organic,in
u_001275,2026-07-09,organic,eu
u_001276,2026-07-09,organic,in
u_001277,2026-07-09,organic,us
u_001278,2026-07-09,organic,eu
u_001279,2026-07-09,organic,us
u_001280,2026-07-09,organic,us
u_001281,2026-07-09,organic,us
u_001282,2026-07-09,organic,in
u_001283,2026-07-09,organic,us
u_001284,2026-07-09,organic,us
u_001285,2026-07-09,organic,us
u_001286,2026-07-09,organic,us
u_001287,2026-07-09,organic,in
u_001288,2026-07-09,organic,us
u_001289,2026-07-09,organic,eu
u_001290,2026-07-09,organic,us
u_001291,2026-07-09,organic,us
u_001292,2026-07-09,organic,eu
u_001293,2026-07-09,organic,us
u_001294,2026-07-09,organic,eu
u_001295,2026-07-09,organic,eu
u_001296,2026-07-09,organic,us
u_001297,2026-07-09,organic,eu
u_001298,2026-07-09,organic,us
u_001299,2026-07-09,paid_search,in
u_001300,2026-07-09,paid_search,eu
u_001301,2026-07-09,paid_search,us
u_001302,2026-07-09,paid_search,us
u_001303,2026-07-09,paid_search,us
u_001304,2026-07-09,paid_search,us
u_001305,2026-07-09,paid_search,in
u_001306,2026-07-09,paid_search,us
u_001307,2026-07-09,paid_search,in
u_001308,2026-07-09,paid_search,us
u_001309,2026-07-09,paid_search,us
u_001310,2026-07-09,paid_search,us
u_001311,2026-07-09,paid_search,in
u_001312,2026-07-09,paid_search,eu
u_001313,2026-07-09,paid_search,us
u_001314,2026-07-09,paid_search,us
u_001315,2026-07-09,paid_search,us
u_001316,2026-07-09,paid_search,us
u_001317,2026-07-09,paid_search,in
u_001318,2026-07-09,paid_search,in
u_001319,2026-07-09,paid_search,eu
u_001320,2026-07-09,paid_search,us
u_001321,2026-07-09,paid_search,in
u_001322,2026-07-09,paid_search,us
u_001323,2026-07-09,paid_search,eu
u_001324,2026-07-09,paid_search,us
u_001325,2026-07-09,paid_search,in
u_001326,2026-07-09,paid_search,in
u_001327,2026-07-09,paid_search,eu
u_001328,2026-07-09,push,us
u_001329,2026-07-09,push,us
u_001330,2026-07-09,push,us
u_001331,2026-07-09,push,eu
u_001332,2026-07-09,push,us
u_001333,2026-07-09,push,us
u_001334,2026-07-09,push,us
u_001335,2026-07-09,push,us
u_001336,2026-07-09,push,us
u_001337,2026-07-09,push,eu
u_001338,2026-07-09,push,in
u_001339,2026-07-09,push,in
u_001340,2026-07-09,push,in
u_001341,2026-07-09,push,in
u_001342,2026-07-09,push,us
u_001343,2026-07-09,push,in
u_001344,2026-07-09,push,us
u_001345,2026-07-09,push,us
u_001346,2026-07-09,push,eu
u_001347,2026-07-09,push,us
u_001348,2026-07-09,push,us
u_001349,2026-07-09,push,in
u_001350,2026-07-09,push,us
u_001351,2026-07-09,push,in
u_001352,2026-07-09,push,eu
u_001353,2026-07-09,push,us
u_001354,2026-07-09,push,in
u_001355,2026-07-09,push,us
u_001356,2026-07-09,push,us
u_001357,2026-07-09,email,in
u_001358,2026-07-09,email,us
u_001359,2026-07-09,email,us
u_001360,2026-07-09,email,us
u_001361,2026-07-09,email,eu
u_001362,2026-07-09,email,us
u_001363,2026-07-09,email,us
u_001364,2026-07-09,email,in
u_001365,2026-07-09,email,in
u_001366,2026-07-09,email,us
u_001367,2026-07-09,email,us
u_001368,2026-07-09,email,in
u_001369,2026-07-09,email,eu
u_001370,2026-07-09,email,in
u_001371,2026-07-09,email,us
u_001372,2026-07-09,email,us
u_001373,2026-07-09,email,us
u_001374,2026-07-09,email,us
u_001375,2026-07-09,email,us
u_001376,2026-07-09,email,us
u_001377,2026-07-09,email,eu
u_001378,2026-07-09,email,us
u_001379,2026-07-09,,us
u_001380,2026-07-09,,us
u_001381,2026-07-09,,us
u_001382,2026-07-09,,eu
u_001383,2026-07-09,,us
u_001384,2026-07-09,,us
u_001385,2026-07-09,,in
u_001386,2026-07-09,,us
u_001387,2026-07-09,,us
u_001388,2026-07-09,,eu
u_001389,2026-07-09,,us
u_001390,2026-07-09,,us
u_001391,2026-07-09,,us
u_001392,2026-07-09,,eu
u_001393,2026-07-09,,us
u_001394,2026-07-09,referral,eu
u_001395,2026-07-09,,eu
u_001396,2026-07-09,,in
u_001397,2026-07-09,,us
u_001398,2026-07-09,,us
u_001399,2026-07-09,,us
u_001400,2026-07-09,,eu
u_001401,2026-07-10,organic,us
u_001402,2026-07-10,organic,eu
u_001403,2026-07-10,organic,us
u_001404,2026-07-10,organic,us
u_001405,2026-07-10,organic,us
u_001406,2026-07-10,organic,us
u_001407,2026-07-10,organic,eu
u_001408,2026-07-10,organic,us
u_001409,2026-07-10,organic,in
u_001410,2026-07-10,organic,eu
u_001411,2026-07-10,organic,us
u_001412,2026-07-10,organic,us
u_001413,2026-07-10,organic,in
u_001414,2026-07-10,organic,us
u_001415,2026-07-10,organic,in
u_001416,2026-07-10,,eu
u_001417,2026-07-10,organic,us
u_001418,2026-07-10,organic,us
u_001419,2026-07-10,organic,eu
u_001420,2026-07-10,organic,eu
u_001421,2026-07-10,organic,us
u_001422,2026-07-10,organic,eu
u_001423,2026-07-10,,us
u_001424,2026-07-10,organic,eu
u_001425,2026-07-10,organic,eu
u_001426,2026-07-10,organic,eu
u_001427,2026-07-10,organic,eu
u_001428,2026-07-10,organic,eu
u_001429,2026-07-10,organic,in
u_001430,2026-07-10,organic,us
u_001431,2026-07-10,organic,eu
u_001432,2026-07-10,organic,us
u_001433,2026-07-10,organic,in
u_001434,2026-07-10,organic,in
u_001435,2026-07-10,organic,us
u_001436,2026-07-10,organic,eu
u_001437,2026-07-10,organic,in
u_001438,2026-07-10,organic,us
u_001439,2026-07-10,organic,us
u_001440,2026-07-10,organic,eu
u_001441,2026-07-10,organic,us
u_001442,2026-07-10,organic,in
u_001443,2026-07-10,organic,us
u_001444,2026-07-10,paid_search,us
u_001445,2026-07-10,paid_search,in
u_001446,2026-07-10,paid_search,in
u_001447,2026-07-10,paid_search,us
u_001448,2026-07-10,paid_search,us
u_001449,2026-07-10,paid_search,eu
u_001450,2026-07-10,paid_search,eu
u_001451,2026-07-10,paid_search,in
u_001452,2026-07-10,paid_search,us
u_001453,2026-07-10,paid_search,in
u_001454,2026-07-10,paid_search,us
u_001455,2026-07-10,paid_search,eu
u_001456,2026-07-10,paid_search,us
u_001457,2026-07-10,paid_search,us
u_001458,2026-07-10,paid_search,us
u_001459,2026-07-10,paid_search,eu
u_001460,2026-07-10,paid_search,us
u_001461,2026-07-10,paid_search,eu
u_001462,2026-07-10,paid_search,us
u_001463,2026-07-10,paid_search,eu
u_001464,2026-07-10,paid_search,eu
u_001465,2026-07-10,paid_search,in
u_001466,2026-07-10,paid_search,eu
u_001467,2026-07-10,paid_search,us
u_001468,2026-07-10,paid_search,us
u_001469,2026-07-10,paid_search,eu
u_001470,2026-07-10,paid_search,in
u_001471,2026-07-10,paid_search,us
u_001472,2026-07-10,push,us
u_001473,2026-07-10,push,us
u_001474,2026-07-10,push,us
u_001475,2026-07-10,push,us
u_001476,2026-07-10,push,eu
u_001477,2026-07-10,push,us
u_001478,2026-07-10,push,us
u_001479,2026-07-10,push,us
u_001480,2026-07-10,push,us
u_001481,2026-07-10,push,in
u_001482,2026-07-10,push,us
u_001483,2026-07-10,push,us
u_001484,2026-07-10,push,eu
u_001485,2026-07-10,push,us
u_001486,2026-07-10,push,us
u_001487,2026-07-10,push,eu
u_001488,2026-07-10,push,eu
u_001489,2026-07-10,push,us
u_001490,2026-07-10,push,us
u_001491,2026-07-10,push,in
u_001492,2026-07-10,push,us
u_001493,2026-07-10,push,us
u_001494,2026-07-10,push,us
u_001495,2026-07-10,push,us
u_001496,2026-07-10,push,eu
u_001497,2026-07-10,push,us
u_001498,2026-07-10,push,eu
u_001499,2026-07-10,push,us
u_001500,2026-07-10,email,us
u_001501,2026-07-10,email,us
u_001502,2026-07-10,email,eu
u_001503,2026-07-10,email,us
u_001504,2026-07-10,email,us
u_001505,2026-07-10,email,eu
u_001506,2026-07-10,email,in
u_001507,2026-07-10,email,in
u_001508,2026-07-10,email,eu
u_001509,2026-07-10,email,us
u_001510,2026-07-10,email,in
u_001511,2026-07-10,email,us
u_001512,2026-07-10,email,us
u_001513,2026-07-10,email,in
u_001514,2026-07-10,email,in
u_001515,2026-07-10,email,us
u_001516,2026-07-10,email,us
u_001517,2026-07-10,email,eu
u_001518,2026-07-10,email,us
u_001519,2026-07-10,email,us
u_001520,2026-07-10,email,eu
u_001521,2026-07-10,,us
u_001522,2026-07-10,,eu
u_001523,2026-07-10,,us
u_001524,2026-07-10,,eu
u_001525,2026-07-10,,eu
u_001526,2026-07-10,,us
u_001527,2026-07-10,,in
u_001528,2026-07-10,,us
u_001529,2026-07-10,,us
u_001530,2026-07-10,,in
u_001531,2026-07-10,,in
u_001532,2026-07-10,,eu
u_001533,2026-07-10,,in
u_001534,2026-07-10,,eu
u_001535,2026-07-10,,us
u_001536,2026-07-10,referral,us
u_001537,2026-07-10,,in
u_001538,2026-07-10,,eu
u_001539,2026-07-10,,eu
u_001540,2026-07-10,,us
u_001541,2026-07-10,,us
u_001542,2026-07-11,organic,eu
u_001543,2026-07-11,organic,eu
u_001544,2026-07-11,organic,eu
u_001545,2026-07-11,organic,in
u_001546,2026-07-11,organic,eu
u_001547,2026-07-11,organic,us
u_001548,2026-07-11,organic,us
u_001549,2026-07-11,organic,us
u_001550,2026-07-11,organic,us
u_001551,2026-07-11,organic,in
u_001552,2026-07-11,,eu
u_001553,2026-07-11,organic,us
u_001554,2026-07-11,organic,eu
u_001555,2026-07-11,organic,us
u_001556,2026-07-11,organic,us
u_001557,2026-07-11,organic,us
u_001558,2026-07-11,organic,us
u_001559,2026-07-11,organic,us
u_001560,2026-07-11,organic,in
u_001561,2026-07-11,organic,eu
u_001562,2026-07-11,organic,in
u_001563,2026-07-11,organic,eu
u_001564,2026-07-11,organic,us
u_001565,2026-07-11,organic,eu
u_001566,2026-07-11,organic,us
u_001567,2026-07-11,organic,us
u_001568,2026-07-11,organic,eu
u_001569,2026-07-11,organic,us
u_001570,2026-07-11,organic,us
u_001571,2026-07-11,paid_search,us
u_001572,2026-07-11,paid_search,us
u_001573,2026-07-11,paid_search,us
u_001574,2026-07-11,paid_search,eu
u_001575,2026-07-11,paid_search,us
u_001576,2026-07-11,paid_search,us
u_001577,2026-07-11,paid_search,in
u_001578,2026-07-11,paid_search,us
u_001579,2026-07-11,paid_search,us
u_001580,2026-07-11,paid_search,us
u_001581,2026-07-11,paid_search,eu
u_001582,2026-07-11,paid_search,in
u_001583,2026-07-11,paid_search,eu
u_001584,2026-07-11,paid_search,eu
u_001585,2026-07-11,paid_search,in
u_001586,2026-07-11,paid_search,us
u_001587,2026-07-11,paid_search,us
u_001588,2026-07-11,paid_search,us
u_001589,2026-07-11,paid_search,eu
u_001590,2026-07-11,push,in
u_001591,2026-07-11,push,us
u_001592,2026-07-11,push,in
u_001593,2026-07-11,push,in
u_001594,2026-07-11,push,eu
u_001595,2026-07-11,push,in
u_001596,2026-07-11,push,us
u_001597,2026-07-11,push,us
u_001598,2026-07-11,push,us
u_001599,2026-07-11,push,us
u_001600,2026-07-11,,us
u_001601,2026-07-11,push,us
u_001602,2026-07-11,push,us
u_001603,2026-07-11,,us
u_001604,2026-07-11,push,eu
u_001605,2026-07-11,push,us
u_001606,2026-07-11,push,in
u_001607,2026-07-11,push,us
u_001608,2026-07-11,push,eu
u_001609,2026-07-11,email,us
u_001610,2026-07-11,email,us
u_001611,2026-07-11,email,us
u_001612,2026-07-11,email,us
u_001613,2026-07-11,email,us
u_001614,2026-07-11,email,in
u_001615,2026-07-11,email,us
u_001616,2026-07-11,email,us
u_001617,2026-07-11,email,us
u_001618,2026-07-11,email,eu
u_001619,2026-07-11,email,us
u_001620,2026-07-11,email,us
u_001621,2026-07-11,email,us
u_001622,2026-07-11,email,us
u_001623,2026-07-11,email,us
u_001624,2026-07-11,,us
u_001625,2026-07-11,referral,us
u_001626,2026-07-11,,us
u_001627,2026-07-11,,us
u_001628,2026-07-11,,us
u_001629,2026-07-11,,us
u_001630,2026-07-11,,us
u_001631,2026-07-11,,eu
u_001632,2026-07-11,,us
u_001633,2026-07-11,,eu
u_001634,2026-07-11,,us
u_001635,2026-07-11,,us
u_001636,2026-07-11,,in
u_001637,2026-07-11,referral,us
u_001638,2026-07-11,,us
u_001639,2026-07-12,organic,eu
u_001640,2026-07-12,organic,us
u_001641,2026-07-12,organic,in
u_001642,2026-07-12,organic,us
u_001643,2026-07-12,organic,in
u_001644,2026-07-12,organic,eu
u_001645,2026-07-12,organic,us
u_001646,2026-07-12,organic,eu
u_001647,2026-07-12,organic,us
u_001648,2026-07-12,organic,us
u_001649,2026-07-12,organic,us
u_001650,2026-07-12,organic,eu
u_001651,2026-07-12,organic,us
u_001652,2026-07-12,organic,us
u_001653,2026-07-12,organic,us
u_001654,2026-07-12,organic,eu
u_001655,2026-07-12,organic,eu
u_001656,2026-07-12,organic,us
u_001657,2026-07-12,organic,us
u_001658,2026-07-12,organic,eu
u_001659,2026-07-12,organic,in
u_001660,2026-07-12,organic,in
u_001661,2026-07-12,organic,us
u_001662,2026-07-12,organic,us
u_001663,2026-07-12,organic,us
u_001664,2026-07-12,organic,us
u_001665,2026-07-12,organic,us
u_001666,2026-07-12,organic,eu
u_001667,2026-07-12,paid_search,eu
u_001668,2026-07-12,paid_search,in
u_001669,2026-07-12,paid_search,us
u_001670,2026-07-12,paid_search,us
u_001671,2026-07-12,paid_search,us
u_001672,2026-07-12,paid_search,us
u_001673,2026-07-12,paid_search,us
u_001674,2026-07-12,paid_search,in
u_001675,2026-07-12,paid_search,in
u_001676,2026-07-12,paid_search,us
u_001677,2026-07-12,paid_search,us
u_001678,2026-07-12,paid_search,in
u_001679,2026-07-12,paid_search,us
u_001680,2026-07-12,paid_search,us
u_001681,2026-07-12,paid_search,in
u_001682,2026-07-12,paid_search,us
u_001683,2026-07-12,paid_search,us
u_001684,2026-07-12,paid_search,us
u_001685,2026-07-12,paid_search,in
u_001686,2026-07-12,push,eu
u_001687,2026-07-12,push,us
u_001688,2026-07-12,push,us
u_001689,2026-07-12,push,us
u_001690,2026-07-12,push,us
u_001691,2026-07-12,push,us
u_001692,2026-07-12,push,eu
u_001693,2026-07-12,push,us
u_001694,2026-07-12,push,us
u_001695,2026-07-12,push,eu
u_001696,2026-07-12,push,us
u_001697,2026-07-12,push,in
u_001698,2026-07-12,push,in
u_001699,2026-07-12,push,us
u_001700,2026-07-12,push,eu
u_001701,2026-07-12,push,in
u_001702,2026-07-12,push,us
u_001703,2026-07-12,push,eu
u_001704,2026-07-12,push,us
u_001705,2026-07-12,email,us
u_001706,2026-07-12,email,in
u_001707,2026-07-12,email,eu
u_001708,2026-07-12,email,eu
u_001709,2026-07-12,email,in
u_001710,2026-07-12,email,eu
u_001711,2026-07-12,email,us
u_001712,2026-07-12,email,in
u_001713,2026-07-12,email,us
u_001714,2026-07-12,email,us
u_001715,2026-07-12,email,eu
u_001716,2026-07-12,email,us
u_001717,2026-07-12,email,us
u_001718,2026-07-12,email,us
u_001719,2026-07-12,,in
u_001720,2026-07-12,,in
u_001721,2026-07-12,referral,us
u_001722,2026-07-12,,us
u_001723,2026-07-12,,us
u_001724,2026-07-12,,us
u_001725,2026-07-12,,us
u_001726,2026-07-12,,us
u_001727,2026-07-12,,us
u_001728,2026-07-12,,us
u_001729,2026-07-12,,us
u_001730,2026-07-12,,eu
u_001731,2026-07-12,,us
u_001732,2026-07-12,,us
u_001733,2026-07-13,organic,us
u_001734,2026-07-13,organic,us
u_001735,2026-07-13,organic,eu
u_001736,2026-07-13,organic,us
u_001737,2026-07-13,organic,us
u_001738,2026-07-13,organic,us
u_001739,2026-07-13,organic,eu
u_001740,2026-07-13,organic,us
u_001741,2026-07-13,organic,us
u_001742,2026-07-13,organic,eu
u_001743,2026-07-13,organic,us
u_001744,2026-07-13,organic,us
u_001745,2026-07-13,organic,us
u_001746,2026-07-13,organic,us
u_001747,2026-07-13,,us
u_001748,2026-07-13,organic,us
u_001749,2026-07-13,organic,eu
u_001750,2026-07-13,organic,us
u_001751,2026-07-13,organic,us
u_001752,2026-07-13,organic,us
u_001753,2026-07-13,organic,us
u_001754,2026-07-13,organic,eu
u_001755,2026-07-13,organic,us
u_001756,2026-07-13,organic,us
u_001757,2026-07-13,organic,in
u_001758,2026-07-13,organic,us
u_001759,2026-07-13,organic,eu
u_001760,2026-07-13,organic,eu
u_001761,2026-07-13,organic,us
u_001762,2026-07-13,organic,us
u_001763,2026-07-13,organic,eu
u_001764,2026-07-13,organic,us
u_001765,2026-07-13,organic,in
u_001766,2026-07-13,organic,us
u_001767,2026-07-13,organic,eu
u_001768,2026-07-13,organic,us
u_001769,2026-07-13,organic,us
u_001770,2026-07-13,organic,us
u_001771,2026-07-13,organic,us
u_001772,2026-07-13,organic,us
u_001773,2026-07-13,organic,in
u_001774,2026-07-13,organic,us
u_001775,2026-07-13,organic,us
u_001776,2026-07-13,organic,eu
u_001777,2026-07-13,paid_search,us
u_001778,2026-07-13,paid_search,us
u_001779,2026-07-13,paid_search,eu
u_001780,2026-07-13,paid_search,in
u_001781,2026-07-13,paid_search,us
u_001782,2026-07-13,paid_search,us
u_001783,2026-07-13,paid_search,us
u_001784,2026-07-13,paid_search,eu
u_001785,2026-07-13,paid_search,us
u_001786,2026-07-13,paid_search,eu
u_001787,2026-07-13,paid_search,eu
u_001788,2026-07-13,paid_search,in
u_001789,2026-07-13,paid_search,in
u_001790,2026-07-13,paid_search,eu
u_001791,2026-07-13,paid_search,us
u_001792,2026-07-13,,in
u_001793,2026-07-13,paid_search,us
u_001794,2026-07-13,paid_search,us
u_001795,2026-07-13,paid_search,in
u_001796,2026-07-13,paid_search,us
u_001797,2026-07-13,paid_search,in
u_001798,2026-07-13,paid_search,us
u_001799,2026-07-13,paid_search,us
u_001800,2026-07-13,paid_search,us
u_001801,2026-07-13,paid_search,us
u_001802,2026-07-13,paid_search,eu
u_001803,2026-07-13,paid_search,us
u_001804,2026-07-13,paid_search,us
u_001805,2026-07-13,paid_search,us
u_001806,2026-07-13,push,us
u_001807,2026-07-13,push,eu
u_001808,2026-07-13,push,us
u_001809,2026-07-13,push,eu
u_001810,2026-07-13,push,us
u_001811,2026-07-13,push,eu
u_001812,2026-07-13,push,in
u_001813,2026-07-13,push,us
u_001814,2026-07-13,push,us
u_001815,2026-07-13,push,us
u_001816,2026-07-13,push,eu
u_001817,2026-07-13,push,us
u_001818,2026-07-13,push,us
u_001819,2026-07-13,push,us
u_001820,2026-07-13,push,eu
u_001821,2026-07-13,push,us
u_001822,2026-07-13,push,us
u_001823,2026-07-13,push,in
u_001824,2026-07-13,push,in
u_001825,2026-07-13,push,us
u_001826,2026-07-13,push,us
u_001827,2026-07-13,push,eu
u_001828,2026-07-13,push,eu
u_001829,2026-07-13,push,us
u_001830,2026-07-13,push,us
u_001831,2026-07-13,push,us
u_001832,2026-07-13,push,us
u_001833,2026-07-13,push,us
u_001834,2026-07-13,push,us
u_001835,2026-07-13,email,in
u_001836,2026-07-13,email,us
u_001837,2026-07-13,email,us
u_001838,2026-07-13,email,eu
u_001839,2026-07-13,email,in
u_001840,2026-07-13,email,eu
u_001841,2026-07-13,email,us
u_001842,2026-07-13,email,eu
u_001843,2026-07-13,email,us
u_001844,2026-07-13,email,us
u_001845,2026-07-13,email,us
u_001846,2026-07-13,email,us
u_001847,2026-07-13,email,us
u_001848,2026-07-13,email,us
u_001849,2026-07-13,email,us
u_001850,2026-07-13,email,us
u_001851,2026-07-13,email,us
u_001852,2026-07-13,email,in
u_001853,2026-07-13,email,us
u_001854,2026-07-13,email,eu
u_001855,2026-07-13,email,us
u_001856,2026-07-13,email,in
u_001857,2026-07-13,,us
u_001858,2026-07-13,,us
u_001859,2026-07-13,,in
u_001860,2026-07-13,,eu
u_001861,2026-07-13,,eu
u_001862,2026-07-13,,us
u_001863,2026-07-13,,us
u_001864,2026-07-13,,in
u_001865,2026-07-13,referral,us
u_001866,2026-07-13,,us
u_001867,2026-07-13,,us
u_001868,2026-07-13,,eu
u_001869,2026-07-13,,us
u_001870,2026-07-13,,us
u_001871,2026-07-13,,us
u_001872,2026-07-13,,us
u_001873,2026-07-13,,us
u_001874,2026-07-13,,us
u_001875,2026-07-13,,us
u_001876,2026-07-13,,in
u_001877,2026-07-13,referral,us
u_001878,2026-07-13,,in
u_001879,2026-07-14,organic,us
u_001880,2026-07-14,organic,us
u_001881,2026-07-14,organic,eu
u_001882,2026-07-14,organic,eu
u_001883,2026-07-14,organic,us
u_001884,2026-07-14,organic,us
u_001885,2026-07-14,organic,us
u_001886,2026-07-14,organic,us
u_001887,2026-07-14,organic,us
u_001888,2026-07-14,organic,us
u_001889,2026-07-14,organic,in
u_001890,2026-07-14,organic,us
u_001891,2026-07-14,organic,us
u_001892,2026-07-14,organic,us
u_001893,2026-07-14,organic,eu
u_001894,2026-07-14,organic,in
u_001895,2026-07-14,organic,eu
u_001896,2026-07-14,organic,eu
u_001897,2026-07-14,organic,us
u_001898,2026-07-14,organic,eu
u_001899,2026-07-14,organic,us
u_001900,2026-07-14,organic,us
u_001901,2026-07-14,organic,us
u_001902,2026-07-14,organic,us
u_001903,2026-07-14,organic,us
u_001904,2026-07-14,organic,us
u_001905,2026-07-14,organic,us
u_001906,2026-07-14,organic,us
u_001907,2026-07-14,organic,in
u_001908,2026-07-14,organic,eu
u_001909,2026-07-14,,in
u_001910,2026-07-14,organic,us
u_001911,2026-07-14,organic,eu
u_001912,2026-07-14,organic,eu
u_001913,2026-07-14,organic,in
u_001914,2026-07-14,organic,in
u_001915,2026-07-14,organic,eu
u_001916,2026-07-14,organic,us
u_001917,2026-07-14,organic,eu
u_001918,2026-07-14,organic,eu
u_001919,2026-07-14,organic,eu
u_001920,2026-07-14,organic,in
u_001921,2026-07-14,paid_search,us
u_001922,2026-07-14,paid_search,us
u_001923,2026-07-14,paid_search,us
u_001924,2026-07-14,paid_search,us
u_001925,2026-07-14,paid_search,eu
u_001926,2026-07-14,paid_search,us
u_001927,2026-07-14,paid_search,us
u_001928,2026-07-14,paid_search,us
u_001929,2026-07-14,paid_search,us
u_001930,2026-07-14,paid_search,us
u_001931,2026-07-14,paid_search,us
u_001932,2026-07-14,paid_search,in
u_001933,2026-07-14,paid_search,in
u_001934,2026-07-14,paid_search,eu
u_001935,2026-07-14,paid_search,us
u_001936,2026-07-14,paid_search,us
u_001937,2026-07-14,paid_search,us
u_001938,2026-07-14,paid_search,in
u_001939,2026-07-14,paid_search,in
u_001940,2026-07-14,paid_search,eu
u_001941,2026-07-14,paid_search,us
u_001942,2026-07-14,paid_search,us
u_001943,2026-07-14,paid_search,us
u_001944,2026-07-14,paid_search,us
u_001945,2026-07-14,paid_search,us
u_001946,2026-07-14,paid_search,us
u_001947,2026-07-14,paid_search,us
u_001948,2026-07-14,paid_search,us
u_001949,2026-07-14,push,us
u_001950,2026-07-14,push,in
u_001951,2026-07-14,push,in
u_001952,2026-07-14,push,us
u_001953,2026-07-14,push,us
u_001954,2026-07-14,push,us
u_001955,2026-07-14,push,in
u_001956,2026-07-14,push,us
u_001957,2026-07-14,email,us
u_001958,2026-07-14,email,eu
u_001959,2026-07-14,email,in
u_001960,2026-07-14,email,eu
u_001961,2026-07-14,email,us
u_001962,2026-07-14,email,in
u_001963,2026-07-14,email,eu
u_001964,2026-07-14,referral,us
u_001965,2026-07-14,,us
u_001966,2026-07-14,,eu
u_001967,2026-07-14,referral,eu
u_001968,2026-07-14,,us
u_001969,2026-07-14,,us
u_001970,2026-07-14,,us
u_001971,2026-07-14,,eu
u_001972,2026-07-14,,us
u_001973,2026-07-14,,us
u_001974,2026-07-14,,us
u_001975,2026-07-14,,in
u_001976,2026-07-14,,in
u_001977,2026-07-14,,eu
u_001978,2026-07-14,,us
u_001979,2026-07-14,,us
u_001980,2026-07-14,,us
u_001981,2026-07-14,referral,us
u_001982,2026-07-14,,eu
u_001983,2026-07-14,,eu
u_001984,2026-07-14,referral,us
u_001985,2026-07-15,organic,in
u_001986,2026-07-15,organic,in
u_001987,2026-07-15,organic,eu
u_001988,2026-07-15,organic,us
u_001989,2026-07-15,organic,eu
u_001990,2026-07-15,organic,us
u_001991,2026-07-15,organic,us
u_001992,2026-07-15,organic,in
u_001993,2026-07-15,organic,us
u_001994,2026-07-15,organic,in
u_001995,2026-07-15,organic,eu
u_001996,2026-07-15,organic,us
u_001997,2026-07-15,organic,us
u_001998,2026-07-15,organic,eu
u_001999,2026-07-15,organic,eu
u_002000,2026-07-15,organic,us
u_002001,2026-07-15,organic,eu
u_002002,2026-07-15,organic,in
u_002003,2026-07-15,organic,eu
u_002004,2026-07-15,organic,us
u_002005,2026-07-15,organic,us
u_002006,2026-07-15,organic,eu
u_002007,2026-07-15,organic,us
u_002008,2026-07-15,organic,us
u_002009,2026-07-15,organic,us
u_002010,2026-07-15,organic,us
u_002011,2026-07-15,organic,us
u_002012,2026-07-15,organic,in
u_002013,2026-07-15,organic,us
u_002014,2026-07-15,organic,us
u_002015,2026-07-15,organic,us
u_002016,2026-07-15,organic,in
u_002017,2026-07-15,organic,us
u_002018,2026-07-15,organic,us
u_002019,2026-07-15,organic,eu
u_002020,2026-07-15,organic,us
u_002021,2026-07-15,organic,eu
u_002022,2026-07-15,organic,eu
u_002023,2026-07-15,organic,eu
u_002024,2026-07-15,organic,us
u_002025,2026-07-15,organic,us
u_002026,2026-07-15,paid_search,in
u_002027,2026-07-15,paid_search,in
u_002028,2026-07-15,paid_search,eu
u_002029,2026-07-15,paid_search,us
u_002030,2026-07-15,paid_search,us
u_002031,2026-07-15,paid_search,us
u_002032,2026-07-15,paid_search,us
u_002033,2026-07-15,paid_search,in
u_002034,2026-07-15,paid_search,eu
u_002035,2026-07-15,paid_search,us
u_002036,2026-07-15,paid_search,us
u_002037,2026-07-15,paid_search,in
u_002038,2026-07-15,paid_search,eu
u_002039,2026-07-15,paid_search,in
u_002040,2026-07-15,paid_search,eu
u_002041,2026-07-15,paid_search,in
u_002042,2026-07-15,paid_search,us
u_002043,2026-07-15,paid_search,eu
u_002044,2026-07-15,paid_search,eu
u_002045,2026-07-15,paid_search,us
u_002046,2026-07-15,paid_search,us
u_002047,2026-07-15,paid_search,us
u_002048,2026-07-15,paid_search,us
u_002049,2026-07-15,paid_search,us
u_002050,2026-07-15,paid_search,in
u_002051,2026-07-15,paid_search,us
u_002052,2026-07-15,paid_search,eu
u_002053,2026-07-15,paid_search,us
u_002054,2026-07-15,push,eu
u_002055,2026-07-15,push,eu
u_002056,2026-07-15,push,us
u_002057,2026-07-15,push,us
u_002058,2026-07-15,push,us
u_002059,2026-07-15,push,in
u_002060,2026-07-15,push,eu
u_002061,2026-07-15,push,eu
u_002062,2026-07-15,push,us
u_002063,2026-07-15,push,in
u_002064,2026-07-15,push,us
u_002065,2026-07-15,push,us
u_002066,2026-07-15,push,us
u_002067,2026-07-15,push,in
u_002068,2026-07-15,push,us
u_002069,2026-07-15,push,us
u_002070,2026-07-15,push,eu
u_002071,2026-07-15,push,us
u_002072,2026-07-15,push,us
u_002073,2026-07-15,push,us
u_002074,2026-07-15,push,in
u_002075,2026-07-15,push,us
u_002076,2026-07-15,push,us
u_002077,2026-07-15,push,in
u_002078,2026-07-15,push,in
u_002079,2026-07-15,push,us
u_002080,2026-07-15,push,us
u_002081,2026-07-15,push,in
u_002082,2026-07-15,email,us
u_002083,2026-07-15,email,us
u_002084,2026-07-15,email,us
u_002085,2026-07-15,email,us
u_002086,2026-07-15,email,in
u_002087,2026-07-15,email,eu
u_002088,2026-07-15,email,us
u_002089,2026-07-15,email,eu
u_002090,2026-07-15,email,us
u_002091,2026-07-15,email,us
u_002092,2026-07-15,email,us
u_002093,2026-07-15,email,us
u_002094,2026-07-15,email,eu
u_002095,2026-07-15,email,us
u_002096,2026-07-15,email,us
u_002097,2026-07-15,email,us
u_002098,2026-07-15,,in
u_002099,2026-07-15,email,us
u_002100,2026-07-15,email,us
u_002101,2026-07-15,email,us
u_002102,2026-07-15,email,in
u_002103,2026-07-15,,eu
u_002104,2026-07-15,,us
u_002105,2026-07-15,,in
u_002106,2026-07-15,,in
u_002107,2026-07-15,,eu
u_002108,2026-07-15,,eu
u_002109,2026-07-15,,in
u_002110,2026-07-15,,us
u_002111,2026-07-15,referral,in
u_002112,2026-07-15,,us
u_002113,2026-07-15,,us
u_002114,2026-07-15,,us
u_002115,2026-07-15,,us
u_002116,2026-07-15,,us
u_002117,2026-07-15,,us
u_002118,2026-07-15,,eu
u_002119,2026-07-15,,us
u_002120,2026-07-15,,us
u_002121,2026-07-15,,us
u_002122,2026-07-15,,in
u_002123,2026-07-15,,eu
u_002124,2026-07-16,organic,in
u_002125,2026-07-16,organic,us
u_002126,2026-07-16,organic,in
u_002127,2026-07-16,organic,us
u_002128,2026-07-16,organic,in
u_002129,2026-07-16,organic,eu
u_002130,2026-07-16,organic,us
u_002131,2026-07-16,organic,in
u_002132,2026-07-16,organic,us
u_002133,2026-07-16,organic,in
u_002134,2026-07-16,organic,us
u_002135,2026-07-16,organic,us
u_002136,2026-07-16,organic,us
u_002137,2026-07-16,organic,us
u_002138,2026-07-16,,us
u_002139,2026-07-16,organic,us
u_002140,2026-07-16,organic,eu
u_002141,2026-07-16,organic,us
u_002142,2026-07-16,organic,eu
u_002143,2026-07-16,organic,in
u_002144,2026-07-16,organic,in
u_002145,2026-07-16,organic,us
u_002146,2026-07-16,organic,us
u_002147,2026-07-16,organic,us
u_002148,2026-07-16,organic,eu
u_002149,2026-07-16,organic,in
u_002150,2026-07-16,organic,eu
u_002151,2026-07-16,organic,us
u_002152,2026-07-16,organic,us
u_002153,2026-07-16,,us
u_002154,2026-07-16,organic,us
u_002155,2026-07-16,organic,us
u_002156,2026-07-16,organic,eu
u_002157,2026-07-16,organic,us
u_002158,2026-07-16,organic,us
u_002159,2026-07-16,organic,us
u_002160,2026-07-16,organic,us
u_002161,2026-07-16,organic,eu
u_002162,2026-07-16,organic,us
u_002163,2026-07-16,organic,us
u_002164,2026-07-16,paid_search,us
u_002165,2026-07-16,paid_search,us
u_002166,2026-07-16,,us
u_002167,2026-07-16,paid_search,us
u_002168,2026-07-16,paid_search,us
u_002169,2026-07-16,paid_search,us
u_002170,2026-07-16,paid_search,us
u_002171,2026-07-16,paid_search,eu
u_002172,2026-07-16,paid_search,in
u_002173,2026-07-16,paid_search,us
u_002174,2026-07-16,paid_search,eu
u_002175,2026-07-16,paid_search,us
u_002176,2026-07-16,paid_search,eu
u_002177,2026-07-16,paid_search,us
u_002178,2026-07-16,paid_search,in
u_002179,2026-07-16,paid_search,us
u_002180,2026-07-16,paid_search,in
u_002181,2026-07-16,paid_search,us
u_002182,2026-07-16,paid_search,in
u_002183,2026-07-16,paid_search,eu
u_002184,2026-07-16,paid_search,us
u_002185,2026-07-16,paid_search,eu
u_002186,2026-07-16,paid_search,eu
u_002187,2026-07-16,paid_search,us
u_002188,2026-07-16,paid_search,eu
u_002189,2026-07-16,paid_search,us
u_002190,2026-07-16,paid_search,us
u_002191,2026-07-16,push,us
u_002192,2026-07-16,push,us
u_002193,2026-07-16,push,eu
u_002194,2026-07-16,push,us
u_002195,2026-07-16,push,us
u_002196,2026-07-16,push,us
u_002197,2026-07-16,push,eu
u_002198,2026-07-16,push,in
u_002199,2026-07-16,push,in
u_002200,2026-07-16,push,in
u_002201,2026-07-16,push,eu
u_002202,2026-07-16,push,in
u_002203,2026-07-16,push,us
u_002204,2026-07-16,push,eu
u_002205,2026-07-16,push,us
u_002206,2026-07-16,push,us
u_002207,2026-07-16,push,us
u_002208,2026-07-16,push,us
u_002209,2026-07-16,push,us
u_002210,2026-07-16,push,us
u_002211,2026-07-16,push,us
u_002212,2026-07-16,push,in
u_002213,2026-07-16,push,in
u_002214,2026-07-16,push,us
u_002215,2026-07-16,push,us
u_002216,2026-07-16,push,us
u_002217,2026-07-16,push,us
u_002218,2026-07-16,email,us
u_002219,2026-07-16,email,us
u_002220,2026-07-16,email,eu
u_002221,2026-07-16,email,eu
u_002222,2026-07-16,email,us
u_002223,2026-07-16,email,eu
u_002224,2026-07-16,email,us
u_002225,2026-07-16,email,us
u_002226,2026-07-16,,eu
u_002227,2026-07-16,email,us
u_002228,2026-07-16,email,eu
u_002229,2026-07-16,email,us
u_002230,2026-07-16,email,eu
u_002231,2026-07-16,email,us
u_002232,2026-07-16,email,us
u_002233,2026-07-16,email,us
u_002234,2026-07-16,email,us
u_002235,2026-07-16,email,eu
u_002236,2026-07-16,email,us
u_002237,2026-07-16,email,us
u_002238,2026-07-16,,us
u_002239,2026-07-16,,in
u_002240,2026-07-16,,eu
u_002241,2026-07-16,,eu
u_002242,2026-07-16,,in
u_002243,2026-07-16,,in
u_002244,2026-07-16,referral,eu
u_002245,2026-07-16,,us
u_002246,2026-07-16,,us
u_002247,2026-07-16,,in
u_002248,2026-07-16,,eu
u_002249,2026-07-16,,us
u_002250,2026-07-16,,eu
u_002251,2026-07-16,,us
u_002252,2026-07-16,,us
u_002253,2026-07-16,,us
u_002254,2026-07-16,,us
u_002255,2026-07-16,,in
u_002256,2026-07-16,,eu
u_002257,2026-07-16,,us
u_002258,2026-07-17,organic,us
u_002259,2026-07-17,organic,in
u_002260,2026-07-17,organic,us
u_002261,2026-07-17,organic,eu
u_002262,2026-07-17,organic,us
u_002263,2026-07-17,organic,in
u_002264,2026-07-17,organic,us
u_002265,2026-07-17,organic,us
u_002266,2026-07-17,organic,in
u_002267,2026-07-17,organic,in
u_002268,2026-07-17,organic,us
u_002269,2026-07-17,organic,in
u_002270,2026-07-17,organic,us
u_002271,2026-07-17,organic,in
u_002272,2026-07-17,organic,eu
u_002273,2026-07-17,organic,us
u_002274,2026-07-17,organic,us
u_002275,2026-07-17,organic,us
u_002276,2026-07-17,organic,us
u_002277,2026-07-17,organic,us
u_002278,2026-07-17,organic,us
u_002279,2026-07-17,organic,in
u_002280,2026-07-17,organic,in
u_002281,2026-07-17,organic,us
u_002282,2026-07-17,,us
u_002283,2026-07-17,,eu
u_002284,2026-07-17,organic,us
u_002285,2026-07-17,organic,in
u_002286,2026-07-17,organic,in
u_002287,2026-07-17,organic,us
u_002288,2026-07-17,organic,us
u_002289,2026-07-17,organic,us
u_002290,2026-07-17,organic,us
u_002291,2026-07-17,organic,in
u_002292,2026-07-17,organic,us
u_002293,2026-07-17,organic,us
u_002294,2026-07-17,organic,us
u_002295,2026-07-17,organic,us
u_002296,2026-07-17,organic,us
u_002297,2026-07-17,organic,eu
u_002298,2026-07-17,organic,eu
u_002299,2026-07-17,organic,us
u_002300,2026-07-17,organic,us
u_002301,2026-07-17,organic,us
u_002302,2026-07-17,paid_search,eu
u_002303,2026-07-17,paid_search,us
u_002304,2026-07-17,paid_search,us
u_002305,2026-07-17,paid_search,us
u_002306,2026-07-17,paid_search,us
u_002307,2026-07-17,paid_search,us
u_002308,2026-07-17,paid_search,us
u_002309,2026-07-17,paid_search,us
u_002310,2026-07-17,paid_search,eu
u_002311,2026-07-17,paid_search,in
u_002312,2026-07-17,paid_search,us
u_002313,2026-07-17,paid_search,in
u_002314,2026-07-17,paid_search,in
u_002315,2026-07-17,paid_search,us
u_002316,2026-07-17,paid_search,us
u_002317,2026-07-17,paid_search,eu
u_002318,2026-07-17,paid_search,us
u_002319,2026-07-17,paid_search,us
u_002320,2026-07-17,paid_search,eu
u_002321,2026-07-17,paid_search,us
u_002322,2026-07-17,paid_search,in
u_002323,2026-07-17,paid_search,in
u_002324,2026-07-17,paid_search,us
u_002325,2026-07-17,paid_search,us
u_002326,2026-07-17,paid_search,us
u_002327,2026-07-17,paid_search,us
u_002328,2026-07-17,paid_search,us
u_002329,2026-07-17,paid_search,eu
u_002330,2026-07-17,paid_search,in
u_002331,2026-07-17,push,in
u_002332,2026-07-17,push,us
u_002333,2026-07-17,push,eu
u_002334,2026-07-17,push,in
u_002335,2026-07-17,push,eu
u_002336,2026-07-17,push,eu
u_002337,2026-07-17,push,in
u_002338,2026-07-17,push,us
u_002339,2026-07-17,push,us
u_002340,2026-07-17,push,us
u_002341,2026-07-17,push,us
u_002342,2026-07-17,push,eu
u_002343,2026-07-17,push,eu
u_002344,2026-07-17,push,eu
u_002345,2026-07-17,push,us
u_002346,2026-07-17,push,us
u_002347,2026-07-17,push,us
u_002348,2026-07-17,push,in
u_002349,2026-07-17,push,in
u_002350,2026-07-17,push,in
u_002351,2026-07-17,push,us
u_002352,2026-07-17,push,eu
u_002353,2026-07-17,push,us
u_002354,2026-07-17,push,us
u_002355,2026-07-17,push,eu
u_002356,2026-07-17,push,eu
u_002357,2026-07-17,push,eu
u_002358,2026-07-17,push,in
u_002359,2026-07-17,push,eu
u_002360,2026-07-17,email,in
u_002361,2026-07-17,email,us
u_002362,2026-07-17,email,us
u_002363,2026-07-17,email,us
u_002364,2026-07-17,email,in
u_002365,2026-07-17,email,eu
u_002366,2026-07-17,email,us
u_002367,2026-07-17,email,us
u_002368,2026-07-17,email,in
u_002369,2026-07-17,email,us
u_002370,2026-07-17,email,us
u_002371,2026-07-17,email,eu
u_002372,2026-07-17,email,us
u_002373,2026-07-17,email,in
u_002374,2026-07-17,email,us
u_002375,2026-07-17,email,us
u_002376,2026-07-17,email,eu
u_002377,2026-07-17,email,us
u_002378,2026-07-17,email,us
u_002379,2026-07-17,email,in
u_002380,2026-07-17,email,eu
u_002381,2026-07-17,email,us
u_002382,2026-07-17,,in
u_002383,2026-07-17,,us
u_002384,2026-07-17,,us
u_002385,2026-07-17,referral,us
u_002386,2026-07-17,,us
u_002387,2026-07-17,,eu
u_002388,2026-07-17,,eu
u_002389,2026-07-17,,us
u_002390,2026-07-17,,in
u_002391,2026-07-17,,in
u_002392,2026-07-17,,eu
u_002393,2026-07-17,,us
u_002394,2026-07-17,,us
u_002395,2026-07-17,,in
u_002396,2026-07-17,,us
u_002397,2026-07-17,,us
u_002398,2026-07-17,,eu
u_002399,2026-07-17,,eu
u_002400,2026-07-17,,us
u_002401,2026-07-17,,us
u_002402,2026-07-17,,eu
u_002403,2026-07-17,,us
u_002404,2026-07-18,organic,us
u_002405,2026-07-18,organic,us
u_002406,2026-07-18,organic,eu
u_002407,2026-07-18,organic,us
u_002408,2026-07-18,organic,us
u_002409,2026-07-18,organic,us
u_002410,2026-07-18,organic,us
u_002411,2026-07-18,organic,in
u_002412,2026-07-18,organic,eu
u_002413,2026-07-18,organic,us
u_002414,2026-07-18,organic,us
u_002415,2026-07-18,organic,in
u_002416,2026-07-18,organic,us
u_002417,2026-07-18,organic,us
u_002418,2026-07-18,organic,us
u_002419,2026-07-18,organic,us
u_002420,2026-07-18,organic,us
u_002421,2026-07-18,organic,eu
u_002422,2026-07-18,organic,in
u_002423,2026-07-18,organic,us
u_002424,2026-07-18,organic,us
u_002425,2026-07-18,organic,us
u_002426,2026-07-18,organic,us
u_002427,2026-07-18,organic,us
u_002428,2026-07-18,organic,in
u_002429,2026-07-18,organic,us
u_002430,2026-07-18,organic,us
u_002431,2026-07-18,organic,in
u_002432,2026-07-18,organic,us
u_002433,2026-07-18,organic,us
u_002434,2026-07-18,organic,us
u_002435,2026-07-18,paid_search,us
u_002436,2026-07-18,paid_search,in
u_002437,2026-07-18,paid_search,in
u_002438,2026-07-18,paid_search,us
u_002439,2026-07-18,paid_search,us
u_002440,2026-07-18,paid_search,us
u_002441,2026-07-18,paid_search,in
u_002442,2026-07-18,paid_search,us
u_002443,2026-07-18,paid_search,us
u_002444,2026-07-18,paid_search,us
u_002445,2026-07-18,paid_search,us
u_002446,2026-07-18,paid_search,us
u_002447,2026-07-18,paid_search,eu
u_002448,2026-07-18,paid_search,us
u_002449,2026-07-18,paid_search,us
u_002450,2026-07-18,paid_search,us
u_002451,2026-07-18,paid_search,us
u_002452,2026-07-18,paid_search,us
u_002453,2026-07-18,paid_search,us
u_002454,2026-07-18,paid_search,eu
u_002455,2026-07-18,push,us
u_002456,2026-07-18,push,us
u_002457,2026-07-18,,us
u_002458,2026-07-18,push,in
u_002459,2026-07-18,push,us
u_002460,2026-07-18,push,us
u_002461,2026-07-18,push,us
u_002462,2026-07-18,push,us
u_002463,2026-07-18,push,in
u_002464,2026-07-18,push,eu
u_002465,2026-07-18,push,us
u_002466,2026-07-18,push,in
u_002467,2026-07-18,push,us
u_002468,2026-07-18,push,us
u_002469,2026-07-18,push,us
u_002470,2026-07-18,push,us
u_002471,2026-07-18,push,us
u_002472,2026-07-18,push,us
u_002473,2026-07-18,push,us
u_002474,2026-07-18,push,eu
u_002475,2026-07-18,email,eu
u_002476,2026-07-18,email,eu
u_002477,2026-07-18,email,us
u_002478,2026-07-18,email,us
u_002479,2026-07-18,,us
u_002480,2026-07-18,email,eu
u_002481,2026-07-18,email,us
u_002482,2026-07-18,,us
u_002483,2026-07-18,email,us
u_002484,2026-07-18,email,us
u_002485,2026-07-18,email,us
u_002486,2026-07-18,email,in
u_002487,2026-07-18,email,us
u_002488,2026-07-18,email,us
u_002489,2026-07-18,email,us
u_002490,2026-07-18,,us
u_002491,2026-07-18,,in
u_002492,2026-07-18,,us
u_002493,2026-07-18,,us
u_002494,2026-07-18,,us
u_002495,2026-07-18,,us
u_002496,2026-07-18,,eu
u_002497,2026-07-18,,us
u_002498,2026-07-18,referral,us
u_002499,2026-07-18,,us
u_002500,2026-07-18,,in
u_002501,2026-07-18,,us
u_002502,2026-07-18,,us
u_002503,2026-07-18,referral,in
u_002504,2026-07-18,,us
u_002505,2026-07-19,organic,us
u_002506,2026-07-19,organic,eu
u_002507,2026-07-19,organic,in
u_002508,2026-07-19,organic,in
u_002509,2026-07-19,organic,eu
u_002510,2026-07-19,,in
u_002511,2026-07-19,organic,us
u_002512,2026-07-19,organic,us
u_002513,2026-07-19,organic,us
u_002514,2026-07-19,organic,eu
u_002515,2026-07-19,organic,eu
u_002516,2026-07-19,organic,us
u_002517,2026-07-19,organic,us
u_002518,2026-07-19,organic,us
u_002519,2026-07-19,organic,us
u_002520,2026-07-19,organic,us
u_002521,2026-07-19,organic,in
u_002522,2026-07-19,organic,us
u_002523,2026-07-19,organic,us
u_002524,2026-07-19,organic,eu
u_002525,2026-07-19,organic,in
u_002526,2026-07-19,organic,us
u_002527,2026-07-19,organic,us
u_002528,2026-07-19,organic,eu
u_002529,2026-07-19,organic,eu
u_002530,2026-07-19,organic,us
u_002531,2026-07-19,organic,eu
u_002532,2026-07-19,organic,us
u_002533,2026-07-19,organic,eu
u_002534,2026-07-19,organic,eu
u_002535,2026-07-19,organic,us
u_002536,2026-07-19,paid_search,eu
u_002537,2026-07-19,,eu
u_002538,2026-07-19,paid_search,us
u_002539,2026-07-19,paid_search,us
u_002540,2026-07-19,paid_search,eu
u_002541,2026-07-19,,us
u_002542,2026-07-19,paid_search,in
u_002543,2026-07-19,paid_search,us
u_002544,2026-07-19,paid_search,eu
u_002545,2026-07-19,paid_search,in
u_002546,2026-07-19,paid_search,us
u_002547,2026-07-19,paid_search,eu
u_002548,2026-07-19,paid_search,eu
u_002549,2026-07-19,paid_search,eu
u_002550,2026-07-19,paid_search,eu
u_002551,2026-07-19,paid_search,us
u_002552,2026-07-19,paid_search,us
u_002553,2026-07-19,,us
u_002554,2026-07-19,paid_search,in
u_002555,2026-07-19,paid_search,us
u_002556,2026-07-19,paid_search,us
u_002557,2026-07-19,push,us
u_002558,2026-07-19,push,us
u_002559,2026-07-19,push,in
u_002560,2026-07-19,push,us
u_002561,2026-07-19,push,us
u_002562,2026-07-19,push,eu
u_002563,2026-07-19,push,eu
u_002564,2026-07-19,push,us
u_002565,2026-07-19,push,us
u_002566,2026-07-19,push,in
u_002567,2026-07-19,push,eu
u_002568,2026-07-19,push,eu
u_002569,2026-07-19,push,us
u_002570,2026-07-19,push,eu
u_002571,2026-07-19,push,eu
u_002572,2026-07-19,push,eu
u_002573,2026-07-19,push,eu
u_002574,2026-07-19,push,in
u_002575,2026-07-19,push,eu
u_002576,2026-07-19,push,us
u_002577,2026-07-19,push,us
u_002578,2026-07-19,email,us
u_002579,2026-07-19,email,us
u_002580,2026-07-19,email,us
u_002581,2026-07-19,email,us
u_002582,2026-07-19,email,us
u_002583,2026-07-19,email,us
u_002584,2026-07-19,email,eu
u_002585,2026-07-19,email,us
u_002586,2026-07-19,email,us
u_002587,2026-07-19,email,in
u_002588,2026-07-19,email,us
u_002589,2026-07-19,email,eu
u_002590,2026-07-19,email,eu
u_002591,2026-07-19,,us
u_002592,2026-07-19,email,us
u_002593,2026-07-19,email,us
u_002594,2026-07-19,,us
u_002595,2026-07-19,referral,us
u_002596,2026-07-19,,us
u_002597,2026-07-19,,us
u_002598,2026-07-19,,us
u_002599,2026-07-19,,us
u_002600,2026-07-19,,us
u_002601,2026-07-19,,us
u_002602,2026-07-19,,eu
u_002603,2026-07-19,,us
u_002604,2026-07-19,,us
u_002605,2026-07-19,,in
u_002606,2026-07-19,,us
u_002607,2026-07-19,,us
u_002608,2026-07-19,,us
u_002609,2026-07-19,,eu
u_002610,2026-07-20,organic,eu
u_002611,2026-07-20,organic,us
u_002612,2026-07-20,organic,us
u_002613,2026-07-20,organic,in
u_002614,2026-07-20,organic,in
u_002615,2026-07-20,organic,us
u_002616,2026-07-20,organic,in
u_002617,2026-07-20,organic,us
u_002618,2026-07-20,organic,us
u_002619,2026-07-20,organic,us
u_002620,2026-07-20,organic,us
u_002621,2026-07-20,organic,us
u_002622,2026-07-20,organic,us
u_002623,2026-07-20,organic,eu
u_002624,2026-07-20,organic,eu
u_002625,2026-07-20,organic,us
u_002626,2026-07-20,organic,us
u_002627,2026-07-20,organic,us
u_002628,2026-07-20,organic,us
u_002629,2026-07-20,organic,eu
u_002630,2026-07-20,organic,eu
u_002631,2026-07-20,organic,eu
u_002632,2026-07-20,organic,us
u_002633,2026-07-20,organic,us
u_002634,2026-07-20,organic,in
u_002635,2026-07-20,organic,us
u_002636,2026-07-20,organic,us
u_002637,2026-07-20,organic,in
u_002638,2026-07-20,organic,us
u_002639,2026-07-20,organic,in
u_002640,2026-07-20,organic,in
u_002641,2026-07-20,organic,eu
u_002642,2026-07-20,organic,us
u_002643,2026-07-20,organic,us
u_002644,2026-07-20,organic,us
u_002645,2026-07-20,organic,us
u_002646,2026-07-20,organic,us
u_002647,2026-07-20,organic,us
u_002648,2026-07-20,organic,us
u_002649,2026-07-20,organic,us
u_002650,2026-07-20,organic,us
u_002651,2026-07-20,organic,us
u_002652,2026-07-20,paid_search,in
u_002653,2026-07-20,paid_search,eu
u_002654,2026-07-20,paid_search,us
u_002655,2026-07-20,paid_search,us
u_002656,2026-07-20,paid_search,us
u_002657,2026-07-20,paid_search,eu
u_002658,2026-07-20,paid_search,in
u_002659,2026-07-20,paid_search,us
u_002660,2026-07-20,paid_search,us
u_002661,2026-07-20,paid_search,us
u_002662,2026-07-20,paid_search,eu
u_002663,2026-07-20,paid_search,us
u_002664,2026-07-20,paid_search,us
u_002665,2026-07-20,paid_search,in
u_002666,2026-07-20,paid_search,us
u_002667,2026-07-20,paid_search,us
u_002668,2026-07-20,paid_search,us
u_002669,2026-07-20,paid_search,us
u_002670,2026-07-20,paid_search,us
u_002671,2026-07-20,paid_search,eu
u_002672,2026-07-20,paid_search,in
u_002673,2026-07-20,paid_search,eu
u_002674,2026-07-20,paid_search,us
u_002675,2026-07-20,paid_search,eu
u_002676,2026-07-20,paid_search,us
u_002677,2026-07-20,paid_search,us
u_002678,2026-07-20,paid_search,us
u_002679,2026-07-20,paid_search,eu
u_002680,2026-07-20,push,us
u_002681,2026-07-20,push,us
u_002682,2026-07-20,,in
u_002683,2026-07-20,push,us
u_002684,2026-07-20,push,us
u_002685,2026-07-20,push,us
u_002686,2026-07-20,push,eu
u_002687,2026-07-20,push,eu
u_002688,2026-07-20,push,eu
u_002689,2026-07-20,push,us
u_002690,2026-07-20,push,in
u_002691,2026-07-20,push,us
u_002692,2026-07-20,push,in
u_002693,2026-07-20,,us
u_002694,2026-07-20,push,us
u_002695,2026-07-20,push,eu
u_002696,2026-07-20,push,us
u_002697,2026-07-20,push,in
u_002698,2026-07-20,push,us
u_002699,2026-07-20,push,us
u_002700,2026-07-20,push,us
u_002701,2026-07-20,push,in
u_002702,2026-07-20,push,us
u_002703,2026-07-20,push,us
u_002704,2026-07-20,push,us
u_002705,2026-07-20,push,us
u_002706,2026-07-20,push,eu
u_002707,2026-07-20,push,us
u_002708,2026-07-20,email,us
u_002709,2026-07-20,email,us
u_002710,2026-07-20,,us
u_002711,2026-07-20,email,eu
u_002712,2026-07-20,email,us
u_002713,2026-07-20,email,in
u_002714,2026-07-20,email,us
u_002715,2026-07-20,email,us
u_002716,2026-07-20,email,in
u_002717,2026-07-20,email,us
u_002718,2026-07-20,email,us
u_002719,2026-07-20,email,in
u_002720,2026-07-20,email,us
u_002721,2026-07-20,email,in
u_002722,2026-07-20,email,us
u_002723,2026-07-20,email,us
u_002724,2026-07-20,email,us
u_002725,2026-07-20,email,us
u_002726,2026-07-20,email,eu
u_002727,2026-07-20,email,in
u_002728,2026-07-20,email,us
u_002729,2026-07-20,referral,us
u_002730,2026-07-20,,us
u_002731,2026-07-20,,us
u_002732,2026-07-20,referral,eu
u_002733,2026-07-20,,us
u_002734,2026-07-20,,in
u_002735,2026-07-20,,us
u_002736,2026-07-20,,us
u_002737,2026-07-20,,us
u_002738,2026-07-20,referral,eu
u_002739,2026-07-20,,eu
u_002740,2026-07-20,,us
u_002741,2026-07-20,,eu
u_002742,2026-07-20,,eu
u_002743,2026-07-20,,us
u_002744,2026-07-20,,us
u_002745,2026-07-20,,in
u_002746,2026-07-20,,eu
u_002747,2026-07-20,,us
u_002748,2026-07-20,,in
u_002749,2026-07-20,,eu
u_002750,2026-07-21,organic,us
u_002751,2026-07-21,organic,us
u_002752,2026-07-21,organic,us
u_002753,2026-07-21,organic,eu
u_002754,2026-07-21,organic,in
u_002755,2026-07-21,organic,us
u_002756,2026-07-21,organic,eu
u_002757,2026-07-21,organic,us
u_002758,2026-07-21,organic,us
u_002759,2026-07-21,organic,eu
u_002760,2026-07-21,organic,us
u_002761,2026-07-21,organic,eu
u_002762,2026-07-21,organic,us
u_002763,2026-07-21,organic,us
u_002764,2026-07-21,organic,eu
u_002765,2026-07-21,organic,in
u_002766,2026-07-21,organic,us
u_002767,2026-07-21,organic,eu
u_002768,2026-07-21,organic,us
u_002769,2026-07-21,organic,us
u_002770,2026-07-21,organic,us
u_002771,2026-07-21,organic,eu
u_002772,2026-07-21,organic,eu
u_002773,2026-07-21,organic,eu
u_002774,2026-07-21,organic,in
u_002775,2026-07-21,organic,us
u_002776,2026-07-21,organic,in
u_002777,2026-07-21,organic,in
u_002778,2026-07-21,organic,in
u_002779,2026-07-21,organic,in
u_002780,2026-07-21,organic,eu
u_002781,2026-07-21,organic,us
u_002782,2026-07-21,organic,in
u_002783,2026-07-21,organic,us
u_002784,2026-07-21,organic,us
u_002785,2026-07-21,organic,us
u_002786,2026-07-21,organic,eu
u_002787,2026-07-21,organic,us
u_002788,2026-07-21,organic,in
u_002789,2026-07-21,organic,us
u_002790,2026-07-21,organic,us
u_002791,2026-07-21,organic,us
u_002792,2026-07-21,organic,in
u_002793,2026-07-21,paid_search,us
u_002794,2026-07-21,paid_search,in
u_002795,2026-07-21,paid_search,us
u_002796,2026-07-21,paid_search,in
u_002797,2026-07-21,paid_search,us
u_002798,2026-07-21,paid_search,in
u_002799,2026-07-21,paid_search,us
u_002800,2026-07-21,paid_search,us
u_002801,2026-07-21,paid_search,us
u_002802,2026-07-21,paid_search,in
u_002803,2026-07-21,paid_search,us
u_002804,2026-07-21,paid_search,us
u_002805,2026-07-21,paid_search,in
u_002806,2026-07-21,paid_search,eu
u_002807,2026-07-21,paid_search,us
u_002808,2026-07-21,paid_search,us
u_002809,2026-07-21,paid_search,us
u_002810,2026-07-21,paid_search,us
u_002811,2026-07-21,paid_search,us
u_002812,2026-07-21,paid_search,us
u_002813,2026-07-21,paid_search,us
u_002814,2026-07-21,paid_search,eu
u_002815,2026-07-21,paid_search,in
u_002816,2026-07-21,paid_search,us
u_002817,2026-07-21,paid_search,us
u_002818,2026-07-21,paid_search,us
u_002819,2026-07-21,paid_search,us
u_002820,2026-07-21,paid_search,in
u_002821,2026-07-21,paid_search,us
u_002822,2026-07-21,push,in
u_002823,2026-07-21,push,eu
u_002824,2026-07-21,push,eu
u_002825,2026-07-21,push,us
u_002826,2026-07-21,push,us
u_002827,2026-07-21,push,us
u_002828,2026-07-21,push,us
u_002829,2026-07-21,push,in
u_002830,2026-07-21,push,us
u_002831,2026-07-21,email,in
u_002832,2026-07-21,email,us
u_002833,2026-07-21,email,us
u_002834,2026-07-21,email,us
u_002835,2026-07-21,email,in
u_002836,2026-07-21,email,us
u_002837,2026-07-21,email,eu
u_002838,2026-07-21,email,us
u_002839,2026-07-21,,us
u_002840,2026-07-21,,eu
u_002841,2026-07-21,,in
u_002842,2026-07-21,,us
u_002843,2026-07-21,,us
u_002844,2026-07-21,,us
u_002845,2026-07-21,,eu
u_002846,2026-07-21,,us
u_002847,2026-07-21,,eu
u_002848,2026-07-21,,us
u_002849,2026-07-21,,us
u_002850,2026-07-21,,us
u_002851,2026-07-21,,us
u_002852,2026-07-21,,us
u_002853,2026-07-21,,in
u_002854,2026-07-21,referral,in
u_002855,2026-07-21,,in
u_002856,2026-07-21,,in
u_002857,2026-07-21,,us
u_002858,2026-07-21,,us
u_002859,2026-07-21,referral,us
u_002860,2026-07-22,organic,us
u_002861,2026-07-22,,us
u_002862,2026-07-22,organic,in
u_002863,2026-07-22,organic,us
u_002864,2026-07-22,organic,us
u_002865,2026-07-22,organic,us
u_002866,2026-07-22,organic,us
u_002867,2026-07-22,organic,eu
u_002868,2026-07-22,organic,us
u_002869,2026-07-22,organic,eu
u_002870,2026-07-22,organic,eu
u_002871,2026-07-22,organic,eu
u_002872,2026-07-22,organic,eu
u_002873,2026-07-22,organic,us
u_002874,2026-07-22,organic,us
u_002875,2026-07-22,organic,eu
u_002876,2026-07-22,organic,us
u_002877,2026-07-22,organic,eu
u_002878,2026-07-22,organic,us
u_002879,2026-07-22,organic,us
u_002880,2026-07-22,organic,us
u_002881,2026-07-22,organic,us
u_002882,2026-07-22,organic,us
u_002883,2026-07-22,organic,us
u_002884,2026-07-22,organic,us
u_002885,2026-07-22,organic,in
u_002886,2026-07-22,organic,in
u_002887,2026-07-22,organic,eu
u_002888,2026-07-22,organic,in
u_002889,2026-07-22,organic,in
u_002890,2026-07-22,organic,us
u_002891,2026-07-22,organic,us
u_002892,2026-07-22,organic,us
u_002893,2026-07-22,organic,us
u_002894,2026-07-22,organic,in
u_002895,2026-07-22,organic,in
u_002896,2026-07-22,organic,eu
u_002897,2026-07-22,organic,us
u_002898,2026-07-22,organic,us
u_002899,2026-07-22,organic,eu
u_002900,2026-07-22,organic,eu
u_002901,2026-07-22,paid_search,us
u_002902,2026-07-22,paid_search,us
u_002903,2026-07-22,paid_search,us
u_002904,2026-07-22,paid_search,us
u_002905,2026-07-22,paid_search,us
u_002906,2026-07-22,paid_search,us
u_002907,2026-07-22,paid_search,us
u_002908,2026-07-22,paid_search,us
u_002909,2026-07-22,paid_search,in
u_002910,2026-07-22,paid_search,us
u_002911,2026-07-22,paid_search,us
u_002912,2026-07-22,paid_search,us
u_002913,2026-07-22,paid_search,us
u_002914,2026-07-22,paid_search,eu
u_002915,2026-07-22,paid_search,us
u_002916,2026-07-22,paid_search,us
u_002917,2026-07-22,paid_search,in
u_002918,2026-07-22,paid_search,us
u_002919,2026-07-22,paid_search,us
u_002920,2026-07-22,paid_search,us
u_002921,2026-07-22,paid_search,us
u_002922,2026-07-22,paid_search,eu
u_002923,2026-07-22,,us
u_002924,2026-07-22,paid_search,us
u_002925,2026-07-22,paid_search,us
u_002926,2026-07-22,paid_search,eu
u_002927,2026-07-22,,us
u_002928,2026-07-22,push,us
u_002929,2026-07-22,push,us
u_002930,2026-07-22,push,us
u_002931,2026-07-22,push,in
u_002932,2026-07-22,push,us
u_002933,2026-07-22,push,us
u_002934,2026-07-22,push,us
u_002935,2026-07-22,push,us
u_002936,2026-07-22,push,eu
u_002937,2026-07-22,push,us
u_002938,2026-07-22,push,us
u_002939,2026-07-22,push,us
u_002940,2026-07-22,push,us
u_002941,2026-07-22,push,us
u_002942,2026-07-22,push,us
u_002943,2026-07-22,push,in
u_002944,2026-07-22,push,us
u_002945,2026-07-22,push,eu
u_002946,2026-07-22,push,eu
u_002947,2026-07-22,push,eu
u_002948,2026-07-22,push,us
u_002949,2026-07-22,push,in
u_002950,2026-07-22,push,us
u_002951,2026-07-22,push,us
u_002952,2026-07-22,push,eu
u_002953,2026-07-22,push,eu
u_002954,2026-07-22,push,us
u_002955,2026-07-22,email,us
u_002956,2026-07-22,email,eu
u_002957,2026-07-22,email,eu
u_002958,2026-07-22,email,us
u_002959,2026-07-22,email,in
u_002960,2026-07-22,email,us
u_002961,2026-07-22,email,eu
u_002962,2026-07-22,email,in
u_002963,2026-07-22,email,us
u_002964,2026-07-22,email,us
u_002965,2026-07-22,email,in
u_002966,2026-07-22,email,us
u_002967,2026-07-22,email,us
u_002968,2026-07-22,email,us
u_002969,2026-07-22,email,in
u_002970,2026-07-22,email,us
u_002971,2026-07-22,email,in
u_002972,2026-07-22,email,us
u_002973,2026-07-22,email,us
u_002974,2026-07-22,,eu
u_002975,2026-07-22,email,eu
u_002976,2026-07-22,,eu
u_002977,2026-07-22,,us
u_002978,2026-07-22,,us
u_002979,2026-07-22,,eu
u_002980,2026-07-22,,eu
u_002981,2026-07-22,,us
u_002982,2026-07-22,,us
u_002983,2026-07-22,,us
u_002984,2026-07-22,,us
u_002985,2026-07-22,,us
u_002986,2026-07-22,,in
u_002987,2026-07-22,,in
u_002988,2026-07-22,,us
u_002989,2026-07-22,,us
u_002990,2026-07-22,,eu
u_002991,2026-07-22,,us
u_002992,2026-07-22,,us
u_002993,2026-07-22,,in
u_002994,2026-07-22,,us
u_002995,2026-07-22,,eu
u_002996,2026-07-22,,us
u_002997,2026-07-23,organic,us
u_002998,2026-07-23,organic,us
u_002999,2026-07-23,organic,us
u_003000,2026-07-23,organic,us
u_003001,2026-07-23,organic,us
u_003002,2026-07-23,organic,in
u_003003,2026-07-23,organic,us
u_003004,2026-07-23,organic,us
u_003005,2026-07-23,organic,us
u_003006,2026-07-23,organic,eu
u_003007,2026-07-23,,in
u_003008,2026-07-23,organic,us
u_003009,2026-07-23,organic,us
u_003010,2026-07-23,organic,us
u_003011,2026-07-23,organic,us
u_003012,2026-07-23,organic,in
u_003013,2026-07-23,organic,us
u_003014,2026-07-23,organic,eu
u_003015,2026-07-23,organic,eu
u_003016,2026-07-23,organic,us
u_003017,2026-07-23,organic,in
u_003018,2026-07-23,organic,us
u_003019,2026-07-23,organic,us
u_003020,2026-07-23,organic,us
u_003021,2026-07-23,,us
u_003022,2026-07-23,organic,us
u_003023,2026-07-23,organic,us
u_003024,2026-07-23,organic,us
u_003025,2026-07-23,organic,eu
u_003026,2026-07-23,organic,us
u_003027,2026-07-23,organic,us
u_003028,2026-07-23,organic,us
u_003029,2026-07-23,organic,us
u_003030,2026-07-23,organic,us
u_003031,2026-07-23,organic,us
u_003032,2026-07-23,organic,eu
u_003033,2026-07-23,organic,us
u_003034,2026-07-23,organic,us
u_003035,2026-07-23,organic,us
u_003036,2026-07-23,organic,us
u_003037,2026-07-23,organic,us
u_003038,2026-07-23,organic,eu
u_003039,2026-07-23,organic,eu
u_003040,2026-07-23,organic,us
u_003041,2026-07-23,paid_search,us
u_003042,2026-07-23,paid_search,us
u_003043,2026-07-23,paid_search,us
u_003044,2026-07-23,paid_search,us
u_003045,2026-07-23,paid_search,us
u_003046,2026-07-23,paid_search,us
u_003047,2026-07-23,paid_search,us
u_003048,2026-07-23,paid_search,in
u_003049,2026-07-23,paid_search,us
u_003050,2026-07-23,paid_search,us
u_003051,2026-07-23,paid_search,us
u_003052,2026-07-23,paid_search,us
u_003053,2026-07-23,paid_search,us
u_003054,2026-07-23,paid_search,in
u_003055,2026-07-23,paid_search,us
u_003056,2026-07-23,paid_search,us
u_003057,2026-07-23,paid_search,us
u_003058,2026-07-23,paid_search,us
u_003059,2026-07-23,paid_search,eu
u_003060,2026-07-23,paid_search,in
u_003061,2026-07-23,paid_search,us
u_003062,2026-07-23,paid_search,us
u_003063,2026-07-23,paid_search,eu
u_003064,2026-07-23,paid_search,eu
u_003065,2026-07-23,paid_search,us
u_003066,2026-07-23,paid_search,eu
u_003067,2026-07-23,paid_search,eu
u_003068,2026-07-23,paid_search,us
u_003069,2026-07-23,paid_search,us
u_003070,2026-07-23,push,us
u_003071,2026-07-23,push,eu
u_003072,2026-07-23,push,us
u_003073,2026-07-23,push,in
u_003074,2026-07-23,push,us
u_003075,2026-07-23,push,us
u_003076,2026-07-23,,eu
u_003077,2026-07-23,push,in
u_003078,2026-07-23,push,us
u_003079,2026-07-23,push,us
u_003080,2026-07-23,push,us
u_003081,2026-07-23,push,us
u_003082,2026-07-23,push,us
u_003083,2026-07-23,push,us
u_003084,2026-07-23,push,in
u_003085,2026-07-23,push,in
u_003086,2026-07-23,push,us
u_003087,2026-07-23,push,us
u_003088,2026-07-23,push,eu
u_003089,2026-07-23,push,in
u_003090,2026-07-23,push,us
u_003091,2026-07-23,push,in
u_003092,2026-07-23,push,in
u_003093,2026-07-23,push,in
u_003094,2026-07-23,push,in
u_003095,2026-07-23,push,eu
u_003096,2026-07-23,push,in
u_003097,2026-07-23,push,in
u_003098,2026-07-23,push,us
u_003099,2026-07-23,email,us
u_003100,2026-07-23,email,in
u_003101,2026-07-23,email,us
u_003102,2026-07-23,email,in
u_003103,2026-07-23,email,eu
u_003104,2026-07-23,email,eu
u_003105,2026-07-23,email,us
u_003106,2026-07-23,email,us
u_003107,2026-07-23,,in
u_003108,2026-07-23,email,in
u_003109,2026-07-23,email,in
u_003110,2026-07-23,email,us
u_003111,2026-07-23,email,eu
u_003112,2026-07-23,email,us
u_003113,2026-07-23,email,us
u_003114,2026-07-23,email,eu
u_003115,2026-07-23,email,us
u_003116,2026-07-23,email,us
u_003117,2026-07-23,email,us
u_003118,2026-07-23,email,us
u_003119,2026-07-23,email,us
u_003120,2026-07-23,email,us
u_003121,2026-07-23,,us
u_003122,2026-07-23,,eu
u_003123,2026-07-23,,in
u_003124,2026-07-23,,in
u_003125,2026-07-23,,in
u_003126,2026-07-23,,eu
u_003127,2026-07-23,,us
u_003128,2026-07-23,,us
u_003129,2026-07-23,,us
u_003130,2026-07-23,referral,eu
u_003131,2026-07-23,,us
u_003132,2026-07-23,,us
u_003133,2026-07-23,,in
u_003134,2026-07-23,,us
u_003135,2026-07-23,,us
u_003136,2026-07-23,,us
u_003137,2026-07-23,,us
u_003138,2026-07-23,,in
u_003139,2026-07-23,,in
u_003140,2026-07-23,,us
u_003141,2026-07-23,,us
u_003142,2026-07-23,,in
u_003143,2026-07-24,organic,us
u_003144,2026-07-24,organic,eu
u_003145,2026-07-24,organic,in
u_003146,2026-07-24,organic,us
u_003147,2026-07-24,organic,us
u_003148,2026-07-24,organic,in
u_003149,2026-07-24,organic,in
u_003150,2026-07-24,organic,us
u_003151,2026-07-24,organic,us
u_003152,2026-07-24,organic,us
u_003153,2026-07-24,organic,us
u_003154,2026-07-24,organic,in
u_003155,2026-07-24,organic,eu
u_003156,2026-07-24,,us
u_003157,2026-07-24,organic,us
u_003158,2026-07-24,organic,us
u_003159,2026-07-24,organic,us
u_003160,2026-07-24,organic,us
u_003161,2026-07-24,organic,us
u_003162,2026-07-24,organic,us
u_003163,2026-07-24,organic,us
u_003164,2026-07-24,organic,us
u_003165,2026-07-24,organic,us
u_003166,2026-07-24,organic,us
u_003167,2026-07-24,organic,us
u_003168,2026-07-24,organic,us
u_003169,2026-07-24,organic,in
u_003170,2026-07-24,organic,eu
u_003171,2026-07-24,organic,in
u_003172,2026-07-24,organic,us
u_003173,2026-07-24,organic,in
u_003174,2026-07-24,organic,in
u_003175,2026-07-24,organic,us
u_003176,2026-07-24,organic,in
u_003177,2026-07-24,organic,us
u_003178,2026-07-24,organic,eu
u_003179,2026-07-24,organic,us
u_003180,2026-07-24,organic,us
u_003181,2026-07-24,organic,us
u_003182,2026-07-24,organic,in
u_003183,2026-07-24,paid_search,eu
u_003184,2026-07-24,paid_search,us
u_003185,2026-07-24,paid_search,us
u_003186,2026-07-24,paid_search,us
u_003187,2026-07-24,,us
u_003188,2026-07-24,paid_search,us
u_003189,2026-07-24,paid_search,us
u_003190,2026-07-24,paid_search,eu
u_003191,2026-07-24,paid_search,us
u_003192,2026-07-24,paid_search,eu
u_003193,2026-07-24,paid_search,us
u_003194,2026-07-24,paid_search,eu
u_003195,2026-07-24,paid_search,us
u_003196,2026-07-24,paid_search,us
u_003197,2026-07-24,paid_search,us
u_003198,2026-07-24,paid_search,eu
u_003199,2026-07-24,paid_search,in
u_003200,2026-07-24,paid_search,us
u_003201,2026-07-24,paid_search,eu
u_003202,2026-07-24,paid_search,eu
u_003203,2026-07-24,paid_search,us
u_003204,2026-07-24,paid_search,in
u_003205,2026-07-24,paid_search,eu
u_003206,2026-07-24,paid_search,us
u_003207,2026-07-24,paid_search,in
u_003208,2026-07-24,paid_search,us
u_003209,2026-07-24,paid_search,in
u_003210,2026-07-24,push,us
u_003211,2026-07-24,push,us
u_003212,2026-07-24,push,eu
u_003213,2026-07-24,push,us
u_003214,2026-07-24,push,us
u_003215,2026-07-24,push,us
u_003216,2026-07-24,push,us
u_003217,2026-07-24,push,us
u_003218,2026-07-24,push,eu
u_003219,2026-07-24,push,us
u_003220,2026-07-24,push,us
u_003221,2026-07-24,push,eu
u_003222,2026-07-24,push,eu
u_003223,2026-07-24,push,in
u_003224,2026-07-24,,us
u_003225,2026-07-24,push,us
u_003226,2026-07-24,push,in
u_003227,2026-07-24,push,us
u_003228,2026-07-24,push,us
u_003229,2026-07-24,push,us
u_003230,2026-07-24,push,us
u_003231,2026-07-24,push,us
u_003232,2026-07-24,push,us
u_003233,2026-07-24,push,us
u_003234,2026-07-24,push,eu
u_003235,2026-07-24,push,us
u_003236,2026-07-24,push,in
u_003237,2026-07-24,email,us
u_003238,2026-07-24,email,eu
u_003239,2026-07-24,email,us
u_003240,2026-07-24,email,eu
u_003241,2026-07-24,email,us
u_003242,2026-07-24,email,us
u_003243,2026-07-24,email,us
u_003244,2026-07-24,email,us
u_003245,2026-07-24,email,us
u_003246,2026-07-24,email,in
u_003247,2026-07-24,email,us
u_003248,2026-07-24,email,us
u_003249,2026-07-24,email,us
u_003250,2026-07-24,,in
u_003251,2026-07-24,email,us
u_003252,2026-07-24,email,us
u_003253,2026-07-24,email,us
u_003254,2026-07-24,email,us
u_003255,2026-07-24,email,us
u_003256,2026-07-24,email,eu
u_003257,2026-07-24,,eu
u_003258,2026-07-24,,in
u_003259,2026-07-24,,us
u_003260,2026-07-24,,eu
u_003261,2026-07-24,referral,in
u_003262,2026-07-24,,in
u_003263,2026-07-24,,in
u_003264,2026-07-24,,us
u_003265,2026-07-24,,eu
u_003266,2026-07-24,,us
u_003267,2026-07-24,,eu
u_003268,2026-07-24,,us
u_003269,2026-07-24,,in
u_003270,2026-07-24,,eu
u_003271,2026-07-24,,in
u_003272,2026-07-24,referral,us
u_003273,2026-07-24,,us
u_003274,2026-07-24,,us
u_003275,2026-07-24,,us
u_003276,2026-07-24,,us
u_003277,2026-07-25,organic,us
u_003278,2026-07-25,organic,us
u_003279,2026-07-25,organic,us
u_003280,2026-07-25,organic,eu
u_003281,2026-07-25,organic,us
u_003282,2026-07-25,organic,us
u_003283,2026-07-25,organic,in
u_003284,2026-07-25,organic,in
u_003285,2026-07-25,organic,us
u_003286,2026-07-25,organic,in
u_003287,2026-07-25,organic,us
u_003288,2026-07-25,organic,eu
u_003289,2026-07-25,organic,eu
u_003290,2026-07-25,organic,us
u_003291,2026-07-25,organic,in
u_003292,2026-07-25,organic,in
u_003293,2026-07-25,organic,us
u_003294,2026-07-25,organic,us
u_003295,2026-07-25,organic,eu
u_003296,2026-07-25,organic,us
u_003297,2026-07-25,organic,us
u_003298,2026-07-25,organic,eu
u_003299,2026-07-25,organic,eu
u_003300,2026-07-25,organic,eu
u_003301,2026-07-25,organic,us
u_003302,2026-07-25,organic,eu
u_003303,2026-07-25,organic,us
u_003304,2026-07-25,organic,in
u_003305,2026-07-25,organic,us
u_003306,2026-07-25,paid_search,us
u_003307,2026-07-25,paid_search,us
u_003308,2026-07-25,paid_search,us
u_003309,2026-07-25,paid_search,us
u_003310,2026-07-25,paid_search,us
u_003311,2026-07-25,paid_search,in
u_003312,2026-07-25,paid_search,us
u_003313,2026-07-25,paid_search,in
u_003314,2026-07-25,paid_search,us
u_003315,2026-07-25,paid_search,us
u_003316,2026-07-25,paid_search,in
u_003317,2026-07-25,paid_search,eu
u_003318,2026-07-25,paid_search,eu
u_003319,2026-07-25,paid_search,eu
u_003320,2026-07-25,paid_search,us
u_003321,2026-07-25,paid_search,eu
u_003322,2026-07-25,paid_search,us
u_003323,2026-07-25,paid_search,eu
u_003324,2026-07-25,paid_search,in
u_003325,2026-07-25,push,eu
u_003326,2026-07-25,push,us
u_003327,2026-07-25,push,us
u_003328,2026-07-25,push,us
u_003329,2026-07-25,push,us
u_003330,2026-07-25,push,us
u_003331,2026-07-25,push,us
u_003332,2026-07-25,push,us
u_003333,2026-07-25,push,eu
u_003334,2026-07-25,push,us
u_003335,2026-07-25,push,us
u_003336,2026-07-25,push,us
u_003337,2026-07-25,push,us
u_003338,2026-07-25,push,us
u_003339,2026-07-25,push,us
u_003340,2026-07-25,push,in
u_003341,2026-07-25,push,in
u_003342,2026-07-25,push,eu
u_003343,2026-07-25,push,us
u_003344,2026-07-25,email,us
u_003345,2026-07-25,email,us
u_003346,2026-07-25,email,us
u_003347,2026-07-25,email,eu
u_003348,2026-07-25,email,us
u_003349,2026-07-25,email,us
u_003350,2026-07-25,email,in
u_003351,2026-07-25,email,us
u_003352,2026-07-25,email,in
u_003353,2026-07-25,email,in
u_003354,2026-07-25,email,us
u_003355,2026-07-25,email,us
u_003356,2026-07-25,email,us
u_003357,2026-07-25,email,in
u_003358,2026-07-25,,in
u_003359,2026-07-25,,us
u_003360,2026-07-25,,us
u_003361,2026-07-25,referral,in
u_003362,2026-07-25,,in
u_003363,2026-07-25,,in
u_003364,2026-07-25,,us
u_003365,2026-07-25,,us
u_003366,2026-07-25,referral,in
u_003367,2026-07-25,,us
u_003368,2026-07-25,,eu
u_003369,2026-07-25,,eu
u_003370,2026-07-25,,us
u_003371,2026-07-25,referral,us
u_003372,2026-07-26,organic,us
u_003373,2026-07-26,organic,us
u_003374,2026-07-26,organic,us
u_003375,2026-07-26,organic,us
u_003376,2026-07-26,organic,us
u_003377,2026-07-26,organic,us
u_003378,2026-07-26,organic,in
u_003379,2026-07-26,organic,us
u_003380,2026-07-26,organic,us
u_003381,2026-07-26,organic,us
u_003382,2026-07-26,organic,us
u_003383,2026-07-26,organic,in
u_003384,2026-07-26,organic,us
u_003385,2026-07-26,organic,us
u_003386,2026-07-26,organic,us
u_003387,2026-07-26,organic,us
u_003388,2026-07-26,organic,us
u_003389,2026-07-26,organic,in
u_003390,2026-07-26,organic,us
u_003391,2026-07-26,organic,eu
u_003392,2026-07-26,organic,in
u_003393,2026-07-26,organic,eu
u_003394,2026-07-26,organic,us
u_003395,2026-07-26,organic,us
u_003396,2026-07-26,organic,us
u_003397,2026-07-26,organic,us
u_003398,2026-07-26,organic,in
u_003399,2026-07-26,organic,us
u_003400,2026-07-26,organic,in
u_003401,2026-07-26,organic,us
u_003402,2026-07-26,organic,eu
u_003403,2026-07-26,organic,eu
u_003404,2026-07-26,paid_search,us
u_003405,2026-07-26,paid_search,in
u_003406,2026-07-26,paid_search,us
u_003407,2026-07-26,paid_search,us
u_003408,2026-07-26,paid_search,us
u_003409,2026-07-26,paid_search,in
u_003410,2026-07-26,paid_search,us
u_003411,2026-07-26,paid_search,us
u_003412,2026-07-26,,eu
u_003413,2026-07-26,paid_search,eu
u_003414,2026-07-26,paid_search,in
u_003415,2026-07-26,paid_search,eu
u_003416,2026-07-26,paid_search,us
u_003417,2026-07-26,paid_search,in
u_003418,2026-07-26,paid_search,us
u_003419,2026-07-26,paid_search,eu
u_003420,2026-07-26,paid_search,in
u_003421,2026-07-26,paid_search,us
u_003422,2026-07-26,paid_search,us
u_003423,2026-07-26,paid_search,eu
u_003424,2026-07-26,paid_search,us
u_003425,2026-07-26,push,eu
u_003426,2026-07-26,push,eu
u_003427,2026-07-26,push,in
u_003428,2026-07-26,push,in
u_003429,2026-07-26,push,in
u_003430,2026-07-26,push,us
u_003431,2026-07-26,push,us
u_003432,2026-07-26,push,in
u_003433,2026-07-26,push,us
u_003434,2026-07-26,push,us
u_003435,2026-07-26,push,us
u_003436,2026-07-26,push,us
u_003437,2026-07-26,push,eu
u_003438,2026-07-26,push,us
u_003439,2026-07-26,push,in
u_003440,2026-07-26,push,in
u_003441,2026-07-26,push,us
u_003442,2026-07-26,push,us
u_003443,2026-07-26,push,us
u_003444,2026-07-26,push,eu
u_003445,2026-07-26,push,in
u_003446,2026-07-26,email,us
u_003447,2026-07-26,email,in
u_003448,2026-07-26,email,us
u_003449,2026-07-26,email,us
u_003450,2026-07-26,email,us
u_003451,2026-07-26,email,us
u_003452,2026-07-26,email,us
u_003453,2026-07-26,email,us
u_003454,2026-07-26,email,us
u_003455,2026-07-26,email,eu
u_003456,2026-07-26,email,us
u_003457,2026-07-26,email,eu
u_003458,2026-07-26,email,us
u_003459,2026-07-26,email,eu
u_003460,2026-07-26,email,eu
u_003461,2026-07-26,email,us
u_003462,2026-07-26,,us
u_003463,2026-07-26,,us
u_003464,2026-07-26,referral,us
u_003465,2026-07-26,,in
u_003466,2026-07-26,,in
u_003467,2026-07-26,,us
u_003468,2026-07-26,,eu
u_003469,2026-07-26,,us
u_003470,2026-07-26,,in
u_003471,2026-07-26,,us
u_003472,2026-07-26,,us
u_003473,2026-07-26,referral,eu
u_003474,2026-07-26,,us
u_003475,2026-07-26,,in
u_003476,2026-07-26,referral,us
u_003477,2026-07-26,,us
